location_id,state_ut,district,Disease,year,week,Cases,preci,LAI,Temp,Latitude,Longitude
Andhra Pradesh_Anantapur_Acute Diarrhoeal Disease,Andhra Pradesh,Anantapur,Acute Diarrhoeal Disease,2011,25,46,0.02771473402,9.0,307.82,14.6546235,77.55625984
Andhra Pradesh_Anantapur_Acute Diarrhoeal Disease,Andhra Pradesh,Anantapur,Acute Diarrhoeal Disease,2011,26,82,0.02771473402,9.0,307.82,14.6546235,77.55625984
Andhra Pradesh_Anantapur_Acute Diarrhoeal Disease,Andhra Pradesh,Anantapur,Acute Diarrhoeal Disease,2011,35,25,0.2521427967,7.0,303.11,14.6546235,77.55625984
Andhra Pradesh_Anantapur_Acute Diarrhoeal Disease,Andhra Pradesh,Anantapur,Acute Diarrhoeal Disease,2012,21,25,0.08289797767,3.0,312.8,14.6546235,77.55625984
Andhra Pradesh_Anantapur_Acute Diarrhoeal Disease,Andhra Pradesh,Anantapur,Acute Diarrhoeal Disease,2013,23,59,0.1960967701,2.0,303.11,14.6546235,77.55625984
Andhra Pradesh_Anantapur_Acute Diarrhoeal Disease,Andhra Pradesh,Anantapur,Acute Diarrhoeal Disease,2013,32,34,0.03424359017,9.0,308.62,14.6546235,77.55625984
Andhra Pradesh_Anantapur_Acute Diarrhoeal Disease,Andhra Pradesh,Anantapur,Acute Diarrhoeal Disease,2014,26,12,0.00685651061,3.0,307.90500000000003,14.6546235,77.55625984
Andhra Pradesh_Anantapur_Acute Diarrhoeal Disease,Andhra Pradesh,Anantapur,Acute Diarrhoeal Disease,2015,25,71,0.1592405045,5.0,313.15000000000003,14.6546235,77.55625984
Andhra Pradesh_Anantapur_Acute Diarrhoeal Disease,Andhra Pradesh,Anantapur,Acute Diarrhoeal Disease,2016,22,11,0.09720540554,4.0,312.5,14.6546235,77.55625984
Andhra Pradesh_Anantapur_Acute Diarrhoeal Disease,Andhra Pradesh,Anantapur,Acute Diarrhoeal Disease,2021,8,30,3.87e-05,9.0,313.216,14.6546235,77.55625984
Andhra Pradesh_Anantapur_Acute Diarrhoeal Disease,Andhra Pradesh,Anantapur,Acute Diarrhoeal Disease,2021,9,30,3.87e-05,9.0,313.216,14.6546235,77.55625984
Andhra Pradesh_Chittoor_Acute Diarrhoeal Disease,Andhra Pradesh,Chittoor,Acute Diarrhoeal Disease,2010,15,14,0.05093987381,7.0,310.872,13.1601048,79.15555062
Andhra Pradesh_Chittoor_Acute Diarrhoeal Disease,Andhra Pradesh,Chittoor,Acute Diarrhoeal Disease,2010,18,30,0.007357521231,7.0,309.85200000000003,13.1601048,79.15555062
Andhra Pradesh_Chittoor_Acute Diarrhoeal Disease,Andhra Pradesh,Chittoor,Acute Diarrhoeal Disease,2010,20,37,0.00232359264,9.0,310.656,13.1601048,79.15555062
Andhra Pradesh_Chittoor_Acute Diarrhoeal Disease,Andhra Pradesh,Chittoor,Acute Diarrhoeal Disease,2010,21,44,0.03387587434,11.0,309.925,13.1601048,79.15555062
Andhra Pradesh_Chittoor_Acute Diarrhoeal Disease,Andhra Pradesh,Chittoor,Acute Diarrhoeal Disease,2010,25,25,0.41110525789999997,10.0,303.975,13.1601048,79.15555062
Andhra Pradesh_Chittoor_Acute Diarrhoeal Disease,Andhra Pradesh,Chittoor,Acute Diarrhoeal Disease,2010,32,9,0.0265531894,9.0,301.38,13.1601048,79.15555062
Andhra Pradesh_Chittoor_Acute Diarrhoeal Disease,Andhra Pradesh,Chittoor,Acute Diarrhoeal Disease,2010,47,12,0.9832204595,13.0,298.865,13.1601048,79.15555062
Andhra Pradesh_Chittoor_Acute Diarrhoeal Disease,Andhra Pradesh,Chittoor,Acute Diarrhoeal Disease,2010,50,12,0.3034626315,13.0,299.42,13.1601048,79.15555062
Andhra Pradesh_Chittoor_Acute Diarrhoeal Disease,Andhra Pradesh,Chittoor,Acute Diarrhoeal Disease,2011,26,51,0.02659007207,9.0,307.488,13.1601048,79.15555062
Andhra Pradesh_Chittoor_Acute Diarrhoeal Disease,Andhra Pradesh,Chittoor,Acute Diarrhoeal Disease,2011,44,45,0.72651644,17.0,303.11,13.1601048,79.15555062
Andhra Pradesh_Chittoor_Acute Diarrhoeal Disease,Andhra Pradesh,Chittoor,Acute Diarrhoeal Disease,2011,47,43,0.03873107415,9.0,299.90000000000003,13.1601048,79.15555062
Andhra Pradesh_Chittoor_Acute Diarrhoeal Disease,Andhra Pradesh,Chittoor,Acute Diarrhoeal Disease,2012,24,21,0.08453240705,9.0,311.296,13.1601048,79.15555062
Andhra Pradesh_Chittoor_Acute Diarrhoeal Disease,Andhra Pradesh,Chittoor,Acute Diarrhoeal Disease,2012,26,24,0.1251162156,11.0,309.0266666,13.1601048,79.15555062
Andhra Pradesh_Chittoor_Acute Diarrhoeal Disease,Andhra Pradesh,Chittoor,Acute Diarrhoeal Disease,2012,37,70,0.1577177859,10.0,304.78000000000003,13.1601048,79.15555062
Andhra Pradesh_Chittoor_Acute Diarrhoeal Disease,Andhra Pradesh,Chittoor,Acute Diarrhoeal Disease,2013,7,82,0.005553353091,8.0,304.9666666,13.1601048,79.15555062
Andhra Pradesh_Chittoor_Acute Diarrhoeal Disease,Andhra Pradesh,Chittoor,Acute Diarrhoeal Disease,2013,8,29,0.0006336637921,9.0,303.3566666,13.1601048,79.15555062
Andhra Pradesh_Chittoor_Acute Diarrhoeal Disease,Andhra Pradesh,Chittoor,Acute Diarrhoeal Disease,2013,12,21,0.0009203180385,9.0,307.88,13.1601048,79.15555062
Andhra Pradesh_Chittoor_Acute Diarrhoeal Disease,Andhra Pradesh,Chittoor,Acute Diarrhoeal Disease,2013,16,16,0.007145038897,8.0,313.072,13.1601048,79.15555062
Andhra Pradesh_Chittoor_Acute Diarrhoeal Disease,Andhra Pradesh,Chittoor,Acute Diarrhoeal Disease,2013,18,44,0.002548878307,7.0,311.956,13.1601048,79.15555062
Andhra Pradesh_Chittoor_Acute Diarrhoeal Disease,Andhra Pradesh,Chittoor,Acute Diarrhoeal Disease,2013,47,15,0.294202793,15.0,300.62,13.1601048,79.15555062
Andhra Pradesh_Chittoor_Acute Diarrhoeal Disease,Andhra Pradesh,Chittoor,Acute Diarrhoeal Disease,2014,25,19,0.1034736358,13.0,309.17,13.1601048,79.15555062
Andhra Pradesh_Chittoor_Acute Diarrhoeal Disease,Andhra Pradesh,Chittoor,Acute Diarrhoeal Disease,2014,31,14,0.03713151105,8.0,304.98,13.1601048,79.15555062
Andhra Pradesh_Chittoor_Acute Diarrhoeal Disease,Andhra Pradesh,Chittoor,Acute Diarrhoeal Disease,2014,49,22,0.001506591047,14.0,297.495,13.1601048,79.15555062
Andhra Pradesh_Chittoor_Acute Diarrhoeal Disease,Andhra Pradesh,Chittoor,Acute Diarrhoeal Disease,2015,15,100,0.0049414322225,8.0,312.029,13.1601048,79.15555062
Andhra Pradesh_Chittoor_Acute Diarrhoeal Disease,Andhra Pradesh,Chittoor,Acute Diarrhoeal Disease,2015,20,23,0.02483848363,6.0,308.93,13.1601048,79.15555062
Andhra Pradesh_Chittoor_Acute Diarrhoeal Disease,Andhra Pradesh,Chittoor,Acute Diarrhoeal Disease,2015,22,16,0.1061365377,13.0,309.49,13.1601048,79.15555062
Andhra Pradesh_Chittoor_Acute Diarrhoeal Disease,Andhra Pradesh,Chittoor,Acute Diarrhoeal Disease,2015,23,16,0.1061365377,13.0,309.49,13.1601048,79.15555062
Andhra Pradesh_Chittoor_Acute Diarrhoeal Disease,Andhra Pradesh,Chittoor,Acute Diarrhoeal Disease,2015,25,55,0.48945949,14.0,306.42,13.1601048,79.15555062
Andhra Pradesh_Chittoor_Acute Diarrhoeal Disease,Andhra Pradesh,Chittoor,Acute Diarrhoeal Disease,2016,4,52,0.05755587459,11.0,302.264,13.1601048,79.15555062
Andhra Pradesh_Chittoor_Acute Diarrhoeal Disease,Andhra Pradesh,Chittoor,Acute Diarrhoeal Disease,2016,26,75,0.4517175858,13.0,302.2,13.1601048,79.15555062
Andhra Pradesh_Chittoor_Acute Diarrhoeal Disease,Andhra Pradesh,Chittoor,Acute Diarrhoeal Disease,2016,31,11,0.8138324845,15.0,304.45,13.1601048,79.15555062
Andhra Pradesh_Chittoor_Acute Diarrhoeal Disease,Andhra Pradesh,Chittoor,Acute Diarrhoeal Disease,2016,32,32,0.001476693637,17.0,299.24666659999997,13.1601048,79.15555062
Andhra Pradesh_Chittoor_Acute Diarrhoeal Disease,Andhra Pradesh,Chittoor,Acute Diarrhoeal Disease,2016,41,12,0.2775444993,9.0,302.16,13.1601048,79.15555062
Andhra Pradesh_Chittoor_Acute Diarrhoeal Disease,Andhra Pradesh,Chittoor,Acute Diarrhoeal Disease,2018,7,42,0.09335975988,11.0,304.23,13.1601048,79.15555062
Andhra Pradesh_Chittoor_Acute Diarrhoeal Disease,Andhra Pradesh,Chittoor,Acute Diarrhoeal Disease,2019,25,35,0.01858787331,8.0,310.12,13.1601048,79.15555062
Andhra Pradesh_East Godavari_Acute Diarrhoeal Disease,Andhra Pradesh,East Godavari,Acute Diarrhoeal Disease,2010,6,25,0.008943070151,13.0,300.535,16.99842865,81.71561488
Andhra Pradesh_East Godavari_Acute Diarrhoeal Disease,Andhra Pradesh,East Godavari,Acute Diarrhoeal Disease,2011,41,55,0.01923500463,18.0,304.14,16.99842865,81.71561488
Andhra Pradesh_East Godavari_Acute Diarrhoeal Disease,Andhra Pradesh,East Godavari,Acute Diarrhoeal Disease,2012,28,41,0.8395909477,13.0,305.8,16.99842865,81.71561488
Andhra Pradesh_East Godavari_Acute Diarrhoeal Disease,Andhra Pradesh,East Godavari,Acute Diarrhoeal Disease,2012,45,224,1.285813591,19.0,299.28000000000003,16.99842865,81.71561488
Andhra Pradesh_East Godavari_Acute Diarrhoeal Disease,Andhra Pradesh,East Godavari,Acute Diarrhoeal Disease,2013,16,30,0.0006611923121,10.0,307.216,16.99842865,81.71561488
Andhra Pradesh_East Godavari_Acute Diarrhoeal Disease,Andhra Pradesh,East Godavari,Acute Diarrhoeal Disease,2014,31,110,1.741450456,7.0,300.55,16.99842865,81.71561488
Andhra Pradesh_East Godavari_Acute Diarrhoeal Disease,Andhra Pradesh,East Godavari,Acute Diarrhoeal Disease,2015,28,29,0.1025574804,16.0,302.88,16.99842865,81.71561488
Andhra Pradesh_East Godavari_Acute Diarrhoeal Disease,Andhra Pradesh,East Godavari,Acute Diarrhoeal Disease,2015,41,182,0.7861790594,9.0,301.65500000000003,16.99842865,81.71561488
Andhra Pradesh_East Godavari_Acute Diarrhoeal Disease,Andhra Pradesh,East Godavari,Acute Diarrhoeal Disease,2016,10,10,0.03940526049,12.0,301.7333334,16.99842865,81.71561488
Andhra Pradesh_East Godavari_Acute Diarrhoeal Disease,Andhra Pradesh,East Godavari,Acute Diarrhoeal Disease,2016,31,14,1.40035154,9.0,303.11,16.99842865,81.71561488
Andhra Pradesh_East Godavari_Acute Diarrhoeal Disease,Andhra Pradesh,East Godavari,Acute Diarrhoeal Disease,2017,1,15,0.0002294354551,25.0,300.392,16.99842865,81.71561488
Andhra Pradesh_East Godavari_Acute Diarrhoeal Disease,Andhra Pradesh,East Godavari,Acute Diarrhoeal Disease,2017,36,24,0.3244615379,20.0,300.93,16.99842865,81.71561488
Andhra Pradesh_East Godavari_Acute Diarrhoeal Disease,Andhra Pradesh,East Godavari,Acute Diarrhoeal Disease,2017,41,67,0.5780676133,17.0,298.09000000000003,16.99842865,81.71561488
Andhra Pradesh_East Godavari_Acute Diarrhoeal Disease,Andhra Pradesh,East Godavari,Acute Diarrhoeal Disease,2018,6,9,3.28e-05,16.0,302.7833334,16.99842865,81.71561488
Andhra Pradesh_Guntur_Acute Diarrhoeal Disease,Andhra Pradesh,Guntur,Acute Diarrhoeal Disease,2010,19,45,0.008228921511,9.0,310.272,16.2915189,80.4541588
Andhra Pradesh_Guntur_Acute Diarrhoeal Disease,Andhra Pradesh,Guntur,Acute Diarrhoeal Disease,2018,5,7,0.004933707398,9.0,304.376,16.2915189,80.4541588
Andhra Pradesh_Guntur_Acute Diarrhoeal Disease,Andhra Pradesh,Guntur,Acute Diarrhoeal Disease,2018,9,168,8.66e-05,8.0,311.956,16.2915189,80.4541588
Andhra Pradesh_Guntur_Acute Diarrhoeal Disease,Andhra Pradesh,Guntur,Acute Diarrhoeal Disease,2018,10,1987,6.73e-05,9.0,311.896,16.2915189,80.4541588
Andhra Pradesh_Guntur_Acute Diarrhoeal Disease,Andhra Pradesh,Guntur,Acute Diarrhoeal Disease,2018,13,21,0.009486840579,9.0,311.656,16.2915189,80.4541588
Andhra Pradesh_Guntur_Acute Diarrhoeal Disease,Andhra Pradesh,Guntur,Acute Diarrhoeal Disease,2018,15,19,0.01110698313,7.0,311.4833334,16.2915189,80.4541588
Andhra Pradesh_Guntur_Acute Diarrhoeal Disease,Andhra Pradesh,Guntur,Acute Diarrhoeal Disease,2018,23,35,0.01701078316,9.0,312.0733334,16.2915189,80.4541588
Andhra Pradesh_Guntur_Acute Diarrhoeal Disease,Andhra Pradesh,Guntur,Acute Diarrhoeal Disease,2018,24,53,0.1407849073,5.0,307.76,16.2915189,80.4541588
Andhra Pradesh_Guntur_Acute Diarrhoeal Disease,Andhra Pradesh,Guntur,Acute Diarrhoeal Disease,2019,20,23,0.006561507979,5.0,315.024,16.2915189,80.4541588
Andhra Pradesh_Guntur_Acute Diarrhoeal Disease,Andhra Pradesh,Guntur,Acute Diarrhoeal Disease,2019,39,38,1.075276598,9.0,303.1266666,16.2915189,80.4541588
Andhra Pradesh_Kadapa_Acute Diarrhoeal Disease,Andhra Pradesh,Kadapa,Acute Diarrhoeal Disease,2009,25,39,0.05305104678,8.0,310.14,14.4752936,78.8216861
Andhra Pradesh_Kadapa_Acute Diarrhoeal Disease,Andhra Pradesh,Kadapa,Acute Diarrhoeal Disease,2009,27,18,0.1197721186,9.0,310.12,14.4752936,78.8216861
Andhra Pradesh_Kadapa_Acute Diarrhoeal Disease,Andhra Pradesh,Kadapa,Acute Diarrhoeal Disease,2009,28,50,0.2257715142,9.0,308.84000000000003,14.4752936,78.8216861
Andhra Pradesh_Kadapa_Acute Diarrhoeal Disease,Andhra Pradesh,Kadapa,Acute Diarrhoeal Disease,2009,51,65,0.007220750371,9.0,302.14,14.4752936,78.8216861
Andhra Pradesh_Kadapa_Acute Diarrhoeal Disease,Andhra Pradesh,Kadapa,Acute Diarrhoeal Disease,2010,19,17,0.01198671829,5.0,314.276,14.4752936,78.8216861
Andhra Pradesh_Kadapa_Acute Diarrhoeal Disease,Andhra Pradesh,Kadapa,Acute Diarrhoeal Disease,2010,20,18,0.01198671829,5.0,314.276,14.4752936,78.8216861
Andhra Pradesh_Kadapa_Acute Diarrhoeal Disease,Andhra Pradesh,Kadapa,Acute Diarrhoeal Disease,2010,21,42,0.02307777675,6.0,316.3933334,14.4752936,78.8216861
Andhra Pradesh_Kadapa_Acute Diarrhoeal Disease,Andhra Pradesh,Kadapa,Acute Diarrhoeal Disease,2010,24,39,0.09689869443,6.0,313.3533334,14.4752936,78.8216861
Andhra Pradesh_Kadapa_Acute Diarrhoeal Disease,Andhra Pradesh,Kadapa,Acute Diarrhoeal Disease,2010,25,153,0.96984204285,8.0,306.245,14.4752936,78.8216861
Andhra Pradesh_Kadapa_Acute Diarrhoeal Disease,Andhra Pradesh,Kadapa,Acute Diarrhoeal Disease,2010,26,20,0.1611383373,9.0,307.40000000000003,14.4752936,78.8216861
Andhra Pradesh_Kadapa_Acute Diarrhoeal Disease,Andhra Pradesh,Kadapa,Acute Diarrhoeal Disease,2010,27,85,0.167888194885,9.0,308.40000000000003,14.4752936,78.8216861
Andhra Pradesh_Kadapa_Acute Diarrhoeal Disease,Andhra Pradesh,Kadapa,Acute Diarrhoeal Disease,2010,31,37,0.41130478,10.0,303.11,14.4752936,78.8216861
Andhra Pradesh_Kadapa_Acute Diarrhoeal Disease,Andhra Pradesh,Kadapa,Acute Diarrhoeal Disease,2010,33,53,0.41130478,10.0,303.11,14.4752936,78.8216861
Andhra Pradesh_Kadapa_Acute Diarrhoeal Disease,Andhra Pradesh,Kadapa,Acute Diarrhoeal Disease,2010,34,17,0.2070281499,9.0,308.40000000000003,14.4752936,78.8216861
Andhra Pradesh_Kadapa_Acute Diarrhoeal Disease,Andhra Pradesh,Kadapa,Acute Diarrhoeal Disease,2011,21,32,0.03010703838,8.0,312.096,14.4752936,78.8216861
Andhra Pradesh_Kadapa_Acute Diarrhoeal Disease,Andhra Pradesh,Kadapa,Acute Diarrhoeal Disease,2011,22,42,0.2414661965,7.0,310.4533334,14.4752936,78.8216861
Andhra Pradesh_Kadapa_Acute Diarrhoeal Disease,Andhra Pradesh,Kadapa,Acute Diarrhoeal Disease,2011,28,10,0.1299988478,5.0,308.85,14.4752936,78.8216861
Andhra Pradesh_Kadapa_Acute Diarrhoeal Disease,Andhra Pradesh,Kadapa,Acute Diarrhoeal Disease,2011,29,10,0.1299988478,5.0,308.85,14.4752936,78.8216861
Andhra Pradesh_Kadapa_Acute Diarrhoeal Disease,Andhra Pradesh,Kadapa,Acute Diarrhoeal Disease,2011,43,46,0.0062061692815,12.5,306.505,14.4752936,78.8216861
Andhra Pradesh_Kadapa_Acute Diarrhoeal Disease,Andhra Pradesh,Kadapa,Acute Diarrhoeal Disease,2012,21,42,0.1016562317,9.0,314.0666666,14.4752936,78.8216861
Andhra Pradesh_Kadapa_Acute Diarrhoeal Disease,Andhra Pradesh,Kadapa,Acute Diarrhoeal Disease,2012,49,31,0.4699738272,14.0,304.37,14.4752936,78.8216861
Andhra Pradesh_Kadapa_Acute Diarrhoeal Disease,Andhra Pradesh,Kadapa,Acute Diarrhoeal Disease,2012,50,25,0.3962220285,9.0,302.7133334,14.4752936,78.8216861
Andhra Pradesh_Kadapa_Acute Diarrhoeal Disease,Andhra Pradesh,Kadapa,Acute Diarrhoeal Disease,2013,26,48,0.08256184296,6.0,309.6,14.4752936,78.8216861
Andhra Pradesh_Kadapa_Acute Diarrhoeal Disease,Andhra Pradesh,Kadapa,Acute Diarrhoeal Disease,2015,28,101,0.009533108693,7.0,307.27,14.4752936,78.8216861
Andhra Pradesh_Kadapa_Acute Diarrhoeal Disease,Andhra Pradesh,Kadapa,Acute Diarrhoeal Disease,2015,34,35,0.3022869686,4.0,312.68,14.4752936,78.8216861
Andhra Pradesh_Kadapa_Acute Diarrhoeal Disease,Andhra Pradesh,Kadapa,Acute Diarrhoeal Disease,2015,35,23,0.1314551927,4.0,305.06,14.4752936,78.8216861
Andhra Pradesh_Kadapa_Acute Diarrhoeal Disease,Andhra Pradesh,Kadapa,Acute Diarrhoeal Disease,2016,24,14,0.296688057,6.0,309.54,14.4752936,78.8216861
Andhra Pradesh_Kadapa_Acute Diarrhoeal Disease,Andhra Pradesh,Kadapa,Acute Diarrhoeal Disease,2016,28,42,0.1040768561,9.0,301.12,14.4752936,78.8216861
Andhra Pradesh_Kadapa_Acute Diarrhoeal Disease,Andhra Pradesh,Kadapa,Acute Diarrhoeal Disease,2017,14,48,0.001862683483,9.0,313.704,14.4752936,78.8216861
Andhra Pradesh_Kadapa_Acute Diarrhoeal Disease,Andhra Pradesh,Kadapa,Acute Diarrhoeal Disease,2017,21,62,0.03940527194,6.0,315.5733334,14.4752936,78.8216861
Andhra Pradesh_Kadapa_Acute Diarrhoeal Disease,Andhra Pradesh,Kadapa,Acute Diarrhoeal Disease,2019,27,282,0.2276109761,3.0,313.94,14.4752936,78.8216861
Andhra Pradesh_Krishna_Acute Diarrhoeal Disease,Andhra Pradesh,Krishna,Acute Diarrhoeal Disease,2010,14,19,0.000686087432,11.0,305.53200000000004,16.21399145,81.02572814
Andhra Pradesh_Krishna_Acute Diarrhoeal Disease,Andhra Pradesh,Krishna,Acute Diarrhoeal Disease,2011,9,132,0.2278476707,15.0,300.628,16.21399145,81.02572814
Andhra Pradesh_Krishna_Acute Diarrhoeal Disease,Andhra Pradesh,Krishna,Acute Diarrhoeal Disease,2011,17,106,0.5415081107,7.0,307.94,16.21399145,81.02572814
Andhra Pradesh_Krishna_Acute Diarrhoeal Disease,Andhra Pradesh,Krishna,Acute Diarrhoeal Disease,2011,51,48,0.03798657977,9.0,302.336,16.21399145,81.02572814
Andhra Pradesh_Krishna_Acute Diarrhoeal Disease,Andhra Pradesh,Krishna,Acute Diarrhoeal Disease,2013,16,102,0.009029195966,7.0,310.368,16.21399145,81.02572814
Andhra Pradesh_Krishna_Acute Diarrhoeal Disease,Andhra Pradesh,Krishna,Acute Diarrhoeal Disease,2014,13,31,7.47e-05,15.0,306.15000000000003,16.21399145,81.02572814
Andhra Pradesh_Krishna_Acute Diarrhoeal Disease,Andhra Pradesh,Krishna,Acute Diarrhoeal Disease,2014,50,25,0.0003007048705,14.0,300.37,16.21399145,81.02572814
Andhra Pradesh_Krishna_Acute Diarrhoeal Disease,Andhra Pradesh,Krishna,Acute Diarrhoeal Disease,2015,46,25,0.08084867334,9.0,301.012,16.21399145,81.02572814
Andhra Pradesh_Krishna_Acute Diarrhoeal Disease,Andhra Pradesh,Krishna,Acute Diarrhoeal Disease,2018,14,28,0.01054846624,9.0,305.64,16.21399145,81.02572814
Andhra Pradesh_Krishna_Acute Diarrhoeal Disease,Andhra Pradesh,Krishna,Acute Diarrhoeal Disease,2022,18,30,0.001602218663,7.0,308.756,16.21399145,81.02572814
Andhra Pradesh_Kurnool_Acute Diarrhoeal Disease,Andhra Pradesh,Kurnool,Acute Diarrhoeal Disease,2010,23,22,0.04048025423,9.0,314.225,15.8309251,78.0425373
Andhra Pradesh_Kurnool_Acute Diarrhoeal Disease,Andhra Pradesh,Kurnool,Acute Diarrhoeal Disease,2011,18,71,0.0430614165,7.0,312.96,15.8309251,78.0425373
Andhra Pradesh_Kurnool_Acute Diarrhoeal Disease,Andhra Pradesh,Kurnool,Acute Diarrhoeal Disease,2011,22,55,0.08862595967,6.0,314.135,15.8309251,78.0425373
Andhra Pradesh_Kurnool_Acute Diarrhoeal Disease,Andhra Pradesh,Kurnool,Acute Diarrhoeal Disease,2011,23,150,0.14388467698500002,7.5,312.5075,15.8309251,78.0425373
Andhra Pradesh_Kurnool_Acute Diarrhoeal Disease,Andhra Pradesh,Kurnool,Acute Diarrhoeal Disease,2011,25,50,0.04302627188,4.0,308.54,15.8309251,78.0425373
Andhra Pradesh_Kurnool_Acute Diarrhoeal Disease,Andhra Pradesh,Kurnool,Acute Diarrhoeal Disease,2011,26,28,0.04302627188,4.0,308.54,15.8309251,78.0425373
Andhra Pradesh_Kurnool_Acute Diarrhoeal Disease,Andhra Pradesh,Kurnool,Acute Diarrhoeal Disease,2011,27,28,0.04302627188,4.0,308.54,15.8309251,78.0425373
Andhra Pradesh_Kurnool_Acute Diarrhoeal Disease,Andhra Pradesh,Kurnool,Acute Diarrhoeal Disease,2011,28,121,0.4360617358,6.0,306.2,15.8309251,78.0425373
Andhra Pradesh_Kurnool_Acute Diarrhoeal Disease,Andhra Pradesh,Kurnool,Acute Diarrhoeal Disease,2011,30,21,0.9857051618,4.0,303.18,15.8309251,78.0425373
Andhra Pradesh_Kurnool_Acute Diarrhoeal Disease,Andhra Pradesh,Kurnool,Acute Diarrhoeal Disease,2011,31,40,0.9857051618,4.0,303.18,15.8309251,78.0425373
Andhra Pradesh_Kurnool_Acute Diarrhoeal Disease,Andhra Pradesh,Kurnool,Acute Diarrhoeal Disease,2012,35,28,0.4921974488,6.0,299.64,15.8309251,78.0425373
Andhra Pradesh_Kurnool_Acute Diarrhoeal Disease,Andhra Pradesh,Kurnool,Acute Diarrhoeal Disease,2012,39,18,0.008389028539,15.0,307.41,15.8309251,78.0425373
Andhra Pradesh_Kurnool_Acute Diarrhoeal Disease,Andhra Pradesh,Kurnool,Acute Diarrhoeal Disease,2012,41,22,0.1665819417,16.0,301.935,15.8309251,78.0425373
Andhra Pradesh_Kurnool_Acute Diarrhoeal Disease,Andhra Pradesh,Kurnool,Acute Diarrhoeal Disease,2013,29,50,0.5152907256,9.0,303.11,15.8309251,78.0425373
Andhra Pradesh_Kurnool_Acute Diarrhoeal Disease,Andhra Pradesh,Kurnool,Acute Diarrhoeal Disease,2013,30,99,0.7500775955,4.0,303.11,15.8309251,78.0425373
Andhra Pradesh_Kurnool_Acute Diarrhoeal Disease,Andhra Pradesh,Kurnool,Acute Diarrhoeal Disease,2013,47,43,0.0549546173951,12.5,302.8473333,15.8309251,78.0425373
Andhra Pradesh_Kurnool_Acute Diarrhoeal Disease,Andhra Pradesh,Kurnool,Acute Diarrhoeal Disease,2015,21,34,0.0271350511,6.0,310.176,15.8309251,78.0425373
Andhra Pradesh_Kurnool_Acute Diarrhoeal Disease,Andhra Pradesh,Kurnool,Acute Diarrhoeal Disease,2016,7,11,8.36e-05,9.0,311.1766666,15.8309251,78.0425373
Andhra Pradesh_Kurnool_Acute Diarrhoeal Disease,Andhra Pradesh,Kurnool,Acute Diarrhoeal Disease,2016,23,34,0.61201615,5.0,303.11,15.8309251,78.0425373
Andhra Pradesh_Kurnool_Acute Diarrhoeal Disease,Andhra Pradesh,Kurnool,Acute Diarrhoeal Disease,2017,19,28,0.04057648441,4.0,318.66,15.8309251,78.0425373
Andhra Pradesh_Kurnool_Acute Diarrhoeal Disease,Andhra Pradesh,Kurnool,Acute Diarrhoeal Disease,2017,22,43,0.006801795772,9.0,317.02,15.8309251,78.0425373
Andhra Pradesh_Kurnool_Acute Diarrhoeal Disease,Andhra Pradesh,Kurnool,Acute Diarrhoeal Disease,2018,8,27,7.8e-05,6.0,309.112,15.8309251,78.0425373
Andhra Pradesh_Kurnool_Acute Diarrhoeal Disease,Andhra Pradesh,Kurnool,Acute Diarrhoeal Disease,2019,16,42,0.02615758416,9.0,317.156,15.8309251,78.0425373
Andhra Pradesh_Kurnool_Acute Diarrhoeal Disease,Andhra Pradesh,Kurnool,Acute Diarrhoeal Disease,2019,43,91,0.1976218729,12.5,301.9166667,15.8309251,78.0425373
Andhra Pradesh_Kurnool_Acute Diarrhoeal Disease,Andhra Pradesh,Kurnool,Acute Diarrhoeal Disease,2019,50,60,0.009241834235,12.0,301.62,15.8309251,78.0425373
Andhra Pradesh_Kurnool_Acute Diarrhoeal Disease,Andhra Pradesh,Kurnool,Acute Diarrhoeal Disease,2021,8,24,0.007255567001,8.0,306.6,15.8309251,78.0425373
Andhra Pradesh_Kurnool_Acute Diarrhoeal Disease,Andhra Pradesh,Kurnool,Acute Diarrhoeal Disease,2021,29,41,1.222079249,6.0,300.2,15.8309251,78.0425373
Andhra Pradesh_Nellore_Acute Diarrhoeal Disease,Andhra Pradesh,Nellore,Acute Diarrhoeal Disease,2009,26,43,0.1331302201,10.0,309.73,13.4923257,79.202539
Andhra Pradesh_Nellore_Acute Diarrhoeal Disease,Andhra Pradesh,Nellore,Acute Diarrhoeal Disease,2010,41,27,0.09589897066,16.0,303.94,13.4923257,79.202539
Andhra Pradesh_Nellore_Acute Diarrhoeal Disease,Andhra Pradesh,Nellore,Acute Diarrhoeal Disease,2010,49,38,0.6782579387,15.0,299.22,13.4923257,79.202539
Andhra Pradesh_Nellore_Acute Diarrhoeal Disease,Andhra Pradesh,Nellore,Acute Diarrhoeal Disease,2011,27,96,0.19658321493,9.5,307.135,13.4923257,79.202539
Andhra Pradesh_Nellore_Acute Diarrhoeal Disease,Andhra Pradesh,Nellore,Acute Diarrhoeal Disease,2011,28,31,0.08416464069,6.0,306.9666666,13.4923257,79.202539
Andhra Pradesh_Nellore_Acute Diarrhoeal Disease,Andhra Pradesh,Nellore,Acute Diarrhoeal Disease,2012,2,10,0.1145493093,13.0,300.96500000000003,13.4923257,79.202539
Andhra Pradesh_Nellore_Acute Diarrhoeal Disease,Andhra Pradesh,Nellore,Acute Diarrhoeal Disease,2013,31,27,0.1091315018,9.0,306.68,13.4923257,79.202539
Andhra Pradesh_Nellore_Acute Diarrhoeal Disease,Andhra Pradesh,Nellore,Acute Diarrhoeal Disease,2014,2,32,0.005329409554,11.0,303.54,13.4923257,79.202539
Andhra Pradesh_Nellore_Acute Diarrhoeal Disease,Andhra Pradesh,Nellore,Acute Diarrhoeal Disease,2015,20,32,0.02226700101,5.0,309.90000000000003,13.4923257,79.202539
Andhra Pradesh_Nellore_Acute Diarrhoeal Disease,Andhra Pradesh,Nellore,Acute Diarrhoeal Disease,2015,43,48,0.5927571458,9.0,304.05,13.4923257,79.202539
Andhra Pradesh_Nellore_Acute Diarrhoeal Disease,Andhra Pradesh,Nellore,Acute Diarrhoeal Disease,2015,50,14,0.9864755403,13.0,299.46,13.4923257,79.202539
Andhra Pradesh_Nellore_Acute Diarrhoeal Disease,Andhra Pradesh,Nellore,Acute Diarrhoeal Disease,2015,51,14,0.9864755403,13.0,299.46,13.4923257,79.202539
Andhra Pradesh_Nellore_Acute Diarrhoeal Disease,Andhra Pradesh,Nellore,Acute Diarrhoeal Disease,2016,21,16,0.002134173655,10.0,307.7366666,13.4923257,79.202539
Andhra Pradesh_Prakasam_Acute Diarrhoeal Disease,Andhra Pradesh,Prakasam,Acute Diarrhoeal Disease,2009,26,12,0.1312363003,9.0,314.75333340000003,15.6589741,79.47164373
Andhra Pradesh_Prakasam_Acute Diarrhoeal Disease,Andhra Pradesh,Prakasam,Acute Diarrhoeal Disease,2010,8,11,0.001624101508,8.0,307.464,15.6589741,79.47164373
Andhra Pradesh_Prakasam_Acute Diarrhoeal Disease,Andhra Pradesh,Prakasam,Acute Diarrhoeal Disease,2010,9,31,0.007760541257,9.0,308.968,15.6589741,79.47164373
Andhra Pradesh_Prakasam_Acute Diarrhoeal Disease,Andhra Pradesh,Prakasam,Acute Diarrhoeal Disease,2010,16,26,0.01063122106,6.0,315.796,15.6589741,79.47164373
Andhra Pradesh_Prakasam_Acute Diarrhoeal Disease,Andhra Pradesh,Prakasam,Acute Diarrhoeal Disease,2010,19,13,0.01731948379,9.0,312.48,15.6589741,79.47164373
Andhra Pradesh_Prakasam_Acute Diarrhoeal Disease,Andhra Pradesh,Prakasam,Acute Diarrhoeal Disease,2010,26,37,0.1133148257,9.0,310.56,15.6589741,79.47164373
Andhra Pradesh_Prakasam_Acute Diarrhoeal Disease,Andhra Pradesh,Prakasam,Acute Diarrhoeal Disease,2010,28,44,0.08708779789,12.0,303.8866666,15.6589741,79.47164373
Andhra Pradesh_Prakasam_Acute Diarrhoeal Disease,Andhra Pradesh,Prakasam,Acute Diarrhoeal Disease,2010,29,44,0.08708779789,12.0,303.8866666,15.6589741,79.47164373
Andhra Pradesh_Prakasam_Acute Diarrhoeal Disease,Andhra Pradesh,Prakasam,Acute Diarrhoeal Disease,2010,31,30,0.617833668,5.0,303.11,15.6589741,79.47164373
Andhra Pradesh_Prakasam_Acute Diarrhoeal Disease,Andhra Pradesh,Prakasam,Acute Diarrhoeal Disease,2010,44,22,0.288185725,7.0,301.48,15.6589741,79.47164373
Andhra Pradesh_Prakasam_Acute Diarrhoeal Disease,Andhra Pradesh,Prakasam,Acute Diarrhoeal Disease,2011,25,56,0.003870045437,6.0,312.76,15.6589741,79.47164373
Andhra Pradesh_Prakasam_Acute Diarrhoeal Disease,Andhra Pradesh,Prakasam,Acute Diarrhoeal Disease,2011,27,28,0.003870045437,6.0,312.76,15.6589741,79.47164373
Andhra Pradesh_Prakasam_Acute Diarrhoeal Disease,Andhra Pradesh,Prakasam,Acute Diarrhoeal Disease,2011,46,20,8.42e-05,11.0,306.996,15.6589741,79.47164373
Andhra Pradesh_Prakasam_Acute Diarrhoeal Disease,Andhra Pradesh,Prakasam,Acute Diarrhoeal Disease,2012,14,60,0.003033576695,5.0,313.7933334,15.6589741,79.47164373
Andhra Pradesh_Prakasam_Acute Diarrhoeal Disease,Andhra Pradesh,Prakasam,Acute Diarrhoeal Disease,2013,20,22,0.04070217453,9.0,317.0933334,15.6589741,79.47164373
Andhra Pradesh_Prakasam_Acute Diarrhoeal Disease,Andhra Pradesh,Prakasam,Acute Diarrhoeal Disease,2014,5,50,0.05612538856,7.0,300.536,15.6589741,79.47164373
Andhra Pradesh_Prakasam_Acute Diarrhoeal Disease,Andhra Pradesh,Prakasam,Acute Diarrhoeal Disease,2015,8,22,0.001088607416,9.0,309.5366666,15.6589741,79.47164373
Andhra Pradesh_Prakasam_Acute Diarrhoeal Disease,Andhra Pradesh,Prakasam,Acute Diarrhoeal Disease,2016,25,14,0.02424316593,9.0,312.02,15.6589741,79.47164373
Andhra Pradesh_Prakasam_Acute Diarrhoeal Disease,Andhra Pradesh,Prakasam,Acute Diarrhoeal Disease,2018,38,35,0.04604273553,9.0,310.05,15.6589741,79.47164373
Andhra Pradesh_Prakasam_Acute Diarrhoeal Disease,Andhra Pradesh,Prakasam,Acute Diarrhoeal Disease,2022,20,29,0.9649838386,6.0,308.24666659999997,15.6589741,79.47164373
Andhra Pradesh_Visakhapatnam_Acute Diarrhoeal Disease,Andhra Pradesh,Visakhapatnam,Acute Diarrhoeal Disease,2009,34,26,0.337273926,9.0,301.74666659999997,17.7222517,83.32670984
Andhra Pradesh_Visakhapatnam_Acute Diarrhoeal Disease,Andhra Pradesh,Visakhapatnam,Acute Diarrhoeal Disease,2010,12,36,0.0389688862,7.0,305.515,17.7222517,83.32670984
Andhra Pradesh_Visakhapatnam_Acute Diarrhoeal Disease,Andhra Pradesh,Visakhapatnam,Acute Diarrhoeal Disease,2010,43,27,0.7003195887,9.0,302.19,17.7222517,83.32670984
Andhra Pradesh_Visakhapatnam_Acute Diarrhoeal Disease,Andhra Pradesh,Visakhapatnam,Acute Diarrhoeal Disease,2010,44,56,0.9560793176,13.0,300.67,17.7222517,83.32670984
Andhra Pradesh_Visakhapatnam_Acute Diarrhoeal Disease,Andhra Pradesh,Visakhapatnam,Acute Diarrhoeal Disease,2010,45,20,2.694219773,11.0,299.53000000000003,17.7222517,83.32670984
Andhra Pradesh_Visakhapatnam_Acute Diarrhoeal Disease,Andhra Pradesh,Visakhapatnam,Acute Diarrhoeal Disease,2011,36,15,0.6172075623,9.0,303.11,17.7222517,83.32670984
Andhra Pradesh_Visakhapatnam_Acute Diarrhoeal Disease,Andhra Pradesh,Visakhapatnam,Acute Diarrhoeal Disease,2012,24,55,0.01893911243,6.0,311.15000000000003,17.7222517,83.32670984
Andhra Pradesh_Visakhapatnam_Acute Diarrhoeal Disease,Andhra Pradesh,Visakhapatnam,Acute Diarrhoeal Disease,2012,38,11,0.426829247,10.0,303.11,17.7222517,83.32670984
Andhra Pradesh_Visakhapatnam_Acute Diarrhoeal Disease,Andhra Pradesh,Visakhapatnam,Acute Diarrhoeal Disease,2012,45,55,1.458831392,13.0,305.36,17.7222517,83.32670984
Andhra Pradesh_Visakhapatnam_Acute Diarrhoeal Disease,Andhra Pradesh,Visakhapatnam,Acute Diarrhoeal Disease,2012,46,54,0.05508633867,17.0,302.05666659999997,17.7222517,83.32670984
Andhra Pradesh_Visakhapatnam_Acute Diarrhoeal Disease,Andhra Pradesh,Visakhapatnam,Acute Diarrhoeal Disease,2012,48,24,0.26920260549999997,15.0,300.72333330000004,17.7222517,83.32670984
Andhra Pradesh_Visakhapatnam_Acute Diarrhoeal Disease,Andhra Pradesh,Visakhapatnam,Acute Diarrhoeal Disease,2012,49,36,0.0004330389402,13.0,301.572,17.7222517,83.32670984
Andhra Pradesh_Visakhapatnam_Acute Diarrhoeal Disease,Andhra Pradesh,Visakhapatnam,Acute Diarrhoeal Disease,2013,23,15,0.03342050246,9.0,309.4066666,17.7222517,83.32670984
Andhra Pradesh_Visakhapatnam_Acute Diarrhoeal Disease,Andhra Pradesh,Visakhapatnam,Acute Diarrhoeal Disease,2013,43,11,2.539467278,15.0,303.11,17.7222517,83.32670984
Andhra Pradesh_Visakhapatnam_Acute Diarrhoeal Disease,Andhra Pradesh,Visakhapatnam,Acute Diarrhoeal Disease,2013,46,30,0.0005585707952,9.0,302.2633334,17.7222517,83.32670984
Andhra Pradesh_Visakhapatnam_Acute Diarrhoeal Disease,Andhra Pradesh,Visakhapatnam,Acute Diarrhoeal Disease,2014,16,14,0.003455332578,10.0,309.0733334,17.7222517,83.32670984
Andhra Pradesh_Visakhapatnam_Acute Diarrhoeal Disease,Andhra Pradesh,Visakhapatnam,Acute Diarrhoeal Disease,2015,24,15,1.090899644,5.0,306.66,17.7222517,83.32670984
Andhra Pradesh_Visakhapatnam_Acute Diarrhoeal Disease,Andhra Pradesh,Visakhapatnam,Acute Diarrhoeal Disease,2015,38,52,2.692314466,9.0,303.11,17.7222517,83.32670984
Andhra Pradesh_Visakhapatnam_Acute Diarrhoeal Disease,Andhra Pradesh,Visakhapatnam,Acute Diarrhoeal Disease,2015,43,15,0.09566008838,18.0,303.516,17.7222517,83.32670984
Andhra Pradesh_Visakhapatnam_Acute Diarrhoeal Disease,Andhra Pradesh,Visakhapatnam,Acute Diarrhoeal Disease,2016,1,20,0.00468783893,11.0,301.88,17.7222517,83.32670984
Andhra Pradesh_Visakhapatnam_Acute Diarrhoeal Disease,Andhra Pradesh,Visakhapatnam,Acute Diarrhoeal Disease,2016,21,15,1.904415471,9.0,307.67,17.7222517,83.32670984
Andhra Pradesh_Visakhapatnam_Acute Diarrhoeal Disease,Andhra Pradesh,Visakhapatnam,Acute Diarrhoeal Disease,2016,25,41,0.3516362116,15.0,304.53000000000003,17.7222517,83.32670984
Andhra Pradesh_Visakhapatnam_Acute Diarrhoeal Disease,Andhra Pradesh,Visakhapatnam,Acute Diarrhoeal Disease,2019,6,23,0.01016701059,11.0,301.456,17.7222517,83.32670984
Andhra Pradesh_Visakhapatnam_Acute Diarrhoeal Disease,Andhra Pradesh,Visakhapatnam,Acute Diarrhoeal Disease,2019,9,133,0.001563707088,9.0,308.7966666,17.7222517,83.32670984
Andhra Pradesh_Visakhapatnam_Acute Diarrhoeal Disease,Andhra Pradesh,Visakhapatnam,Acute Diarrhoeal Disease,2019,20,16,0.02533374769,9.0,308.59200000000004,17.7222517,83.32670984
Andhra Pradesh_Visakhapatnam_Acute Diarrhoeal Disease,Andhra Pradesh,Visakhapatnam,Acute Diarrhoeal Disease,2020,5,13,0.1064647785,9.0,302.745,17.7222517,83.32670984
Andhra Pradesh_Vizianagaram_Acute Diarrhoeal Disease,Andhra Pradesh,Vizianagaram,Acute Diarrhoeal Disease,2010,33,25,0.8399196414,5.0,303.04,18.1120819,83.40521962
Andhra Pradesh_Vizianagaram_Acute Diarrhoeal Disease,Andhra Pradesh,Vizianagaram,Acute Diarrhoeal Disease,2010,38,27,0.4870898599,12.0,301.32,18.1120819,83.40521962
Andhra Pradesh_Vizianagaram_Acute Diarrhoeal Disease,Andhra Pradesh,Vizianagaram,Acute Diarrhoeal Disease,2010,39,11,0.3795348406,9.0,296.62,18.1120819,83.40521962
Andhra Pradesh_Vizianagaram_Acute Diarrhoeal Disease,Andhra Pradesh,Vizianagaram,Acute Diarrhoeal Disease,2010,46,54,2.384673955,11.0,300.33,18.1120819,83.40521962
Andhra Pradesh_Vizianagaram_Acute Diarrhoeal Disease,Andhra Pradesh,Vizianagaram,Acute Diarrhoeal Disease,2011,16,22,0.2910443642,11.0,310.5,18.1120819,83.40521962
Andhra Pradesh_Vizianagaram_Acute Diarrhoeal Disease,Andhra Pradesh,Vizianagaram,Acute Diarrhoeal Disease,2012,49,52,6.98e-05,13.0,299.80666659999997,18.1120819,83.40521962
Andhra Pradesh_Vizianagaram_Acute Diarrhoeal Disease,Andhra Pradesh,Vizianagaram,Acute Diarrhoeal Disease,2012,50,167,0.00041450046486666664,10.333333333333334,302.2122222,18.1120819,83.40521962
Andhra Pradesh_Vizianagaram_Acute Diarrhoeal Disease,Andhra Pradesh,Vizianagaram,Acute Diarrhoeal Disease,2013,39,17,0.6275069675,23.0,304.19,18.1120819,83.40521962
Andhra Pradesh_Vizianagaram_Acute Diarrhoeal Disease,Andhra Pradesh,Vizianagaram,Acute Diarrhoeal Disease,2013,44,41,0.26087559,19.0,300.844,18.1120819,83.40521962
Andhra Pradesh_Vizianagaram_Acute Diarrhoeal Disease,Andhra Pradesh,Vizianagaram,Acute Diarrhoeal Disease,2013,45,14,0.004332922697,9.0,302.6366666,18.1120819,83.40521962
Andhra Pradesh_Vizianagaram_Acute Diarrhoeal Disease,Andhra Pradesh,Vizianagaram,Acute Diarrhoeal Disease,2015,31,26,0.1762899299,5.0,303.11,18.1120819,83.40521962
Andhra Pradesh_Vizianagaram_Acute Diarrhoeal Disease,Andhra Pradesh,Vizianagaram,Acute Diarrhoeal Disease,2015,40,54,0.6906381139,20.0,305.40000000000003,18.1120819,83.40521962
Andhra Pradesh_Vizianagaram_Acute Diarrhoeal Disease,Andhra Pradesh,Vizianagaram,Acute Diarrhoeal Disease,2016,25,37,0.3930712575,15.0,302.92,18.1120819,83.40521962
Andhra Pradesh_Vizianagaram_Acute Diarrhoeal Disease,Andhra Pradesh,Vizianagaram,Acute Diarrhoeal Disease,2016,27,13,2.201965047,9.0,303.11,18.1120819,83.40521962
Andhra Pradesh_Vizianagaram_Acute Diarrhoeal Disease,Andhra Pradesh,Vizianagaram,Acute Diarrhoeal Disease,2016,28,11,0.211354935,9.0,305.24,18.1120819,83.40521962
Andhra Pradesh_Vizianagaram_Acute Diarrhoeal Disease,Andhra Pradesh,Vizianagaram,Acute Diarrhoeal Disease,2016,33,14,0.2870516494,16.0,302.38,18.1120819,83.40521962
Andhra Pradesh_Vizianagaram_Acute Diarrhoeal Disease,Andhra Pradesh,Vizianagaram,Acute Diarrhoeal Disease,2016,36,37,0.6099486256,16.0,303.11,18.1120819,83.40521962
Andhra Pradesh_Vizianagaram_Acute Diarrhoeal Disease,Andhra Pradesh,Vizianagaram,Acute Diarrhoeal Disease,2019,27,14,0.1162495604,14.0,306.14,18.1120819,83.40521962
Arunachal Pradesh_East Kameng_Acute Diarrhoeal Disease,Arunachal Pradesh,East Kameng,Acute Diarrhoeal Disease,2010,28,30,3.4182755775,5.0,286.4483333,27.3,93.05
Arunachal Pradesh_East Kameng_Acute Diarrhoeal Disease,Arunachal Pradesh,East Kameng,Acute Diarrhoeal Disease,2011,10,101,0.5065819908,9.0,280.552,27.3,93.05
Arunachal Pradesh_East Kameng_Acute Diarrhoeal Disease,Arunachal Pradesh,East Kameng,Acute Diarrhoeal Disease,2011,11,121,0.5065819908,9.0,280.552,27.3,93.05
Arunachal Pradesh_East Kameng_Acute Diarrhoeal Disease,Arunachal Pradesh,East Kameng,Acute Diarrhoeal Disease,2011,21,225,0.5065819908,9.0,280.552,27.3,93.05
Arunachal Pradesh_East Kameng_Acute Diarrhoeal Disease,Arunachal Pradesh,East Kameng,Acute Diarrhoeal Disease,2011,22,239,0.5065819908,9.0,280.552,27.3,93.05
Arunachal Pradesh_East Kameng_Acute Diarrhoeal Disease,Arunachal Pradesh,East Kameng,Acute Diarrhoeal Disease,2013,5,29,0.1920768368,24.0,284.4833334,27.3,93.05
Arunachal Pradesh_East Kameng_Acute Diarrhoeal Disease,Arunachal Pradesh,East Kameng,Acute Diarrhoeal Disease,2013,7,40,0.1920768368,24.0,284.4833334,27.3,93.05
Arunachal Pradesh_East Kameng_Acute Diarrhoeal Disease,Arunachal Pradesh,East Kameng,Acute Diarrhoeal Disease,2015,46,27,1.178883881,39.0,289.1766666,27.3,93.05
Arunachal Pradesh_East Kameng_Acute Diarrhoeal Disease,Arunachal Pradesh,East Kameng,Acute Diarrhoeal Disease,2018,6,17,0.7054884658,6.0,283.676,27.3,93.05
Arunachal Pradesh_East Kameng_Acute Diarrhoeal Disease,Arunachal Pradesh,East Kameng,Acute Diarrhoeal Disease,2019,34,45,1.301433854,49.0,291.0933334,27.3,93.05
Assam_Dibrugarh_Acute Diarrhoeal Disease,Assam,Dibrugarh,Acute Diarrhoeal Disease,2010,23,4,1.901711645,2.0,289.49,27.4844597,94.9019447
Assam_Dibrugarh_Acute Diarrhoeal Disease,Assam,Dibrugarh,Acute Diarrhoeal Disease,2010,35,12,0.485282387,9.0,300.14,27.4844597,94.9019447
Assam_Dibrugarh_Acute Diarrhoeal Disease,Assam,Dibrugarh,Acute Diarrhoeal Disease,2010,49,166,0.01781948214,19.0,301.19,27.4844597,94.9019447
Assam_Dibrugarh_Acute Diarrhoeal Disease,Assam,Dibrugarh,Acute Diarrhoeal Disease,2011,23,4,1.323451787,11.0,300.05,27.4844597,94.9019447
Assam_Dibrugarh_Acute Diarrhoeal Disease,Assam,Dibrugarh,Acute Diarrhoeal Disease,2012,21,86,0.8280119688,15.0,299.212,27.4844597,94.9019447
Assam_Dibrugarh_Acute Diarrhoeal Disease,Assam,Dibrugarh,Acute Diarrhoeal Disease,2012,26,23,1.913111273,11.0,283.66,27.4844597,94.9019447
Assam_Dibrugarh_Acute Diarrhoeal Disease,Assam,Dibrugarh,Acute Diarrhoeal Disease,2012,39,67,2.309937183,2.0,303.11,27.4844597,94.9019447
Assam_Dibrugarh_Acute Diarrhoeal Disease,Assam,Dibrugarh,Acute Diarrhoeal Disease,2013,16,33,1.191392867,6.0,293.445,27.4844597,94.9019447
Assam_Dibrugarh_Acute Diarrhoeal Disease,Assam,Dibrugarh,Acute Diarrhoeal Disease,2014,23,68,0.2138732549,11.0,303.0333334,27.4844597,94.9019447
Assam_Dibrugarh_Acute Diarrhoeal Disease,Assam,Dibrugarh,Acute Diarrhoeal Disease,2014,24,68,0.2138732549,11.0,303.0333334,27.4844597,94.9019447
Assam_Dibrugarh_Acute Diarrhoeal Disease,Assam,Dibrugarh,Acute Diarrhoeal Disease,2014,46,42,0.00108423338,9.0,302.3666666,27.4844597,94.9019447
Assam_Dibrugarh_Acute Diarrhoeal Disease,Assam,Dibrugarh,Acute Diarrhoeal Disease,2015,45,28,0.06220711313,20.0,299.8933334,27.4844597,94.9019447
Assam_Dibrugarh_Acute Diarrhoeal Disease,Assam,Dibrugarh,Acute Diarrhoeal Disease,2016,7,10,0.03025554285,9.0,292.9166666,27.4844597,94.9019447
Assam_Dibrugarh_Acute Diarrhoeal Disease,Assam,Dibrugarh,Acute Diarrhoeal Disease,2017,9,21,0.0124046834,9.0,298.1166666,27.4844597,94.9019447
Assam_Dibrugarh_Acute Diarrhoeal Disease,Assam,Dibrugarh,Acute Diarrhoeal Disease,2017,13,8,0.5398165781,9.0,292.68,27.4844597,94.9019447
Assam_Dibrugarh_Acute Diarrhoeal Disease,Assam,Dibrugarh,Acute Diarrhoeal Disease,2017,52,30,0.000170675394,12.0,296.016,27.4844597,94.9019447
Assam_Dibrugarh_Acute Diarrhoeal Disease,Assam,Dibrugarh,Acute Diarrhoeal Disease,2019,19,9,0.889684084,9.0,294.38,27.4844597,94.9019447
Assam_Dibrugarh_Acute Diarrhoeal Disease,Assam,Dibrugarh,Acute Diarrhoeal Disease,2019,25,70,0.5659578779,12.0,302.32,27.4844597,94.9019447
Assam_Dibrugarh_Acute Diarrhoeal Disease,Assam,Dibrugarh,Acute Diarrhoeal Disease,2020,6,6,0.01485558021,10.0,292.3933334,27.4844597,94.9019447
Assam_Dibrugarh_Acute Diarrhoeal Disease,Assam,Dibrugarh,Acute Diarrhoeal Disease,2020,20,21,0.6472085684,17.0,304.0933334,27.4844597,94.9019447
Assam_Dibrugarh_Acute Diarrhoeal Disease,Assam,Dibrugarh,Acute Diarrhoeal Disease,2022,23,18,0.8621149921,9.0,294.68,27.4844597,94.9019447
Assam_Jorhat_Acute Diarrhoeal Disease,Assam,Jorhat,Acute Diarrhoeal Disease,2010,50,7,0.07376313349,11.0,298.632,26.7577925,94.2079645
Assam_Jorhat_Acute Diarrhoeal Disease,Assam,Jorhat,Acute Diarrhoeal Disease,2011,17,6,0.1487792432,9.0,300.095,26.7577925,94.2079645
Assam_Jorhat_Acute Diarrhoeal Disease,Assam,Jorhat,Acute Diarrhoeal Disease,2012,22,50,0.24015846676666666,17.666666666666668,300.27833333333336,26.7577925,94.2079645
Assam_Jorhat_Acute Diarrhoeal Disease,Assam,Jorhat,Acute Diarrhoeal Disease,2012,24,14,0.2796949168,17.0,299.68,26.7577925,94.2079645
Assam_Jorhat_Acute Diarrhoeal Disease,Assam,Jorhat,Acute Diarrhoeal Disease,2012,52,15,0.02919107386,30.0,292.8566666,26.7577925,94.2079645
Assam_Jorhat_Acute Diarrhoeal Disease,Assam,Jorhat,Acute Diarrhoeal Disease,2014,4,18,0.007962702131,29.0,293.468,26.7577925,94.2079645
Assam_Jorhat_Acute Diarrhoeal Disease,Assam,Jorhat,Acute Diarrhoeal Disease,2014,17,21,0.02797657407,12.0,303.38,26.7577925,94.2079645
Assam_Jorhat_Acute Diarrhoeal Disease,Assam,Jorhat,Acute Diarrhoeal Disease,2014,18,21,0.1104332111,9.0,306.415,26.7577925,94.2079645
Assam_Jorhat_Acute Diarrhoeal Disease,Assam,Jorhat,Acute Diarrhoeal Disease,2014,24,40,0.4735485209,9.0,302.68,26.7577925,94.2079645
Assam_Jorhat_Acute Diarrhoeal Disease,Assam,Jorhat,Acute Diarrhoeal Disease,2014,45,22,0.01729844128,15.0,300.18333340000004,26.7577925,94.2079645
Assam_Jorhat_Acute Diarrhoeal Disease,Assam,Jorhat,Acute Diarrhoeal Disease,2015,3,18,0.1530587097,30.0,291.54,26.7577925,94.2079645
Assam_Jorhat_Acute Diarrhoeal Disease,Assam,Jorhat,Acute Diarrhoeal Disease,2016,25,15,0.7800636426,13.0,303.3666666,26.7577925,94.2079645
Assam_Jorhat_Acute Diarrhoeal Disease,Assam,Jorhat,Acute Diarrhoeal Disease,2019,11,35,0.2238638954,10.0,294.36400000000003,26.7577925,94.2079645
Assam_Kamrup_Acute Diarrhoeal Disease,Assam,Kamrup,Acute Diarrhoeal Disease,2009,27,5,0.777605627,3.0,302.14,26.12755515,91.29987148
Assam_Kamrup_Acute Diarrhoeal Disease,Assam,Kamrup,Acute Diarrhoeal Disease,2009,42,31,0.9433891119,20.0,299.30666659999997,26.12755515,91.29987148
Assam_Kamrup_Acute Diarrhoeal Disease,Assam,Kamrup,Acute Diarrhoeal Disease,2010,34,70,0.4933375414,8.0,302.44,26.12755515,91.29987148
Assam_Kamrup_Acute Diarrhoeal Disease,Assam,Kamrup,Acute Diarrhoeal Disease,2010,41,21,2.363425784,9.0,300.6,26.12755515,91.29987148
Assam_Kamrup_Acute Diarrhoeal Disease,Assam,Kamrup,Acute Diarrhoeal Disease,2012,50,27,0.0002072430532,20.0,297.4866666,26.12755515,91.29987148
Assam_Kamrup_Acute Diarrhoeal Disease,Assam,Kamrup,Acute Diarrhoeal Disease,2014,23,84,0.1729915908,13.0,303.5266666,26.12755515,91.29987148
Assam_Kamrup_Acute Diarrhoeal Disease,Assam,Kamrup,Acute Diarrhoeal Disease,2014,28,104,1.111815146,9.0,301.37,26.12755515,91.29987148
Assam_Kamrup_Acute Diarrhoeal Disease,Assam,Kamrup,Acute Diarrhoeal Disease,2014,30,104,1.111815146,9.0,301.37,26.12755515,91.29987148
Assam_Kamrup_Acute Diarrhoeal Disease,Assam,Kamrup,Acute Diarrhoeal Disease,2014,51,20,0.004539112976,9.0,295.176,26.12755515,91.29987148
Assam_Kamrup_Acute Diarrhoeal Disease,Assam,Kamrup,Acute Diarrhoeal Disease,2015,7,13,0.002519467917,7.0,296.7266666,26.12755515,91.29987148
Assam_Kamrup_Acute Diarrhoeal Disease,Assam,Kamrup,Acute Diarrhoeal Disease,2015,51,31,0.002191030846,30.0,298.536,26.12755515,91.29987148
Assam_Kamrup_Acute Diarrhoeal Disease,Assam,Kamrup,Acute Diarrhoeal Disease,2016,24,13,0.409327615,9.0,302.625,26.12755515,91.29987148
Assam_Kamrup_Acute Diarrhoeal Disease,Assam,Kamrup,Acute Diarrhoeal Disease,2016,36,53,0.7377362407,9.0,300.785,26.12755515,91.29987148
Assam_Kamrup_Acute Diarrhoeal Disease,Assam,Kamrup,Acute Diarrhoeal Disease,2016,38,22,1.458021363,9.0,294.72,26.12755515,91.29987148
Assam_Kamrup_Acute Diarrhoeal Disease,Assam,Kamrup,Acute Diarrhoeal Disease,2017,35,16,0.6309130433,15.0,301.42,26.12755515,91.29987148
Assam_Kamrup_Acute Diarrhoeal Disease,Assam,Kamrup,Acute Diarrhoeal Disease,2017,37,25,1.015994235,9.0,300.98,26.12755515,91.29987148
Assam_Kamrup_Acute Diarrhoeal Disease,Assam,Kamrup,Acute Diarrhoeal Disease,2017,42,34,0.5247491289,23.0,301.5466666,26.12755515,91.29987148
Assam_Kamrup_Acute Diarrhoeal Disease,Assam,Kamrup,Acute Diarrhoeal Disease,2018,15,41,0.06844909719,9.0,301.516,26.12755515,91.29987148
Assam_Kamrup_Acute Diarrhoeal Disease,Assam,Kamrup,Acute Diarrhoeal Disease,2018,18,11,0.8174189771,11.0,300.7933334,26.12755515,91.29987148
Assam_Kamrup_Acute Diarrhoeal Disease,Assam,Kamrup,Acute Diarrhoeal Disease,2019,1,58,0.01192469865,18.0,292.976,26.12755515,91.29987148
Assam_Kamrup_Acute Diarrhoeal Disease,Assam,Kamrup,Acute Diarrhoeal Disease,2019,23,13,0.3783044545,9.0,304.5466666,26.12755515,91.29987148
Assam_Kamrup_Acute Diarrhoeal Disease,Assam,Kamrup,Acute Diarrhoeal Disease,2020,44,21,1.372511654,31.0,302.5066666,26.12755515,91.29987148
Assam_Nagaon_Acute Diarrhoeal Disease,Assam,Nagaon,Acute Diarrhoeal Disease,2009,1,463,0.0425777914,20.0,291.5233334,26.30414915,92.71605974
Assam_Nagaon_Acute Diarrhoeal Disease,Assam,Nagaon,Acute Diarrhoeal Disease,2010,49,18,0.1259869458,9.0,297.02,26.30414915,92.71605974
Assam_Nagaon_Acute Diarrhoeal Disease,Assam,Nagaon,Acute Diarrhoeal Disease,2011,39,8,0.8620547574,9.0,297.82,26.30414915,92.71605974
Assam_Nagaon_Acute Diarrhoeal Disease,Assam,Nagaon,Acute Diarrhoeal Disease,2013,36,16,1.025550635,14.0,301.66,26.30414915,92.71605974
Assam_Nagaon_Acute Diarrhoeal Disease,Assam,Nagaon,Acute Diarrhoeal Disease,2013,37,39,0.7863223079,30.0,300.6,26.30414915,92.71605974
Assam_Nagaon_Acute Diarrhoeal Disease,Assam,Nagaon,Acute Diarrhoeal Disease,2016,17,73,0.75946933375,20.0,299.212,26.30414915,92.71605974
Assam_Nagaon_Acute Diarrhoeal Disease,Assam,Nagaon,Acute Diarrhoeal Disease,2017,37,13,0.9472657615,24.0,301.93,26.30414915,92.71605974
Assam_Nagaon_Acute Diarrhoeal Disease,Assam,Nagaon,Acute Diarrhoeal Disease,2017,43,17,1.256796128,32.0,300.22,26.30414915,92.71605974
Assam_Nagaon_Acute Diarrhoeal Disease,Assam,Nagaon,Acute Diarrhoeal Disease,2019,17,20,0.07967517011,27.0,302.056,26.30414915,92.71605974
Assam_Nagaon_Acute Diarrhoeal Disease,Assam,Nagaon,Acute Diarrhoeal Disease,2020,44,21,2.127016304,28.0,299.94,26.30414915,92.71605974
Assam_Sibsagar_Acute Diarrhoeal Disease,Assam,Sibsagar,Acute Diarrhoeal Disease,2010,41,180,1.527125002,9.0,299.48,26.96388985,94.58213345
Assam_Sibsagar_Acute Diarrhoeal Disease,Assam,Sibsagar,Acute Diarrhoeal Disease,2010,50,17,0.3082220842,15.0,296.06,26.96388985,94.58213345
Assam_Sibsagar_Acute Diarrhoeal Disease,Assam,Sibsagar,Acute Diarrhoeal Disease,2011,18,15,0.8901877922,17.0,303.68,26.96388985,94.58213345
Assam_Sibsagar_Acute Diarrhoeal Disease,Assam,Sibsagar,Acute Diarrhoeal Disease,2011,20,32,0.5992525517,17.0,301.07,26.96388985,94.58213345
Assam_Sibsagar_Acute Diarrhoeal Disease,Assam,Sibsagar,Acute Diarrhoeal Disease,2011,24,3,1.410996264,12.0,300.705,26.96388985,94.58213345
Assam_Sibsagar_Acute Diarrhoeal Disease,Assam,Sibsagar,Acute Diarrhoeal Disease,2011,37,17,0.8672224147,21.0,301.05,26.96388985,94.58213345
Assam_Sibsagar_Acute Diarrhoeal Disease,Assam,Sibsagar,Acute Diarrhoeal Disease,2012,21,40,0.1099748259,21.0,303.035,26.96388985,94.58213345
Assam_Sibsagar_Acute Diarrhoeal Disease,Assam,Sibsagar,Acute Diarrhoeal Disease,2012,38,59,1.432131992,2.0,303.11,26.96388985,94.58213345
Assam_Sibsagar_Acute Diarrhoeal Disease,Assam,Sibsagar,Acute Diarrhoeal Disease,2016,38,30,0.6505195303,19.0,300.4866666,26.96388985,94.58213345
Assam_Sibsagar_Acute Diarrhoeal Disease,Assam,Sibsagar,Acute Diarrhoeal Disease,2018,24,23,1.766388015,8.0,305.36,26.96388985,94.58213345
Assam_Sibsagar_Acute Diarrhoeal Disease,Assam,Sibsagar,Acute Diarrhoeal Disease,2018,39,19,0.5640186702,23.0,301.38,26.96388985,94.58213345
Assam_Sonitpur_Acute Diarrhoeal Disease,Assam,Sonitpur,Acute Diarrhoeal Disease,2009,47,65,0.004613573965,31.0,299.90000000000003,26.76777075,92.70140886
Assam_Sonitpur_Acute Diarrhoeal Disease,Assam,Sonitpur,Acute Diarrhoeal Disease,2010,13,23,1.544552059,9.0,298.38,26.76777075,92.70140886
Assam_Sonitpur_Acute Diarrhoeal Disease,Assam,Sonitpur,Acute Diarrhoeal Disease,2010,39,232,0.924282346,9.0,299.42,26.76777075,92.70140886
Assam_Sonitpur_Acute Diarrhoeal Disease,Assam,Sonitpur,Acute Diarrhoeal Disease,2010,41,20,0.7473641348,24.0,300.3466666,26.76777075,92.70140886
Assam_Sonitpur_Acute Diarrhoeal Disease,Assam,Sonitpur,Acute Diarrhoeal Disease,2011,15,13,0.35847868,17.0,298.94333340000003,26.76777075,92.70140886
Assam_Sonitpur_Acute Diarrhoeal Disease,Assam,Sonitpur,Acute Diarrhoeal Disease,2011,18,56,2.06658738,18.0,300.80666659999997,26.76777075,92.70140886
Assam_Sonitpur_Acute Diarrhoeal Disease,Assam,Sonitpur,Acute Diarrhoeal Disease,2011,29,47,2.508183342,7.0,299.18,26.76777075,92.70140886
Assam_Sonitpur_Acute Diarrhoeal Disease,Assam,Sonitpur,Acute Diarrhoeal Disease,2012,43,16,0.01967961675,28.0,300.6733334,26.76777075,92.70140886
Assam_Sonitpur_Acute Diarrhoeal Disease,Assam,Sonitpur,Acute Diarrhoeal Disease,2013,16,10,1.053657897,5.0,298.88,26.76777075,92.70140886
Assam_Sonitpur_Acute Diarrhoeal Disease,Assam,Sonitpur,Acute Diarrhoeal Disease,2013,39,225,0.1921449881,26.0,303.4766666,26.76777075,92.70140886
Assam_Sonitpur_Acute Diarrhoeal Disease,Assam,Sonitpur,Acute Diarrhoeal Disease,2015,5,12,0.001136885664,28.0,295.68333340000004,26.76777075,92.70140886
Assam_Sonitpur_Acute Diarrhoeal Disease,Assam,Sonitpur,Acute Diarrhoeal Disease,2015,13,42,0.01183512621,15.0,303.876,26.76777075,92.70140886
Assam_Udalguri_Acute Diarrhoeal Disease,Assam,Udalguri,Acute Diarrhoeal Disease,2012,7,30,0.0456279034,21.0,292.2066666,26.77253155,92.10641749
Assam_Udalguri_Acute Diarrhoeal Disease,Assam,Udalguri,Acute Diarrhoeal Disease,2012,21,57,0.2949388284,27.0,302.31,26.77253155,92.10641749
Assam_Udalguri_Acute Diarrhoeal Disease,Assam,Udalguri,Acute Diarrhoeal Disease,2013,20,27,0.5672654388,9.0,295.7666666,26.77253155,92.10641749
Assam_Udalguri_Acute Diarrhoeal Disease,Assam,Udalguri,Acute Diarrhoeal Disease,2013,22,13,0.7265435833,9.0,298.40000000000003,26.77253155,92.10641749
Assam_Udalguri_Acute Diarrhoeal Disease,Assam,Udalguri,Acute Diarrhoeal Disease,2014,5,14,0.00108755249,27.0,294.632,26.77253155,92.10641749
Assam_Udalguri_Acute Diarrhoeal Disease,Assam,Udalguri,Acute Diarrhoeal Disease,2015,40,55,2.523038283,36.0,289.94,26.77253155,92.10641749
Assam_Udalguri_Acute Diarrhoeal Disease,Assam,Udalguri,Acute Diarrhoeal Disease,2015,41,14,0.1778561426,39.0,301.18333340000004,26.77253155,92.10641749
Assam_Udalguri_Acute Diarrhoeal Disease,Assam,Udalguri,Acute Diarrhoeal Disease,2016,19,35,0.3287352801,20.0,301.38,26.77253155,92.10641749
Assam_Udalguri_Acute Diarrhoeal Disease,Assam,Udalguri,Acute Diarrhoeal Disease,2017,52,28,0.0001450949599,8.0,295.2366666,26.77253155,92.10641749
Assam_Udalguri_Acute Diarrhoeal Disease,Assam,Udalguri,Acute Diarrhoeal Disease,2018,22,50,1.001659276,14.0,293.72,26.77253155,92.10641749
Assam_Udalguri_Acute Diarrhoeal Disease,Assam,Udalguri,Acute Diarrhoeal Disease,2019,17,52,0.03253068923,27.0,299.30400000000003,26.77253155,92.10641749
Assam_Udalguri_Acute Diarrhoeal Disease,Assam,Udalguri,Acute Diarrhoeal Disease,2019,48,9,0.01176659525,32.0,295.51,26.77253155,92.10641749
Assam_Udalguri_Acute Diarrhoeal Disease,Assam,Udalguri,Acute Diarrhoeal Disease,2021,35,34,2.04125962,22.0,300.42,26.77253155,92.10641749
Assam_Udalguri_Acute Diarrhoeal Disease,Assam,Udalguri,Acute Diarrhoeal Disease,2022,20,14,2.407587488,9.0,300.92,26.77253155,92.10641749
Bihar_Araria_Acute Diarrhoeal Disease,Bihar,Araria,Acute Diarrhoeal Disease,2010,39,18,1.120859326,15.0,300.82,26.26498795,87.37162648
Bihar_Araria_Acute Diarrhoeal Disease,Bihar,Araria,Acute Diarrhoeal Disease,2011,40,43,0.118008636,9.0,301.6983333,26.26498795,87.37162648
Bihar_Araria_Acute Diarrhoeal Disease,Bihar,Araria,Acute Diarrhoeal Disease,2011,45,31,0.1166252114,9.0,301.53000000000003,26.26498795,87.37162648
Bihar_Araria_Acute Diarrhoeal Disease,Bihar,Araria,Acute Diarrhoeal Disease,2011,47,12,0.0478068869,9.0,299.625,26.26498795,87.37162648
Bihar_Araria_Acute Diarrhoeal Disease,Bihar,Araria,Acute Diarrhoeal Disease,2012,14,29,0.0005334981688,6.0,301.8266666,26.26498795,87.37162648
Bihar_Araria_Acute Diarrhoeal Disease,Bihar,Araria,Acute Diarrhoeal Disease,2012,47,20,6.04e-05,10.0,302.16,26.26498795,87.37162648
Bihar_Araria_Acute Diarrhoeal Disease,Bihar,Araria,Acute Diarrhoeal Disease,2013,36,19,1.039498022,10.0,299.92,26.26498795,87.37162648
Bihar_Araria_Acute Diarrhoeal Disease,Bihar,Araria,Acute Diarrhoeal Disease,2013,39,20,0.3945244926,9.0,302.36400000000003,26.26498795,87.37162648
Bihar_Araria_Acute Diarrhoeal Disease,Bihar,Araria,Acute Diarrhoeal Disease,2013,44,18,0.3190018024,21.0,301.0933334,26.26498795,87.37162648
Bihar_Araria_Acute Diarrhoeal Disease,Bihar,Araria,Acute Diarrhoeal Disease,2014,41,17,0.0609829387,9.0,303.024,26.26498795,87.37162648
Bihar_Araria_Acute Diarrhoeal Disease,Bihar,Araria,Acute Diarrhoeal Disease,2019,42,36,2.071982844,18.0,298.65000000000003,26.26498795,87.37162648
Bihar_Gaya_Acute Diarrhoeal Disease,Bihar,Gaya,Acute Diarrhoeal Disease,2011,27,10,0.6186381679,5.0,310.6,24.7964355,85.0079563
Bihar_Gaya_Acute Diarrhoeal Disease,Bihar,Gaya,Acute Diarrhoeal Disease,2011,29,10,0.6186381679,5.0,310.6,24.7964355,85.0079563
Bihar_Gaya_Acute Diarrhoeal Disease,Bihar,Gaya,Acute Diarrhoeal Disease,2011,30,42,0.63646050325,9.0,303.11,24.7964355,85.0079563
Bihar_Gaya_Acute Diarrhoeal Disease,Bihar,Gaya,Acute Diarrhoeal Disease,2011,32,12,0.4266246343,8.0,307.48,24.7964355,85.0079563
Bihar_Gaya_Acute Diarrhoeal Disease,Bihar,Gaya,Acute Diarrhoeal Disease,2011,34,40,1.627662807,6.0,303.11,24.7964355,85.0079563
Bihar_Gaya_Acute Diarrhoeal Disease,Bihar,Gaya,Acute Diarrhoeal Disease,2011,35,29,2.413632982,9.0,303.11,24.7964355,85.0079563
Bihar_Gaya_Acute Diarrhoeal Disease,Bihar,Gaya,Acute Diarrhoeal Disease,2012,26,54,0.7106616371,2.0,313.84000000000003,24.7964355,85.0079563
Bihar_Gaya_Acute Diarrhoeal Disease,Bihar,Gaya,Acute Diarrhoeal Disease,2012,29,25,0.6813708251,9.0,301.62,24.7964355,85.0079563
Bihar_Gaya_Acute Diarrhoeal Disease,Bihar,Gaya,Acute Diarrhoeal Disease,2012,31,25,1.311966336,4.0,303.11,24.7964355,85.0079563
Bihar_Gaya_Acute Diarrhoeal Disease,Bihar,Gaya,Acute Diarrhoeal Disease,2012,32,31,0.6290085402,9.0,303.11,24.7964355,85.0079563
Bihar_Gaya_Acute Diarrhoeal Disease,Bihar,Gaya,Acute Diarrhoeal Disease,2012,34,62,0.6575497023,9.0,303.11,24.7964355,85.0079563
Bihar_Gaya_Acute Diarrhoeal Disease,Bihar,Gaya,Acute Diarrhoeal Disease,2013,18,24,0.03725978907,4.0,314.5233334,24.7964355,85.0079563
Bihar_Gaya_Acute Diarrhoeal Disease,Bihar,Gaya,Acute Diarrhoeal Disease,2013,24,72,1.147288305,7.0,308.3,24.7964355,85.0079563
Bihar_Gaya_Acute Diarrhoeal Disease,Bihar,Gaya,Acute Diarrhoeal Disease,2014,24,90,0.023350651134999997,8.0,308.5293333,24.7964355,85.0079563
Bihar_Gaya_Acute Diarrhoeal Disease,Bihar,Gaya,Acute Diarrhoeal Disease,2016,19,44,5.7e-05,3.0,318.25,24.7964355,85.0079563
Bihar_Gaya_Acute Diarrhoeal Disease,Bihar,Gaya,Acute Diarrhoeal Disease,2016,21,44,5.56e-05,3.0,318.75,24.7964355,85.0079563
Bihar_Jamui_Acute Diarrhoeal Disease,Bihar,Jamui,Acute Diarrhoeal Disease,2011,33,50,1.838128123,4.0,303.11,24.96785205,86.17351147
Bihar_Jamui_Acute Diarrhoeal Disease,Bihar,Jamui,Acute Diarrhoeal Disease,2011,38,14,0.7665039899,12.0,302.84000000000003,24.96785205,86.17351147
Bihar_Jamui_Acute Diarrhoeal Disease,Bihar,Jamui,Acute Diarrhoeal Disease,2012,32,14,0.5629016227,10.0,300.61333340000004,24.96785205,86.17351147
Bihar_Jamui_Acute Diarrhoeal Disease,Bihar,Jamui,Acute Diarrhoeal Disease,2013,35,20,0.5454215166,12.0,302.7066666,24.96785205,86.17351147
Bihar_Jamui_Acute Diarrhoeal Disease,Bihar,Jamui,Acute Diarrhoeal Disease,2016,23,11,0.2660622835,7.0,310.3,24.96785205,86.17351147
Bihar_Jamui_Acute Diarrhoeal Disease,Bihar,Jamui,Acute Diarrhoeal Disease,2016,30,22,0.6876330067,5.0,303.11,24.96785205,86.17351147
Bihar_Jamui_Acute Diarrhoeal Disease,Bihar,Jamui,Acute Diarrhoeal Disease,2016,31,6,0.9079970542,8.0,304.16,24.96785205,86.17351147
Bihar_Jamui_Acute Diarrhoeal Disease,Bihar,Jamui,Acute Diarrhoeal Disease,2016,32,32,0.9282695418,9.0,302.7,24.96785205,86.17351147
Bihar_Jamui_Acute Diarrhoeal Disease,Bihar,Jamui,Acute Diarrhoeal Disease,2016,36,13,0.2538763365,14.0,305.84000000000003,24.96785205,86.17351147
Bihar_Jamui_Acute Diarrhoeal Disease,Bihar,Jamui,Acute Diarrhoeal Disease,2016,39,24,0.8448277886,9.0,301.06,24.96785205,86.17351147
Bihar_Jamui_Acute Diarrhoeal Disease,Bihar,Jamui,Acute Diarrhoeal Disease,2016,40,32,0.8663004688,9.0,301.48,24.96785205,86.17351147
Bihar_Jamui_Acute Diarrhoeal Disease,Bihar,Jamui,Acute Diarrhoeal Disease,2017,35,12,0.9754575552,9.0,298.25,24.96785205,86.17351147
Bihar_Jamui_Acute Diarrhoeal Disease,Bihar,Jamui,Acute Diarrhoeal Disease,2017,43,34,0.9192221273,9.0,301.04400000000004,24.96785205,86.17351147
Bihar_Jamui_Acute Diarrhoeal Disease,Bihar,Jamui,Acute Diarrhoeal Disease,2018,49,33,0.455808117,19.0,303.7866666,24.96785205,86.17351147
Bihar_Lakhisarai_Acute Diarrhoeal Disease,Bihar,Lakhisarai,Acute Diarrhoeal Disease,2011,5,45,0.0897718966,9.0,294.672,25.1677029,86.05935924
Bihar_Lakhisarai_Acute Diarrhoeal Disease,Bihar,Lakhisarai,Acute Diarrhoeal Disease,2011,28,21,0.4218848428,7.0,303.79,25.1677029,86.05935924
Bihar_Lakhisarai_Acute Diarrhoeal Disease,Bihar,Lakhisarai,Acute Diarrhoeal Disease,2011,30,14,0.5677844141,10.0,303.11,25.1677029,86.05935924
Bihar_Lakhisarai_Acute Diarrhoeal Disease,Bihar,Lakhisarai,Acute Diarrhoeal Disease,2011,33,20,0.8361375882,6.0,300.54,25.1677029,86.05935924
Bihar_Lakhisarai_Acute Diarrhoeal Disease,Bihar,Lakhisarai,Acute Diarrhoeal Disease,2011,35,12,0.6397235033,11.0,301.5266666,25.1677029,86.05935924
Bihar_Lakhisarai_Acute Diarrhoeal Disease,Bihar,Lakhisarai,Acute Diarrhoeal Disease,2011,40,8,0.07687955655,9.0,302.464,25.1677029,86.05935924
Bihar_Lakhisarai_Acute Diarrhoeal Disease,Bihar,Lakhisarai,Acute Diarrhoeal Disease,2011,44,45,0.002280614862,8.0,300.8833334,25.1677029,86.05935924
Bihar_Lakhisarai_Acute Diarrhoeal Disease,Bihar,Lakhisarai,Acute Diarrhoeal Disease,2012,30,22,0.9146905568,4.0,303.11,25.1677029,86.05935924
Bihar_Lakhisarai_Acute Diarrhoeal Disease,Bihar,Lakhisarai,Acute Diarrhoeal Disease,2012,31,24,0.3134124433,6.0,302.7,25.1677029,86.05935924
Bihar_Lakhisarai_Acute Diarrhoeal Disease,Bihar,Lakhisarai,Acute Diarrhoeal Disease,2012,32,59,0.56888199615,10.0,299.74,25.1677029,86.05935924
Bihar_Lakhisarai_Acute Diarrhoeal Disease,Bihar,Lakhisarai,Acute Diarrhoeal Disease,2012,33,15,0.6259601014,13.0,301.79,25.1677029,86.05935924
Bihar_Lakhisarai_Acute Diarrhoeal Disease,Bihar,Lakhisarai,Acute Diarrhoeal Disease,2012,35,15,0.9161013503,9.0,302.38,25.1677029,86.05935924
Bihar_Lakhisarai_Acute Diarrhoeal Disease,Bihar,Lakhisarai,Acute Diarrhoeal Disease,2013,27,16,0.5813792475,6.0,297.46,25.1677029,86.05935924
Bihar_Lakhisarai_Acute Diarrhoeal Disease,Bihar,Lakhisarai,Acute Diarrhoeal Disease,2014,25,31,0.09822919527,7.0,304.764,25.1677029,86.05935924
Bihar_Lakhisarai_Acute Diarrhoeal Disease,Bihar,Lakhisarai,Acute Diarrhoeal Disease,2014,26,31,0.09822919527,7.0,304.764,25.1677029,86.05935924
Bihar_Lakhisarai_Acute Diarrhoeal Disease,Bihar,Lakhisarai,Acute Diarrhoeal Disease,2014,29,22,0.4590265376,7.0,302.23,25.1677029,86.05935924
Bihar_Madhubani_Acute Diarrhoeal Disease,Bihar,Madhubani,Acute Diarrhoeal Disease,2011,39,118,0.8028566807,14.0,289.26,26.350072,86.22914689
Bihar_Madhubani_Acute Diarrhoeal Disease,Bihar,Madhubani,Acute Diarrhoeal Disease,2011,41,61,0.1263816755,18.5,301.52,26.350072,86.22914689
Bihar_Madhubani_Acute Diarrhoeal Disease,Bihar,Madhubani,Acute Diarrhoeal Disease,2012,32,18,1.146858848,6.0,281.44,26.350072,86.22914689
Bihar_Madhubani_Acute Diarrhoeal Disease,Bihar,Madhubani,Acute Diarrhoeal Disease,2012,39,71,1.067061481,19.0,289.0,26.350072,86.22914689
Bihar_Madhubani_Acute Diarrhoeal Disease,Bihar,Madhubani,Acute Diarrhoeal Disease,2013,22,17,0.2585846614,9.0,302.78000000000003,26.350072,86.22914689
Bihar_Madhubani_Acute Diarrhoeal Disease,Bihar,Madhubani,Acute Diarrhoeal Disease,2013,26,16,0.3493724776,9.0,306.04,26.350072,86.22914689
Bihar_Madhubani_Acute Diarrhoeal Disease,Bihar,Madhubani,Acute Diarrhoeal Disease,2013,27,15,2.133578023,7.0,303.11,26.350072,86.22914689
Bihar_Madhubani_Acute Diarrhoeal Disease,Bihar,Madhubani,Acute Diarrhoeal Disease,2013,34,27,0.9095147056,5.0,286.67,26.350072,86.22914689
Bihar_Madhubani_Acute Diarrhoeal Disease,Bihar,Madhubani,Acute Diarrhoeal Disease,2013,36,65,1.2652972185000002,11.0,300.36,26.350072,86.22914689
Bihar_Madhubani_Acute Diarrhoeal Disease,Bihar,Madhubani,Acute Diarrhoeal Disease,2013,38,25,0.7870770103,18.0,298.935,26.350072,86.22914689
Bihar_Madhubani_Acute Diarrhoeal Disease,Bihar,Madhubani,Acute Diarrhoeal Disease,2013,39,34,0.1493162649,22.0,302.75,26.350072,86.22914689
Bihar_Madhubani_Acute Diarrhoeal Disease,Bihar,Madhubani,Acute Diarrhoeal Disease,2013,41,18,0.4014975263,12.0,300.37333340000004,26.350072,86.22914689
Bihar_Madhubani_Acute Diarrhoeal Disease,Bihar,Madhubani,Acute Diarrhoeal Disease,2013,44,40,0.04831248193,12.0,300.168,26.350072,86.22914689
Bihar_Madhubani_Acute Diarrhoeal Disease,Bihar,Madhubani,Acute Diarrhoeal Disease,2013,46,99,0.37680501622999996,10.5,300.3856667,26.350072,86.22914689
Bihar_Madhubani_Acute Diarrhoeal Disease,Bihar,Madhubani,Acute Diarrhoeal Disease,2014,35,22,1.138553184,9.0,289.59000000000003,26.350072,86.22914689
Bihar_Madhubani_Acute Diarrhoeal Disease,Bihar,Madhubani,Acute Diarrhoeal Disease,2014,37,17,0.6258789936,21.0,293.22400000000005,26.350072,86.22914689
Bihar_Madhubani_Acute Diarrhoeal Disease,Bihar,Madhubani,Acute Diarrhoeal Disease,2015,37,11,0.7988266214,9.0,294.7733334,26.350072,86.22914689
Bihar_Madhubani_Acute Diarrhoeal Disease,Bihar,Madhubani,Acute Diarrhoeal Disease,2015,39,23,0.6543405703,17.0,301.265,26.350072,86.22914689
Bihar_Madhubani_Acute Diarrhoeal Disease,Bihar,Madhubani,Acute Diarrhoeal Disease,2016,28,21,0.7477971251,7.0,279.86,26.350072,86.22914689
Bihar_Madhubani_Acute Diarrhoeal Disease,Bihar,Madhubani,Acute Diarrhoeal Disease,2016,30,9,0.3638555373,7.0,300.49,26.350072,86.22914689
Bihar_Madhubani_Acute Diarrhoeal Disease,Bihar,Madhubani,Acute Diarrhoeal Disease,2017,14,21,0.0573375211,9.0,300.676,26.350072,86.22914689
Bihar_Madhubani_Acute Diarrhoeal Disease,Bihar,Madhubani,Acute Diarrhoeal Disease,2017,19,23,0.1139035332,9.0,303.3533334,26.350072,86.22914689
Bihar_Madhubani_Acute Diarrhoeal Disease,Bihar,Madhubani,Acute Diarrhoeal Disease,2017,34,10,0.6710073868,17.0,298.02,26.350072,86.22914689
Bihar_Madhubani_Acute Diarrhoeal Disease,Bihar,Madhubani,Acute Diarrhoeal Disease,2017,37,13,0.2068480881,20.0,301.28400000000005,26.350072,86.22914689
Bihar_Madhubani_Acute Diarrhoeal Disease,Bihar,Madhubani,Acute Diarrhoeal Disease,2018,39,15,0.7651931259,14.0,298.48,26.350072,86.22914689
Bihar_Munger_Acute Diarrhoeal Disease,Bihar,Munger,Acute Diarrhoeal Disease,2012,41,18,0.281095429,15.0,302.08,25.22081165,86.51720367
Bihar_Munger_Acute Diarrhoeal Disease,Bihar,Munger,Acute Diarrhoeal Disease,2013,30,19,0.3201293737,8.0,300.14,25.22081165,86.51720367
Bihar_Munger_Acute Diarrhoeal Disease,Bihar,Munger,Acute Diarrhoeal Disease,2013,37,198,0.1044747224,9.0,302.496,25.22081165,86.51720367
Bihar_Munger_Acute Diarrhoeal Disease,Bihar,Munger,Acute Diarrhoeal Disease,2014,29,39,0.5864205719,2.0,303.11,25.22081165,86.51720367
Bihar_Munger_Acute Diarrhoeal Disease,Bihar,Munger,Acute Diarrhoeal Disease,2016,30,18,0.8803342974,9.0,302.44,25.22081165,86.51720367
Bihar_Munger_Acute Diarrhoeal Disease,Bihar,Munger,Acute Diarrhoeal Disease,2016,35,49,0.3371341199,9.0,304.475,25.22081165,86.51720367
Bihar_Munger_Acute Diarrhoeal Disease,Bihar,Munger,Acute Diarrhoeal Disease,2016,38,37,0.5049515931,9.0,300.615,25.22081165,86.51720367
Bihar_Munger_Acute Diarrhoeal Disease,Bihar,Munger,Acute Diarrhoeal Disease,2016,41,87,1.081396618,15.0,300.44,25.22081165,86.51720367
Bihar_Munger_Acute Diarrhoeal Disease,Bihar,Munger,Acute Diarrhoeal Disease,2017,41,10,0.580811162,15.0,299.58,25.22081165,86.51720367
Bihar_Munger_Acute Diarrhoeal Disease,Bihar,Munger,Acute Diarrhoeal Disease,2018,34,16,0.3405304098,5.0,311.96,25.22081165,86.51720367
Bihar_Munger_Acute Diarrhoeal Disease,Bihar,Munger,Acute Diarrhoeal Disease,2018,36,85,0.7517474068,9.0,300.29,25.22081165,86.51720367
Bihar_Munger_Acute Diarrhoeal Disease,Bihar,Munger,Acute Diarrhoeal Disease,2018,43,13,0.05951866274,15.0,302.256,25.22081165,86.51720367
Bihar_Muzaffarpur_Acute Diarrhoeal Disease,Bihar,Muzaffarpur,Acute Diarrhoeal Disease,2010,24,74,0.3982292379,9.0,303.745,26.1486581,85.34001282
Bihar_Muzaffarpur_Acute Diarrhoeal Disease,Bihar,Muzaffarpur,Acute Diarrhoeal Disease,2011,25,129,0.2191638826,8.0,303.74,26.1486581,85.34001282
Bihar_Muzaffarpur_Acute Diarrhoeal Disease,Bihar,Muzaffarpur,Acute Diarrhoeal Disease,2015,38,60,0.13665448548,15.0,300.8855,26.1486581,85.34001282
Bihar_Muzaffarpur_Acute Diarrhoeal Disease,Bihar,Muzaffarpur,Acute Diarrhoeal Disease,2016,44,40,0.5183521178,17.5,301.142,26.1486581,85.34001282
Bihar_Muzaffarpur_Acute Diarrhoeal Disease,Bihar,Muzaffarpur,Acute Diarrhoeal Disease,2017,37,54,0.3825989235,17.0,300.19599999999997,26.1486581,85.34001282
Bihar_Muzaffarpur_Acute Diarrhoeal Disease,Bihar,Muzaffarpur,Acute Diarrhoeal Disease,2017,38,15,0.2572989783,9.0,302.845,26.1486581,85.34001282
Bihar_Muzaffarpur_Acute Diarrhoeal Disease,Bihar,Muzaffarpur,Acute Diarrhoeal Disease,2017,41,28,0.07857444966,14.0,302.116,26.1486581,85.34001282
Bihar_Muzaffarpur_Acute Diarrhoeal Disease,Bihar,Muzaffarpur,Acute Diarrhoeal Disease,2018,41,4,0.3370672506,15.0,301.832,26.1486581,85.34001282
Bihar_Muzaffarpur_Acute Diarrhoeal Disease,Bihar,Muzaffarpur,Acute Diarrhoeal Disease,2019,40,18,0.8718170144,12.0,301.73,26.1486581,85.34001282
Bihar_Muzaffarpur_Acute Diarrhoeal Disease,Bihar,Muzaffarpur,Acute Diarrhoeal Disease,2019,41,6,3.29065111,12.0,299.68,26.1486581,85.34001282
Bihar_Muzaffarpur_Acute Diarrhoeal Disease,Bihar,Muzaffarpur,Acute Diarrhoeal Disease,2019,42,10,0.3012631243,17.0,298.35,26.1486581,85.34001282
Bihar_Nalanda_Acute Diarrhoeal Disease,Bihar,Nalanda,Acute Diarrhoeal Disease,2011,33,20,0.5153475642,9.0,303.11,25.1364914,85.44365465
Bihar_Nalanda_Acute Diarrhoeal Disease,Bihar,Nalanda,Acute Diarrhoeal Disease,2011,38,17,0.5889640547,9.0,302.7333334,25.1364914,85.44365465
Bihar_Nalanda_Acute Diarrhoeal Disease,Bihar,Nalanda,Acute Diarrhoeal Disease,2012,32,68,0.6751080155999999,7.0,295.57,25.1364914,85.44365465
Bihar_Nalanda_Acute Diarrhoeal Disease,Bihar,Nalanda,Acute Diarrhoeal Disease,2012,33,52,0.7655007164500001,6.0,295.74,25.1364914,85.44365465
Bihar_Nalanda_Acute Diarrhoeal Disease,Bihar,Nalanda,Acute Diarrhoeal Disease,2012,35,18,0.5738008226,9.0,302.96,25.1364914,85.44365465
Bihar_Nalanda_Acute Diarrhoeal Disease,Bihar,Nalanda,Acute Diarrhoeal Disease,2014,33,15,0.1942736912,9.0,303.11,25.1364914,85.44365465
Bihar_Nalanda_Acute Diarrhoeal Disease,Bihar,Nalanda,Acute Diarrhoeal Disease,2015,16,14,0.0001707363753,6.0,310.1766666,25.1364914,85.44365465
Bihar_Nalanda_Acute Diarrhoeal Disease,Bihar,Nalanda,Acute Diarrhoeal Disease,2016,30,15,0.1943668356,8.0,303.11,25.1364914,85.44365465
Bihar_Nalanda_Acute Diarrhoeal Disease,Bihar,Nalanda,Acute Diarrhoeal Disease,2016,31,27,0.489661381,9.0,303.11,25.1364914,85.44365465
Bihar_Nalanda_Acute Diarrhoeal Disease,Bihar,Nalanda,Acute Diarrhoeal Disease,2016,32,29,0.54860568095,8.5,303.11,25.1364914,85.44365465
Bihar_Nalanda_Acute Diarrhoeal Disease,Bihar,Nalanda,Acute Diarrhoeal Disease,2016,34,33,0.5191512962,5.0,303.11,25.1364914,85.44365465
Bihar_Nalanda_Acute Diarrhoeal Disease,Bihar,Nalanda,Acute Diarrhoeal Disease,2018,50,65,3.61e-05,4.0,297.9133334,25.1364914,85.44365465
Bihar_Nalanda_Acute Diarrhoeal Disease,Bihar,Nalanda,Acute Diarrhoeal Disease,2019,34,33,1.644256935,9.0,303.11,25.1364914,85.44365465
Bihar_Nawada_Acute Diarrhoeal Disease,Bihar,Nawada,Acute Diarrhoeal Disease,2011,32,131,0.9674448198,3.0,303.11,24.818124,85.51855623
Bihar_Nawada_Acute Diarrhoeal Disease,Bihar,Nawada,Acute Diarrhoeal Disease,2011,34,37,1.7097883265,8.0,302.77,24.818124,85.51855623
Bihar_Nawada_Acute Diarrhoeal Disease,Bihar,Nawada,Acute Diarrhoeal Disease,2011,41,22,0.09647800357,9.0,301.3833334,24.818124,85.51855623
Bihar_Nawada_Acute Diarrhoeal Disease,Bihar,Nawada,Acute Diarrhoeal Disease,2012,32,62,0.4867545838,9.0,299.68,24.818124,85.51855623
Bihar_Nawada_Acute Diarrhoeal Disease,Bihar,Nawada,Acute Diarrhoeal Disease,2014,15,60,0.0006062651784,6.0,313.89,24.818124,85.51855623
Bihar_Nawada_Acute Diarrhoeal Disease,Bihar,Nawada,Acute Diarrhoeal Disease,2014,34,30,0.6201659893,6.0,301.5,24.818124,85.51855623
Bihar_Nawada_Acute Diarrhoeal Disease,Bihar,Nawada,Acute Diarrhoeal Disease,2015,34,14,0.6466447404,7.0,303.6866666,24.818124,85.51855623
Bihar_Nawada_Acute Diarrhoeal Disease,Bihar,Nawada,Acute Diarrhoeal Disease,2016,31,20,0.3935562757,8.0,303.11,24.818124,85.51855623
Bihar_Nawada_Acute Diarrhoeal Disease,Bihar,Nawada,Acute Diarrhoeal Disease,2017,23,19,0.05368884382,5.0,314.95,24.818124,85.51855623
Bihar_Nawada_Acute Diarrhoeal Disease,Bihar,Nawada,Acute Diarrhoeal Disease,2017,34,39,0.5748522805,9.0,303.11,24.818124,85.51855623
Bihar_Nawada_Acute Diarrhoeal Disease,Bihar,Nawada,Acute Diarrhoeal Disease,2017,35,19,0.2711582617,13.0,303.6533334,24.818124,85.51855623
Bihar_Nawada_Acute Diarrhoeal Disease,Bihar,Nawada,Acute Diarrhoeal Disease,2017,36,23,0.50610773985,17.0,304.84000000000003,24.818124,85.51855623
Bihar_Nawada_Acute Diarrhoeal Disease,Bihar,Nawada,Acute Diarrhoeal Disease,2017,48,75,7.85e-05,5.0,299.95,24.818124,85.51855623
Bihar_Nawada_Acute Diarrhoeal Disease,Bihar,Nawada,Acute Diarrhoeal Disease,2018,40,10,1.048366398,4.0,299.78000000000003,24.818124,85.51855623
Bihar_Rohtas_Acute Diarrhoeal Disease,Bihar,Rohtas,Acute Diarrhoeal Disease,2011,29,35,0.8308785022,11.0,296.54,24.6723487,83.92090397
Bihar_Rohtas_Acute Diarrhoeal Disease,Bihar,Rohtas,Acute Diarrhoeal Disease,2011,34,75,1.444868732,10.0,303.11,24.6723487,83.92090397
Bihar_Rohtas_Acute Diarrhoeal Disease,Bihar,Rohtas,Acute Diarrhoeal Disease,2012,34,27,0.7201562617,5.0,297.48,24.6723487,83.92090397
Bihar_Rohtas_Acute Diarrhoeal Disease,Bihar,Rohtas,Acute Diarrhoeal Disease,2012,35,40,0.6373206407,9.0,301.78000000000003,24.6723487,83.92090397
Bihar_Rohtas_Acute Diarrhoeal Disease,Bihar,Rohtas,Acute Diarrhoeal Disease,2013,24,35,0.06591552661,5.0,315.61,24.6723487,83.92090397
Bihar_Rohtas_Acute Diarrhoeal Disease,Bihar,Rohtas,Acute Diarrhoeal Disease,2013,30,37,0.5918222799,7.0,311.26,24.6723487,83.92090397
Bihar_Rohtas_Acute Diarrhoeal Disease,Bihar,Rohtas,Acute Diarrhoeal Disease,2015,37,26,0.18185861813,15.5,300.496,24.6723487,83.92090397
Bihar_Rohtas_Acute Diarrhoeal Disease,Bihar,Rohtas,Acute Diarrhoeal Disease,2015,40,30,0.08490876954,9.0,304.7733334,24.6723487,83.92090397
Bihar_Rohtas_Acute Diarrhoeal Disease,Bihar,Rohtas,Acute Diarrhoeal Disease,2016,26,13,0.5361010967,6.0,311.38,24.6723487,83.92090397
Bihar_Rohtas_Acute Diarrhoeal Disease,Bihar,Rohtas,Acute Diarrhoeal Disease,2016,31,102,1.7799938540000002,6.0,306.345,24.6723487,83.92090397
Bihar_Rohtas_Acute Diarrhoeal Disease,Bihar,Rohtas,Acute Diarrhoeal Disease,2016,36,45,0.61613593295,7.5,301.995,24.6723487,83.92090397
Bihar_Rohtas_Acute Diarrhoeal Disease,Bihar,Rohtas,Acute Diarrhoeal Disease,2016,39,123,0.68319885435,12.0,301.6893333,24.6723487,83.92090397
Bihar_Rohtas_Acute Diarrhoeal Disease,Bihar,Rohtas,Acute Diarrhoeal Disease,2016,40,50,0.8536487066,27.0,301.55333340000004,24.6723487,83.92090397
Bihar_Rohtas_Acute Diarrhoeal Disease,Bihar,Rohtas,Acute Diarrhoeal Disease,2019,48,25,0.02749447843,16.0,298.18,24.6723487,83.92090397
Bihar_Rohtas_Acute Diarrhoeal Disease,Bihar,Rohtas,Acute Diarrhoeal Disease,2019,49,16,0.003215469871,9.0,300.6066666,24.6723487,83.92090397
Bihar_Saharsa_Acute Diarrhoeal Disease,Bihar,Saharsa,Acute Diarrhoeal Disease,2011,25,70,0.6846782762,9.0,303.93,25.83264165,86.61489283
Bihar_Saharsa_Acute Diarrhoeal Disease,Bihar,Saharsa,Acute Diarrhoeal Disease,2011,26,30,0.6846782762,9.0,303.93,25.83264165,86.61489283
Bihar_Saharsa_Acute Diarrhoeal Disease,Bihar,Saharsa,Acute Diarrhoeal Disease,2011,38,55,2.228340938,9.0,300.82,25.83264165,86.61489283
Bihar_Saharsa_Acute Diarrhoeal Disease,Bihar,Saharsa,Acute Diarrhoeal Disease,2012,23,25,1.857253676,9.0,302.18,25.83264165,86.61489283
Bihar_Saharsa_Acute Diarrhoeal Disease,Bihar,Saharsa,Acute Diarrhoeal Disease,2012,35,25,0.9537911399,18.0,301.0,25.83264165,86.61489283
Bihar_Saharsa_Acute Diarrhoeal Disease,Bihar,Saharsa,Acute Diarrhoeal Disease,2013,27,28,0.6091006196,9.0,302.565,25.83264165,86.61489283
Bihar_Saharsa_Acute Diarrhoeal Disease,Bihar,Saharsa,Acute Diarrhoeal Disease,2013,40,12,0.7016887033,12.0,300.2866666,25.83264165,86.61489283
Bihar_Saharsa_Acute Diarrhoeal Disease,Bihar,Saharsa,Acute Diarrhoeal Disease,2013,44,25,0.04831248193,12.0,300.168,25.83264165,86.61489283
Bihar_Saharsa_Acute Diarrhoeal Disease,Bihar,Saharsa,Acute Diarrhoeal Disease,2014,34,51,0.8186835667,9.0,289.59000000000003,25.83264165,86.61489283
Bihar_Saharsa_Acute Diarrhoeal Disease,Bihar,Saharsa,Acute Diarrhoeal Disease,2014,41,80,0.2116607778,23.0,301.23,25.83264165,86.61489283
Bihar_Saharsa_Acute Diarrhoeal Disease,Bihar,Saharsa,Acute Diarrhoeal Disease,2015,34,15,1.235795682,9.0,295.5666666,25.83264165,86.61489283
Bihar_Saharsa_Acute Diarrhoeal Disease,Bihar,Saharsa,Acute Diarrhoeal Disease,2015,36,17,0.4001810118,10.0,298.75,25.83264165,86.61489283
Bihar_Saharsa_Acute Diarrhoeal Disease,Bihar,Saharsa,Acute Diarrhoeal Disease,2017,32,16,1.031599159,5.0,292.15000000000003,25.83264165,86.61489283
Bihar_Saharsa_Acute Diarrhoeal Disease,Bihar,Saharsa,Acute Diarrhoeal Disease,2019,41,8,0.2782386903,23.0,299.744,25.83264165,86.61489283
Chandigarh_Chandigarh_Cholera,Chandigarh,Chandigarh,Cholera,2011,35,5,0.3910680314,17.0,302.31333340000003,30.72984395,76.78414567
Chandigarh_Chandigarh_Cholera,Chandigarh,Chandigarh,Cholera,2012,26,6,0.01020976427,5.0,316.34000000000003,30.72984395,76.78414567
Chandigarh_Chandigarh_Cholera,Chandigarh,Chandigarh,Cholera,2015,30,2,1.780779828,9.0,301.295,30.72984395,76.78414567
Chandigarh_Chandigarh_Cholera,Chandigarh,Chandigarh,Cholera,2015,31,2,0.3373140435,9.0,305.5,30.72984395,76.78414567
Chandigarh_Chandigarh_Cholera,Chandigarh,Chandigarh,Cholera,2015,32,16,0.3686312576,15.0,302.7,30.72984395,76.78414567
Chandigarh_Chandigarh_Cholera,Chandigarh,Chandigarh,Cholera,2015,33,43,0.3686312576,15.0,302.7,30.72984395,76.78414567
Chandigarh_Chandigarh_Cholera,Chandigarh,Chandigarh,Cholera,2015,39,3,0.04925346405,21.0,302.24666659999997,30.72984395,76.78414567
Chandigarh_Chandigarh_Cholera,Chandigarh,Chandigarh,Cholera,2016,23,31,0.08376674357,9.0,309.1366666,30.72984395,76.78414567
Chandigarh_Chandigarh_Cholera,Chandigarh,Chandigarh,Cholera,2016,24,40,0.08376674357,9.0,309.1366666,30.72984395,76.78414567
Chandigarh_Chandigarh_Cholera,Chandigarh,Chandigarh,Cholera,2016,25,51,0.08376674357,9.0,309.1366666,30.72984395,76.78414567
Chandigarh_Chandigarh_Cholera,Chandigarh,Chandigarh,Cholera,2017,25,3,0.008095585039,7.0,310.9866666,30.72984395,76.78414567
Chandigarh_Chandigarh_Cholera,Chandigarh,Chandigarh,Cholera,2021,31,8,2.63598158,12.0,303.11,30.72984395,76.78414567
Chandigarh_Chandigarh_Cholera,Chandigarh,Chandigarh,Cholera,2021,37,11,2.63598158,12.0,303.11,30.72984395,76.78414567
Chhattisgarh_Balod_Acute Diarrhoeal Disease,Chhattisgarh,Balod,Acute Diarrhoeal Disease,2013,36,438,0.9929871728,6.4,302.297,20.73218365,81.14335738
Chhattisgarh_Balod_Acute Diarrhoeal Disease,Chhattisgarh,Balod,Acute Diarrhoeal Disease,2013,41,65,0.8500639424,21.0,300.4066666,20.73218365,81.14335738
Chhattisgarh_Balod_Acute Diarrhoeal Disease,Chhattisgarh,Balod,Acute Diarrhoeal Disease,2016,20,34,0.08160874024,9.0,314.1566666,20.73218365,81.14335738
Chhattisgarh_Balod_Acute Diarrhoeal Disease,Chhattisgarh,Balod,Acute Diarrhoeal Disease,2016,24,261,0.1394253944,10.0,313.11,20.73218365,81.14335738
Chhattisgarh_Balod_Acute Diarrhoeal Disease,Chhattisgarh,Balod,Acute Diarrhoeal Disease,2016,25,101,0.1077907821,9.0,312.77,20.73218365,81.14335738
Chhattisgarh_Balod_Acute Diarrhoeal Disease,Chhattisgarh,Balod,Acute Diarrhoeal Disease,2016,30,37,0.8242280517,9.0,298.86,20.73218365,81.14335738
Chhattisgarh_Balod_Acute Diarrhoeal Disease,Chhattisgarh,Balod,Acute Diarrhoeal Disease,2016,33,69,1.039434868,9.0,299.04,20.73218365,81.14335738
Chhattisgarh_Balod_Acute Diarrhoeal Disease,Chhattisgarh,Balod,Acute Diarrhoeal Disease,2016,42,32,0.3219874482,9.0,299.456,20.73218365,81.14335738
Chhattisgarh_Balod_Acute Diarrhoeal Disease,Chhattisgarh,Balod,Acute Diarrhoeal Disease,2017,24,101,0.4626178821,13.0,309.4866666,20.73218365,81.14335738
Chhattisgarh_Balod_Acute Diarrhoeal Disease,Chhattisgarh,Balod,Acute Diarrhoeal Disease,2017,30,72,3.372722278,4.0,303.11,20.73218365,81.14335738
Chhattisgarh_Balod_Acute Diarrhoeal Disease,Chhattisgarh,Balod,Acute Diarrhoeal Disease,2018,12,72,0.08594004817,7.0,308.716,20.73218365,81.14335738
Chhattisgarh_Balod_Acute Diarrhoeal Disease,Chhattisgarh,Balod,Acute Diarrhoeal Disease,2018,18,30,0.01524088485,9.0,313.1633334,20.73218365,81.14335738
Chhattisgarh_Balod_Acute Diarrhoeal Disease,Chhattisgarh,Balod,Acute Diarrhoeal Disease,2019,28,65,0.9198799312,2.0,303.11,20.73218365,81.14335738
Chhattisgarh_Balod_Acute Diarrhoeal Disease,Chhattisgarh,Balod,Acute Diarrhoeal Disease,2019,45,30,0.3509587684,18.0,299.36,20.73218365,81.14335738
Chhattisgarh_Balod_Acute Diarrhoeal Disease,Chhattisgarh,Balod,Acute Diarrhoeal Disease,2020,36,206,0.5967599863,6.0,295.88,20.73218365,81.14335738
Chhattisgarh_Balod_Acute Diarrhoeal Disease,Chhattisgarh,Balod,Acute Diarrhoeal Disease,2022,24,8,0.09105455212,9.0,312.90000000000003,20.73218365,81.14335738
Chhattisgarh_Balodabazar_Acute Diarrhoeal Disease,Chhattisgarh,Balodabazar,Acute Diarrhoeal Disease,2016,26,90,0.3418091336,4.0,312.18,21.6542,82.1739
Chhattisgarh_Balodabazar_Acute Diarrhoeal Disease,Chhattisgarh,Balodabazar,Acute Diarrhoeal Disease,2016,29,89,1.2740506665666667,2.6666666666666665,303.11,21.6542,82.1739
Chhattisgarh_Balodabazar_Acute Diarrhoeal Disease,Chhattisgarh,Balodabazar,Acute Diarrhoeal Disease,2017,21,28,0.0007461644227,4.0,319.84000000000003,21.6542,82.1739
Chhattisgarh_Balodabazar_Acute Diarrhoeal Disease,Chhattisgarh,Balodabazar,Acute Diarrhoeal Disease,2017,32,28,0.37602886,6.0,304.04,21.6542,82.1739
Chhattisgarh_Balodabazar_Acute Diarrhoeal Disease,Chhattisgarh,Balodabazar,Acute Diarrhoeal Disease,2018,17,81,0.01325096373,9.0,316.9666666,21.6542,82.1739
Chhattisgarh_Balodabazar_Acute Diarrhoeal Disease,Chhattisgarh,Balodabazar,Acute Diarrhoeal Disease,2018,21,54,0.0527545689,4.0,312.228,21.6542,82.1739
Chhattisgarh_Balodabazar_Acute Diarrhoeal Disease,Chhattisgarh,Balodabazar,Acute Diarrhoeal Disease,2018,22,103,0.02999619378,4.0,312.08,21.6542,82.1739
Chhattisgarh_Balodabazar_Acute Diarrhoeal Disease,Chhattisgarh,Balodabazar,Acute Diarrhoeal Disease,2019,28,47,0.6796365607,1.0,303.11,21.6542,82.1739
Chhattisgarh_Balodabazar_Acute Diarrhoeal Disease,Chhattisgarh,Balodabazar,Acute Diarrhoeal Disease,2019,30,47,0.3093195747,7.0,310.42400000000004,21.6542,82.1739
Chhattisgarh_Balodabazar_Acute Diarrhoeal Disease,Chhattisgarh,Balodabazar,Acute Diarrhoeal Disease,2019,33,39,1.576523139,7.0,299.78000000000003,21.6542,82.1739
Chhattisgarh_Balodabazar_Acute Diarrhoeal Disease,Chhattisgarh,Balodabazar,Acute Diarrhoeal Disease,2019,43,19,0.2915577522,20.0,301.24,21.6542,82.1739
Chhattisgarh_Balodabazar_Acute Diarrhoeal Disease,Chhattisgarh,Balodabazar,Acute Diarrhoeal Disease,2020,4,6,0.2264525665,9.0,298.4666666,21.6542,82.1739
Chhattisgarh_Bemetara_Acute Diarrhoeal Disease,Chhattisgarh,Bemetara,Acute Diarrhoeal Disease,2015,27,22,0.7141596569,4.0,310.08,21.6783969,81.43047623
Chhattisgarh_Bemetara_Acute Diarrhoeal Disease,Chhattisgarh,Bemetara,Acute Diarrhoeal Disease,2015,38,39,0.1292542445,21.0,302.5366666,21.6783969,81.43047623
Chhattisgarh_Bemetara_Acute Diarrhoeal Disease,Chhattisgarh,Bemetara,Acute Diarrhoeal Disease,2016,21,165,0.02992796302,4.0,315.644,21.6783969,81.43047623
Chhattisgarh_Bemetara_Acute Diarrhoeal Disease,Chhattisgarh,Bemetara,Acute Diarrhoeal Disease,2016,29,85,1.887600829,1.0,307.1,21.6783969,81.43047623
Chhattisgarh_Bemetara_Acute Diarrhoeal Disease,Chhattisgarh,Bemetara,Acute Diarrhoeal Disease,2016,38,129,0.2311609925,12.0,301.7,21.6783969,81.43047623
Chhattisgarh_Bemetara_Acute Diarrhoeal Disease,Chhattisgarh,Bemetara,Acute Diarrhoeal Disease,2016,39,45,0.7694012882,17.0,300.5866666,21.6783969,81.43047623
Chhattisgarh_Bemetara_Acute Diarrhoeal Disease,Chhattisgarh,Bemetara,Acute Diarrhoeal Disease,2017,26,228,0.10720931794133333,4.0,319.80711113333336,21.6783969,81.43047623
Chhattisgarh_Bemetara_Acute Diarrhoeal Disease,Chhattisgarh,Bemetara,Acute Diarrhoeal Disease,2017,32,59,0.6899436639,9.0,303.11,21.6783969,81.43047623
Chhattisgarh_Bemetara_Acute Diarrhoeal Disease,Chhattisgarh,Bemetara,Acute Diarrhoeal Disease,2017,38,48,0.551561137,6.0,303.11,21.6783969,81.43047623
Chhattisgarh_Bemetara_Acute Diarrhoeal Disease,Chhattisgarh,Bemetara,Acute Diarrhoeal Disease,2017,42,15,1.296176135,21.0,297.84000000000003,21.6783969,81.43047623
Chhattisgarh_Bemetara_Acute Diarrhoeal Disease,Chhattisgarh,Bemetara,Acute Diarrhoeal Disease,2018,25,24,1.051271553,4.0,314.55,21.6783969,81.43047623
Chhattisgarh_Bemetara_Acute Diarrhoeal Disease,Chhattisgarh,Bemetara,Acute Diarrhoeal Disease,2018,38,107,0.01991349118,21.0,303.92,21.6783969,81.43047623
Chhattisgarh_Bilaspur_Acute Diarrhoeal Disease,Chhattisgarh,Bilaspur,Acute Diarrhoeal Disease,2009,31,17,0.5489886799,2.0,315.74,21.98934025,82.10996499
Chhattisgarh_Bilaspur_Acute Diarrhoeal Disease,Chhattisgarh,Bilaspur,Acute Diarrhoeal Disease,2011,31,46,0.6851938108,9.0,303.11,21.98934025,82.10996499
Chhattisgarh_Bilaspur_Acute Diarrhoeal Disease,Chhattisgarh,Bilaspur,Acute Diarrhoeal Disease,2011,36,21,1.207808455,5.0,303.11,21.98934025,82.10996499
Chhattisgarh_Bilaspur_Acute Diarrhoeal Disease,Chhattisgarh,Bilaspur,Acute Diarrhoeal Disease,2011,39,39,1.702931053,11.0,299.18,21.98934025,82.10996499
Chhattisgarh_Bilaspur_Acute Diarrhoeal Disease,Chhattisgarh,Bilaspur,Acute Diarrhoeal Disease,2011,40,15,0.677762426,25.0,298.98,21.98934025,82.10996499
Chhattisgarh_Bilaspur_Acute Diarrhoeal Disease,Chhattisgarh,Bilaspur,Acute Diarrhoeal Disease,2011,42,26,0.06903762196,22.0,302.19333340000003,21.98934025,82.10996499
Chhattisgarh_Bilaspur_Acute Diarrhoeal Disease,Chhattisgarh,Bilaspur,Acute Diarrhoeal Disease,2013,32,43,0.4016766318,4.0,303.11,21.98934025,82.10996499
Chhattisgarh_Bilaspur_Acute Diarrhoeal Disease,Chhattisgarh,Bilaspur,Acute Diarrhoeal Disease,2016,26,96,0.1118283955,4.0,317.5,21.98934025,82.10996499
Chhattisgarh_Bilaspur_Acute Diarrhoeal Disease,Chhattisgarh,Bilaspur,Acute Diarrhoeal Disease,2016,33,66,1.002114789,9.0,303.11,21.98934025,82.10996499
Chhattisgarh_Bilaspur_Acute Diarrhoeal Disease,Chhattisgarh,Bilaspur,Acute Diarrhoeal Disease,2017,24,558,0.1023700904,4.0,314.84000000000003,21.98934025,82.10996499
Chhattisgarh_Bilaspur_Acute Diarrhoeal Disease,Chhattisgarh,Bilaspur,Acute Diarrhoeal Disease,2017,31,5,1.554666691,3.0,303.11,21.98934025,82.10996499
Chhattisgarh_Dhamtari_Acute Diarrhoeal Disease,Chhattisgarh,Dhamtari,Acute Diarrhoeal Disease,2011,35,20,1.073780256,9.0,301.28000000000003,20.7084545,81.5481305
Chhattisgarh_Dhamtari_Acute Diarrhoeal Disease,Chhattisgarh,Dhamtari,Acute Diarrhoeal Disease,2011,36,94,1.051307836,9.0,298.54,20.7084545,81.5481305
Chhattisgarh_Dhamtari_Acute Diarrhoeal Disease,Chhattisgarh,Dhamtari,Acute Diarrhoeal Disease,2011,39,98,1.069376386,12.0,303.11,20.7084545,81.5481305
Chhattisgarh_Dhamtari_Acute Diarrhoeal Disease,Chhattisgarh,Dhamtari,Acute Diarrhoeal Disease,2012,30,50,1.014037504,9.0,303.11,20.7084545,81.5481305
Chhattisgarh_Dhamtari_Acute Diarrhoeal Disease,Chhattisgarh,Dhamtari,Acute Diarrhoeal Disease,2012,31,66,2.540265802,9.0,303.11,20.7084545,81.5481305
Chhattisgarh_Dhamtari_Acute Diarrhoeal Disease,Chhattisgarh,Dhamtari,Acute Diarrhoeal Disease,2012,32,29,1.530337345,9.0,303.11,20.7084545,81.5481305
Chhattisgarh_Dhamtari_Acute Diarrhoeal Disease,Chhattisgarh,Dhamtari,Acute Diarrhoeal Disease,2012,34,36,0.4065612146,9.0,299.84000000000003,20.7084545,81.5481305
Chhattisgarh_Dhamtari_Acute Diarrhoeal Disease,Chhattisgarh,Dhamtari,Acute Diarrhoeal Disease,2012,35,21,0.2854035683,14.0,298.58,20.7084545,81.5481305
Chhattisgarh_Dhamtari_Acute Diarrhoeal Disease,Chhattisgarh,Dhamtari,Acute Diarrhoeal Disease,2012,50,22,0.0007352574346,9.0,299.6266666,20.7084545,81.5481305
Chhattisgarh_Dhamtari_Acute Diarrhoeal Disease,Chhattisgarh,Dhamtari,Acute Diarrhoeal Disease,2013,29,48,1.242766732,4.0,303.11,20.7084545,81.5481305
Chhattisgarh_Dhamtari_Acute Diarrhoeal Disease,Chhattisgarh,Dhamtari,Acute Diarrhoeal Disease,2013,33,21,1.337242309,3.0,300.12,20.7084545,81.5481305
Chhattisgarh_Dhamtari_Acute Diarrhoeal Disease,Chhattisgarh,Dhamtari,Acute Diarrhoeal Disease,2013,47,34,5.33e-05,9.0,299.08,20.7084545,81.5481305
Chhattisgarh_Dhamtari_Acute Diarrhoeal Disease,Chhattisgarh,Dhamtari,Acute Diarrhoeal Disease,2014,26,87,1.069202183,9.0,309.74,20.7084545,81.5481305
Chhattisgarh_Dhamtari_Acute Diarrhoeal Disease,Chhattisgarh,Dhamtari,Acute Diarrhoeal Disease,2014,29,84,1.122768677,0.0,307.2,20.7084545,81.5481305
Chhattisgarh_Dhamtari_Acute Diarrhoeal Disease,Chhattisgarh,Dhamtari,Acute Diarrhoeal Disease,2014,30,84,1.122768677,0.0,307.2,20.7084545,81.5481305
Chhattisgarh_Dhamtari_Acute Diarrhoeal Disease,Chhattisgarh,Dhamtari,Acute Diarrhoeal Disease,2015,42,38,0.8140111977,29.0,301.66,20.7084545,81.5481305
Chhattisgarh_Dhamtari_Acute Diarrhoeal Disease,Chhattisgarh,Dhamtari,Acute Diarrhoeal Disease,2016,21,236,0.03186012162,9.0,314.736,20.7084545,81.5481305
Chhattisgarh_Dhamtari_Acute Diarrhoeal Disease,Chhattisgarh,Dhamtari,Acute Diarrhoeal Disease,2016,31,88,0.5484403319,9.0,303.11,20.7084545,81.5481305
Chhattisgarh_Dhamtari_Acute Diarrhoeal Disease,Chhattisgarh,Dhamtari,Acute Diarrhoeal Disease,2016,33,15,3.150080992,8.0,303.11,20.7084545,81.5481305
Chhattisgarh_Dhamtari_Acute Diarrhoeal Disease,Chhattisgarh,Dhamtari,Acute Diarrhoeal Disease,2016,39,83,0.9779547797,9.0,298.90000000000003,20.7084545,81.5481305
Chhattisgarh_Dhamtari_Acute Diarrhoeal Disease,Chhattisgarh,Dhamtari,Acute Diarrhoeal Disease,2016,46,153,0.0198385369,9.0,300.5266666,20.7084545,81.5481305
Chhattisgarh_Dhamtari_Acute Diarrhoeal Disease,Chhattisgarh,Dhamtari,Acute Diarrhoeal Disease,2019,36,15,0.8507147588,10.0,303.11,20.7084545,81.5481305
Chhattisgarh_Dhamtari_Acute Diarrhoeal Disease,Chhattisgarh,Dhamtari,Acute Diarrhoeal Disease,2020,4,169,4.68e-05,9.0,298.56,20.7084545,81.5481305
Chhattisgarh_Janjgir_Acute Diarrhoeal Disease,Chhattisgarh,Janjgir,Acute Diarrhoeal Disease,2011,31,43,1.4824043414499999,10.0,293.015,22.0090841,82.578896
Chhattisgarh_Janjgir_Acute Diarrhoeal Disease,Chhattisgarh,Janjgir,Acute Diarrhoeal Disease,2011,36,14,0.8707962447,12.0,300.28000000000003,22.0090841,82.578896
Chhattisgarh_Janjgir_Acute Diarrhoeal Disease,Chhattisgarh,Janjgir,Acute Diarrhoeal Disease,2011,38,44,1.6094178279999998,10.5,299.14,22.0090841,82.578896
Chhattisgarh_Janjgir_Acute Diarrhoeal Disease,Chhattisgarh,Janjgir,Acute Diarrhoeal Disease,2012,27,68,0.04484885675,14.0,303.288,22.0090841,82.578896
Chhattisgarh_Janjgir_Acute Diarrhoeal Disease,Chhattisgarh,Janjgir,Acute Diarrhoeal Disease,2012,30,46,1.64079939,9.0,302.54,22.0090841,82.578896
Chhattisgarh_Janjgir_Acute Diarrhoeal Disease,Chhattisgarh,Janjgir,Acute Diarrhoeal Disease,2012,31,58,1.27471176595,7.5,300.67,22.0090841,82.578896
Chhattisgarh_Janjgir_Acute Diarrhoeal Disease,Chhattisgarh,Janjgir,Acute Diarrhoeal Disease,2012,33,15,2.533861437,2.0,303.11,22.0090841,82.578896
Chhattisgarh_Janjgir_Acute Diarrhoeal Disease,Chhattisgarh,Janjgir,Acute Diarrhoeal Disease,2012,35,31,2.529995892,2.0,303.11,22.0090841,82.578896
Chhattisgarh_Janjgir_Acute Diarrhoeal Disease,Chhattisgarh,Janjgir,Acute Diarrhoeal Disease,2012,37,68,0.8849188423666666,11.333333333333334,301.62166666666667,22.0090841,82.578896
Chhattisgarh_Janjgir_Acute Diarrhoeal Disease,Chhattisgarh,Janjgir,Acute Diarrhoeal Disease,2012,41,47,0.3958245963,27.0,301.68,22.0090841,82.578896
Chhattisgarh_Janjgir_Acute Diarrhoeal Disease,Chhattisgarh,Janjgir,Acute Diarrhoeal Disease,2013,32,18,1.644637493,10.0,300.06,22.0090841,82.578896
Chhattisgarh_Janjgir_Acute Diarrhoeal Disease,Chhattisgarh,Janjgir,Acute Diarrhoeal Disease,2013,42,13,0.4382272044,22.0,302.624,22.0090841,82.578896
Chhattisgarh_Janjgir_Acute Diarrhoeal Disease,Chhattisgarh,Janjgir,Acute Diarrhoeal Disease,2013,44,18,0.5875757856,21.0,299.81333340000003,22.0090841,82.578896
Chhattisgarh_Janjgir_Acute Diarrhoeal Disease,Chhattisgarh,Janjgir,Acute Diarrhoeal Disease,2014,27,16,0.2147434685,13.0,305.1466666,22.0090841,82.578896
Chhattisgarh_Janjgir_Acute Diarrhoeal Disease,Chhattisgarh,Janjgir,Acute Diarrhoeal Disease,2014,32,93,1.0798978769,8.333333333333334,301.5477778,22.0090841,82.578896
Chhattisgarh_Janjgir_Acute Diarrhoeal Disease,Chhattisgarh,Janjgir,Acute Diarrhoeal Disease,2014,35,20,1.589078257,5.0,300.38,22.0090841,82.578896
Chhattisgarh_Janjgir_Acute Diarrhoeal Disease,Chhattisgarh,Janjgir,Acute Diarrhoeal Disease,2015,20,11,0.05244086327,10.0,308.98,22.0090841,82.578896
Chhattisgarh_Janjgir_Acute Diarrhoeal Disease,Chhattisgarh,Janjgir,Acute Diarrhoeal Disease,2015,32,19,0.7000451423,12.0,303.11,22.0090841,82.578896
Chhattisgarh_Janjgir_Acute Diarrhoeal Disease,Chhattisgarh,Janjgir,Acute Diarrhoeal Disease,2015,35,34,1.238558853,8.0,295.58,22.0090841,82.578896
Chhattisgarh_Janjgir_Acute Diarrhoeal Disease,Chhattisgarh,Janjgir,Acute Diarrhoeal Disease,2015,45,50,0.1364586965,13.0,300.188,22.0090841,82.578896
Chhattisgarh_Janjgir_Acute Diarrhoeal Disease,Chhattisgarh,Janjgir,Acute Diarrhoeal Disease,2016,30,46,1.255811187,6.0,303.11,22.0090841,82.578896
Chhattisgarh_Janjgir_Acute Diarrhoeal Disease,Chhattisgarh,Janjgir,Acute Diarrhoeal Disease,2016,31,26,0.4573220817,9.0,299.84000000000003,22.0090841,82.578896
Chhattisgarh_Janjgir_Acute Diarrhoeal Disease,Chhattisgarh,Janjgir,Acute Diarrhoeal Disease,2016,32,5,1.199891521,9.0,303.11,22.0090841,82.578896
Chhattisgarh_Janjgir_Acute Diarrhoeal Disease,Chhattisgarh,Janjgir,Acute Diarrhoeal Disease,2016,34,27,1.779043412,2.0,303.11,22.0090841,82.578896
Chhattisgarh_Janjgir_Acute Diarrhoeal Disease,Chhattisgarh,Janjgir,Acute Diarrhoeal Disease,2016,36,17,0.9290470788,12.0,296.40000000000003,22.0090841,82.578896
Chhattisgarh_Janjgir_Acute Diarrhoeal Disease,Chhattisgarh,Janjgir,Acute Diarrhoeal Disease,2016,38,49,0.8993417369,21.0,300.12,22.0090841,82.578896
Chhattisgarh_Janjgir_Acute Diarrhoeal Disease,Chhattisgarh,Janjgir,Acute Diarrhoeal Disease,2016,40,26,0.5138602712,13.0,300.93333340000004,22.0090841,82.578896
Chhattisgarh_Janjgir_Acute Diarrhoeal Disease,Chhattisgarh,Janjgir,Acute Diarrhoeal Disease,2017,21,17,0.0006542746898,9.0,315.7933334,22.0090841,82.578896
Chhattisgarh_Janjgir_Acute Diarrhoeal Disease,Chhattisgarh,Janjgir,Acute Diarrhoeal Disease,2017,30,15,2.555522357,2.0,303.11,22.0090841,82.578896
Chhattisgarh_Janjgir_Acute Diarrhoeal Disease,Chhattisgarh,Janjgir,Acute Diarrhoeal Disease,2017,31,18,1.947495509,6.0,303.11,22.0090841,82.578896
Chhattisgarh_Janjgir_Acute Diarrhoeal Disease,Chhattisgarh,Janjgir,Acute Diarrhoeal Disease,2018,24,38,0.068988678695,10.0,310.546,22.0090841,82.578896
Chhattisgarh_Janjgir_Acute Diarrhoeal Disease,Chhattisgarh,Janjgir,Acute Diarrhoeal Disease,2019,24,43,0.022501377357,9.0,311.05333329999996,22.0090841,82.578896
Chhattisgarh_Janjgir_Acute Diarrhoeal Disease,Chhattisgarh,Janjgir,Acute Diarrhoeal Disease,2019,28,72,2.433206485,9.0,304.44,22.0090841,82.578896
Chhattisgarh_Janjgir_Acute Diarrhoeal Disease,Chhattisgarh,Janjgir,Acute Diarrhoeal Disease,2019,29,13,0.5441624484,17.0,303.08,22.0090841,82.578896
Chhattisgarh_Janjgir_Acute Diarrhoeal Disease,Chhattisgarh,Janjgir,Acute Diarrhoeal Disease,2019,34,56,1.1001990933999999,9.0,299.315,22.0090841,82.578896
Chhattisgarh_Janjgir_Acute Diarrhoeal Disease,Chhattisgarh,Janjgir,Acute Diarrhoeal Disease,2019,38,34,0.91599181005,16.0,301.96500000000003,22.0090841,82.578896
Chhattisgarh_Janjgir_Acute Diarrhoeal Disease,Chhattisgarh,Janjgir,Acute Diarrhoeal Disease,2019,51,30,9.38e-06,9.0,296.43,22.0090841,82.578896
Chhattisgarh_Korba_Acute Diarrhoeal Disease,Chhattisgarh,Korba,Acute Diarrhoeal Disease,2011,22,17,0.008465848586,9.0,311.876,22.3547468,82.7110855
Chhattisgarh_Korba_Acute Diarrhoeal Disease,Chhattisgarh,Korba,Acute Diarrhoeal Disease,2011,26,74,2.57165078,8.0,304.86,22.3547468,82.7110855
Chhattisgarh_Korba_Acute Diarrhoeal Disease,Chhattisgarh,Korba,Acute Diarrhoeal Disease,2011,27,88,1.36080574815,8.0,308.425,22.3547468,82.7110855
Chhattisgarh_Korba_Acute Diarrhoeal Disease,Chhattisgarh,Korba,Acute Diarrhoeal Disease,2011,32,88,1.36080574815,8.0,308.425,22.3547468,82.7110855
Chhattisgarh_Korba_Acute Diarrhoeal Disease,Chhattisgarh,Korba,Acute Diarrhoeal Disease,2012,34,23,0.8781455194,2.0,303.11,22.3547468,82.7110855
Chhattisgarh_Korba_Acute Diarrhoeal Disease,Chhattisgarh,Korba,Acute Diarrhoeal Disease,2013,1,13,4.78e-05,8.0,296.49666659999997,22.3547468,82.7110855
Chhattisgarh_Korba_Acute Diarrhoeal Disease,Chhattisgarh,Korba,Acute Diarrhoeal Disease,2013,37,25,0.7882824546,22.0,301.84000000000003,22.3547468,82.7110855
Chhattisgarh_Korba_Acute Diarrhoeal Disease,Chhattisgarh,Korba,Acute Diarrhoeal Disease,2016,35,16,0.8309448543,9.0,296.40000000000003,22.3547468,82.7110855
Chhattisgarh_Korba_Acute Diarrhoeal Disease,Chhattisgarh,Korba,Acute Diarrhoeal Disease,2016,38,56,0.7082834696,7.0,299.02,22.3547468,82.7110855
Chhattisgarh_Korba_Acute Diarrhoeal Disease,Chhattisgarh,Korba,Acute Diarrhoeal Disease,2017,31,101,1.55121106,6.0,303.11,22.3547468,82.7110855
Chhattisgarh_Korba_Acute Diarrhoeal Disease,Chhattisgarh,Korba,Acute Diarrhoeal Disease,2018,41,41,0.003324239414,9.0,304.132,22.3547468,82.7110855
Chhattisgarh_Mahasamund_Acute Diarrhoeal Disease,Chhattisgarh,Mahasamund,Acute Diarrhoeal Disease,2011,35,93,0.45672697905,8.5,305.07500000000005,21.1882332,82.48484762
Chhattisgarh_Mahasamund_Acute Diarrhoeal Disease,Chhattisgarh,Mahasamund,Acute Diarrhoeal Disease,2012,31,153,1.011977099,9.0,303.11,21.1882332,82.48484762
Chhattisgarh_Mahasamund_Acute Diarrhoeal Disease,Chhattisgarh,Mahasamund,Acute Diarrhoeal Disease,2012,34,435,1.1892514643,6.666666666666667,302.88166666666666,21.1882332,82.48484762
Chhattisgarh_Mahasamund_Acute Diarrhoeal Disease,Chhattisgarh,Mahasamund,Acute Diarrhoeal Disease,2013,30,16,0.6609109955,3.0,302.06,21.1882332,82.48484762
Chhattisgarh_Mahasamund_Acute Diarrhoeal Disease,Chhattisgarh,Mahasamund,Acute Diarrhoeal Disease,2014,31,75,2.914870589,4.0,303.11,21.1882332,82.48484762
Chhattisgarh_Mahasamund_Acute Diarrhoeal Disease,Chhattisgarh,Mahasamund,Acute Diarrhoeal Disease,2014,32,13,1.320361566,3.0,303.11,21.1882332,82.48484762
Chhattisgarh_Mahasamund_Acute Diarrhoeal Disease,Chhattisgarh,Mahasamund,Acute Diarrhoeal Disease,2015,25,49,0.2894295334,8.5,306.8125,21.1882332,82.48484762
Chhattisgarh_Mahasamund_Acute Diarrhoeal Disease,Chhattisgarh,Mahasamund,Acute Diarrhoeal Disease,2015,27,17,0.298851477,11.0,302.1,21.1882332,82.48484762
Chhattisgarh_Mahasamund_Acute Diarrhoeal Disease,Chhattisgarh,Mahasamund,Acute Diarrhoeal Disease,2016,26,19,0.1701469803,7.0,314.396,21.1882332,82.48484762
Chhattisgarh_Mahasamund_Acute Diarrhoeal Disease,Chhattisgarh,Mahasamund,Acute Diarrhoeal Disease,2016,27,42,0.3833894414,6.0,306.7,21.1882332,82.48484762
Chhattisgarh_Mahasamund_Acute Diarrhoeal Disease,Chhattisgarh,Mahasamund,Acute Diarrhoeal Disease,2016,30,38,0.6850587082,6.0,303.11,21.1882332,82.48484762
Chhattisgarh_Mahasamund_Acute Diarrhoeal Disease,Chhattisgarh,Mahasamund,Acute Diarrhoeal Disease,2017,30,44,0.9376933728,4.0,303.11,21.1882332,82.48484762
Chhattisgarh_Mahasamund_Acute Diarrhoeal Disease,Chhattisgarh,Mahasamund,Acute Diarrhoeal Disease,2019,21,34,0.01405675225,7.0,317.456,21.1882332,82.48484762
Chhattisgarh_Raigarh_Acute Diarrhoeal Disease,Chhattisgarh,Raigarh,Acute Diarrhoeal Disease,2011,36,103,1.033275074,13.0,300.0,22.5,83.5
Chhattisgarh_Raigarh_Acute Diarrhoeal Disease,Chhattisgarh,Raigarh,Acute Diarrhoeal Disease,2011,46,12,4.76e-05,9.0,302.4533334,22.5,83.5
Chhattisgarh_Raigarh_Acute Diarrhoeal Disease,Chhattisgarh,Raigarh,Acute Diarrhoeal Disease,2012,8,99,0.05914072873,8.0,297.948,22.5,83.5
Chhattisgarh_Raigarh_Acute Diarrhoeal Disease,Chhattisgarh,Raigarh,Acute Diarrhoeal Disease,2012,22,33,9.2e-05,8.0,316.0466666,22.5,83.5
Chhattisgarh_Raigarh_Acute Diarrhoeal Disease,Chhattisgarh,Raigarh,Acute Diarrhoeal Disease,2012,26,10,1.203182234,6.0,309.24,22.5,83.5
Chhattisgarh_Raigarh_Acute Diarrhoeal Disease,Chhattisgarh,Raigarh,Acute Diarrhoeal Disease,2012,29,91,1.393005051,10.0,302.46,22.5,83.5
Chhattisgarh_Raigarh_Acute Diarrhoeal Disease,Chhattisgarh,Raigarh,Acute Diarrhoeal Disease,2012,32,93,2.14985145,9.0,303.11,22.5,83.5
Chhattisgarh_Raigarh_Acute Diarrhoeal Disease,Chhattisgarh,Raigarh,Acute Diarrhoeal Disease,2013,32,105,0.9675657568,11.0,303.11,22.5,83.5
Chhattisgarh_Raigarh_Acute Diarrhoeal Disease,Chhattisgarh,Raigarh,Acute Diarrhoeal Disease,2013,34,50,0.7656037381499999,9.5,302.055,22.5,83.5
Chhattisgarh_Raigarh_Acute Diarrhoeal Disease,Chhattisgarh,Raigarh,Acute Diarrhoeal Disease,2014,26,33,0.3566564813,11.0,305.25,22.5,83.5
Chhattisgarh_Raigarh_Acute Diarrhoeal Disease,Chhattisgarh,Raigarh,Acute Diarrhoeal Disease,2014,27,23,0.5201143487,11.0,306.2866666,22.5,83.5
Chhattisgarh_Raigarh_Acute Diarrhoeal Disease,Chhattisgarh,Raigarh,Acute Diarrhoeal Disease,2014,33,14,0.6348217062,11.0,301.40000000000003,22.5,83.5
Chhattisgarh_Raigarh_Acute Diarrhoeal Disease,Chhattisgarh,Raigarh,Acute Diarrhoeal Disease,2014,35,70,0.6322372119333334,10.0,302.3544444666667,22.5,83.5
Chhattisgarh_Raigarh_Acute Diarrhoeal Disease,Chhattisgarh,Raigarh,Acute Diarrhoeal Disease,2014,40,40,1.032148113,14.0,301.28000000000003,22.5,83.5
Chhattisgarh_Raigarh_Acute Diarrhoeal Disease,Chhattisgarh,Raigarh,Acute Diarrhoeal Disease,2014,51,27,0.002586469478,11.0,298.8666666,22.5,83.5
Chhattisgarh_Raigarh_Acute Diarrhoeal Disease,Chhattisgarh,Raigarh,Acute Diarrhoeal Disease,2015,39,29,0.1014175756,9.0,303.40000000000003,22.5,83.5
Chhattisgarh_Raigarh_Acute Diarrhoeal Disease,Chhattisgarh,Raigarh,Acute Diarrhoeal Disease,2016,18,22,0.02245249993,7.0,315.2366666,22.5,83.5
Chhattisgarh_Raigarh_Acute Diarrhoeal Disease,Chhattisgarh,Raigarh,Acute Diarrhoeal Disease,2016,26,39,0.8591524321,7.0,312.08,22.5,83.5
Chhattisgarh_Raigarh_Acute Diarrhoeal Disease,Chhattisgarh,Raigarh,Acute Diarrhoeal Disease,2017,25,47,0.2771768348,9.0,310.495,22.5,83.5
Chhattisgarh_Raigarh_Acute Diarrhoeal Disease,Chhattisgarh,Raigarh,Acute Diarrhoeal Disease,2018,3,25,7.48e-05,9.0,295.55,22.5,83.5
Chhattisgarh_Raigarh_Acute Diarrhoeal Disease,Chhattisgarh,Raigarh,Acute Diarrhoeal Disease,2019,42,63,1.20006470875,22.5,298.64750000000004,22.5,83.5
Chhattisgarh_Raigarh_Acute Diarrhoeal Disease,Chhattisgarh,Raigarh,Acute Diarrhoeal Disease,2019,46,74,0.0009846442116,19.0,298.78000000000003,22.5,83.5
Chhattisgarh_Raigarh_Acute Diarrhoeal Disease,Chhattisgarh,Raigarh,Acute Diarrhoeal Disease,2019,51,14,5.53e-05,13.0,297.616,22.5,83.5
Chhattisgarh_Raipur_Acute Diarrhoeal Disease,Chhattisgarh,Raipur,Acute Diarrhoeal Disease,2009,34,11,0.05779330451,9.0,305.5,21.2380912,81.6336993
Chhattisgarh_Raipur_Acute Diarrhoeal Disease,Chhattisgarh,Raipur,Acute Diarrhoeal Disease,2011,32,38,0.8145746186,9.0,301.42,21.2380912,81.6336993
Chhattisgarh_Raipur_Acute Diarrhoeal Disease,Chhattisgarh,Raipur,Acute Diarrhoeal Disease,2011,33,67,1.044051998,1.0,303.11,21.2380912,81.6336993
Chhattisgarh_Raipur_Acute Diarrhoeal Disease,Chhattisgarh,Raipur,Acute Diarrhoeal Disease,2011,36,103,0.7469759799,9.0,302.22,21.2380912,81.6336993
Chhattisgarh_Raipur_Acute Diarrhoeal Disease,Chhattisgarh,Raipur,Acute Diarrhoeal Disease,2011,42,114,0.6063916808,24.0,299.512,21.2380912,81.6336993
Chhattisgarh_Raipur_Acute Diarrhoeal Disease,Chhattisgarh,Raipur,Acute Diarrhoeal Disease,2012,29,168,1.212981018,7.0,301.52,21.2380912,81.6336993
Chhattisgarh_Raipur_Acute Diarrhoeal Disease,Chhattisgarh,Raipur,Acute Diarrhoeal Disease,2012,34,54,0.6600048626,8.0,303.11,21.2380912,81.6336993
Chhattisgarh_Raipur_Acute Diarrhoeal Disease,Chhattisgarh,Raipur,Acute Diarrhoeal Disease,2013,18,26,0.09949604187,6.0,313.068,21.2380912,81.6336993
Chhattisgarh_Raipur_Acute Diarrhoeal Disease,Chhattisgarh,Raipur,Acute Diarrhoeal Disease,2014,39,57,0.3394392926,23.0,297.7733334,21.2380912,81.6336993
Chhattisgarh_Raipur_Acute Diarrhoeal Disease,Chhattisgarh,Raipur,Acute Diarrhoeal Disease,2014,40,24,0.4085817277,23.0,300.74,21.2380912,81.6336993
Chhattisgarh_Raipur_Acute Diarrhoeal Disease,Chhattisgarh,Raipur,Acute Diarrhoeal Disease,2014,43,41,0.0001719088613,26.0,303.056,21.2380912,81.6336993
Chhattisgarh_Raipur_Acute Diarrhoeal Disease,Chhattisgarh,Raipur,Acute Diarrhoeal Disease,2015,28,17,0.1507586985,5.0,286.78000000000003,21.2380912,81.6336993
Chhattisgarh_Raipur_Acute Diarrhoeal Disease,Chhattisgarh,Raipur,Acute Diarrhoeal Disease,2015,29,208,0.1679923449,9.0,300.44,21.2380912,81.6336993
Chhattisgarh_Raipur_Acute Diarrhoeal Disease,Chhattisgarh,Raipur,Acute Diarrhoeal Disease,2015,32,117,0.4890895903,10.0,302.77,21.2380912,81.6336993
Chhattisgarh_Raipur_Acute Diarrhoeal Disease,Chhattisgarh,Raipur,Acute Diarrhoeal Disease,2015,44,31,0.0004706187149,22.0,304.3166666,21.2380912,81.6336993
Chhattisgarh_Raipur_Acute Diarrhoeal Disease,Chhattisgarh,Raipur,Acute Diarrhoeal Disease,2016,29,26,1.463634027,4.0,303.11,21.2380912,81.6336993
Chhattisgarh_Raipur_Acute Diarrhoeal Disease,Chhattisgarh,Raipur,Acute Diarrhoeal Disease,2016,35,31,1.182055361,9.0,300.14,21.2380912,81.6336993
Chhattisgarh_Raipur_Acute Diarrhoeal Disease,Chhattisgarh,Raipur,Acute Diarrhoeal Disease,2019,26,39,0.1077817702,9.0,317.8,21.2380912,81.6336993
Chhattisgarh_Rajnandgaon_Acute Diarrhoeal Disease,Chhattisgarh,Rajnandgaon,Acute Diarrhoeal Disease,2011,38,33,0.4903200333,9.0,299.9666666,20.9727404,80.69155548
Chhattisgarh_Rajnandgaon_Acute Diarrhoeal Disease,Chhattisgarh,Rajnandgaon,Acute Diarrhoeal Disease,2013,27,49,1.319301587,7.0,301.81,20.9727404,80.69155548
Chhattisgarh_Rajnandgaon_Acute Diarrhoeal Disease,Chhattisgarh,Rajnandgaon,Acute Diarrhoeal Disease,2013,47,19,4.87e-05,9.0,300.08,20.9727404,80.69155548
Chhattisgarh_Rajnandgaon_Acute Diarrhoeal Disease,Chhattisgarh,Rajnandgaon,Acute Diarrhoeal Disease,2014,39,45,1.048032584,4.0,299.02,20.9727404,80.69155548
Chhattisgarh_Rajnandgaon_Acute Diarrhoeal Disease,Chhattisgarh,Rajnandgaon,Acute Diarrhoeal Disease,2015,26,42,0.6496737212,8.0,312.42,20.9727404,80.69155548
Chhattisgarh_Rajnandgaon_Acute Diarrhoeal Disease,Chhattisgarh,Rajnandgaon,Acute Diarrhoeal Disease,2015,32,19,0.2071116963,9.0,301.2133334,20.9727404,80.69155548
Chhattisgarh_Rajnandgaon_Acute Diarrhoeal Disease,Chhattisgarh,Rajnandgaon,Acute Diarrhoeal Disease,2015,41,18,0.01181482315,31.0,300.5266666,20.9727404,80.69155548
Chhattisgarh_Rajnandgaon_Acute Diarrhoeal Disease,Chhattisgarh,Rajnandgaon,Acute Diarrhoeal Disease,2016,28,87,1.545432802,0.0,303.11,20.9727404,80.69155548
Chhattisgarh_Rajnandgaon_Acute Diarrhoeal Disease,Chhattisgarh,Rajnandgaon,Acute Diarrhoeal Disease,2016,29,14,0.7008331568,6.0,303.11,20.9727404,80.69155548
Chhattisgarh_Rajnandgaon_Acute Diarrhoeal Disease,Chhattisgarh,Rajnandgaon,Acute Diarrhoeal Disease,2016,30,182,1.03924537,4.0,303.11,20.9727404,80.69155548
Chhattisgarh_Rajnandgaon_Acute Diarrhoeal Disease,Chhattisgarh,Rajnandgaon,Acute Diarrhoeal Disease,2016,33,92,1.8353380256666665,4.666666666666667,303.11,20.9727404,80.69155548
Chhattisgarh_Rajnandgaon_Acute Diarrhoeal Disease,Chhattisgarh,Rajnandgaon,Acute Diarrhoeal Disease,2016,35,12,0.5533388686,9.0,298.995,20.9727404,80.69155548
Chhattisgarh_Rajnandgaon_Acute Diarrhoeal Disease,Chhattisgarh,Rajnandgaon,Acute Diarrhoeal Disease,2016,38,193,0.6611996587,16.0,297.37,20.9727404,80.69155548
Chhattisgarh_Rajnandgaon_Acute Diarrhoeal Disease,Chhattisgarh,Rajnandgaon,Acute Diarrhoeal Disease,2016,48,15,4.12e-05,9.0,301.0133334,20.9727404,80.69155548
Chhattisgarh_Rajnandgaon_Acute Diarrhoeal Disease,Chhattisgarh,Rajnandgaon,Acute Diarrhoeal Disease,2017,25,21,0.188814781,9.0,312.43,20.9727404,80.69155548
Chhattisgarh_Rajnandgaon_Acute Diarrhoeal Disease,Chhattisgarh,Rajnandgaon,Acute Diarrhoeal Disease,2017,29,107,0.77209458015,3.0,307.21500000000003,20.9727404,80.69155548
Chhattisgarh_Rajnandgaon_Acute Diarrhoeal Disease,Chhattisgarh,Rajnandgaon,Acute Diarrhoeal Disease,2019,11,13,0.01301690773,9.0,307.42,20.9727404,80.69155548
Chhattisgarh_Rajnandgaon_Acute Diarrhoeal Disease,Chhattisgarh,Rajnandgaon,Acute Diarrhoeal Disease,2019,23,112,0.0001514191123,8.0,318.848,20.9727404,80.69155548
Chhattisgarh_Rajnandgaon_Acute Diarrhoeal Disease,Chhattisgarh,Rajnandgaon,Acute Diarrhoeal Disease,2019,26,39,0.1569675641,10.0,315.38,20.9727404,80.69155548
Chhattisgarh_Rajnandgaon_Acute Diarrhoeal Disease,Chhattisgarh,Rajnandgaon,Acute Diarrhoeal Disease,2019,33,61,1.108574475,9.0,303.11,20.9727404,80.69155548
Gujarat_Ahmedabad_Acute Diarrhoeal Disease,Gujarat,Ahmedabad,Acute Diarrhoeal Disease,2010,52,240,8.13e-05,4.0,301.3,23.0216238,72.5797068
Gujarat_Ahmedabad_Acute Diarrhoeal Disease,Gujarat,Ahmedabad,Acute Diarrhoeal Disease,2011,9,10,4.25e-05,10.0,303.212,23.0216238,72.5797068
Gujarat_Ahmedabad_Acute Diarrhoeal Disease,Gujarat,Ahmedabad,Acute Diarrhoeal Disease,2012,34,136,0.1957929965,9.0,303.11,23.0216238,72.5797068
Gujarat_Ahmedabad_Acute Diarrhoeal Disease,Gujarat,Ahmedabad,Acute Diarrhoeal Disease,2012,40,14,0.00535877149,13.0,306.56333340000003,23.0216238,72.5797068
Gujarat_Ahmedabad_Acute Diarrhoeal Disease,Gujarat,Ahmedabad,Acute Diarrhoeal Disease,2013,25,67,2.62e-05,5.0,316.1,23.0216238,72.5797068
Gujarat_Ahmedabad_Acute Diarrhoeal Disease,Gujarat,Ahmedabad,Acute Diarrhoeal Disease,2013,29,25,1.525266005,2.0,303.11,23.0216238,72.5797068
Gujarat_Ahmedabad_Acute Diarrhoeal Disease,Gujarat,Ahmedabad,Acute Diarrhoeal Disease,2014,2,33,5.56e-05,9.0,300.028,23.0216238,72.5797068
Gujarat_Ahmedabad_Acute Diarrhoeal Disease,Gujarat,Ahmedabad,Acute Diarrhoeal Disease,2014,29,37,0.005188415844,4.0,308.764,23.0216238,72.5797068
Gujarat_Ahmedabad_Acute Diarrhoeal Disease,Gujarat,Ahmedabad,Acute Diarrhoeal Disease,2019,25,34,0.1622094207,5.0,309.1733334,23.0216238,72.5797068
Gujarat_Ahmedabad_Acute Diarrhoeal Disease,Gujarat,Ahmedabad,Acute Diarrhoeal Disease,2022,7,67,7.25e-05,9.0,302.55333340000004,23.0216238,72.5797068
Gujarat_Amreli_Acute Diarrhoeal Disease,Gujarat,Amreli,Acute Diarrhoeal Disease,2009,30,58,2.66063763,5.0,303.11,20.866667,70.75
Gujarat_Amreli_Acute Diarrhoeal Disease,Gujarat,Amreli,Acute Diarrhoeal Disease,2010,4,45,3.16e-05,9.0,306.93333340000004,20.866667,70.75
Gujarat_Amreli_Acute Diarrhoeal Disease,Gujarat,Amreli,Acute Diarrhoeal Disease,2010,43,12,0.1970733304,19.0,302.805,20.866667,70.75
Gujarat_Amreli_Acute Diarrhoeal Disease,Gujarat,Amreli,Acute Diarrhoeal Disease,2010,46,35,9.44e-05,12.0,307.6433334,20.866667,70.75
Gujarat_Amreli_Acute Diarrhoeal Disease,Gujarat,Amreli,Acute Diarrhoeal Disease,2011,46,48,4.67e-05,9.0,307.80333340000004,20.866667,70.75
Gujarat_Amreli_Acute Diarrhoeal Disease,Gujarat,Amreli,Acute Diarrhoeal Disease,2011,47,98,4.67e-05,9.0,307.80333340000004,20.866667,70.75
Gujarat_Amreli_Acute Diarrhoeal Disease,Gujarat,Amreli,Acute Diarrhoeal Disease,2013,13,22,0.0001923105415,5.0,316.652,20.866667,70.75
Gujarat_Amreli_Acute Diarrhoeal Disease,Gujarat,Amreli,Acute Diarrhoeal Disease,2014,22,62,0.002716027403,7.0,314.94333340000003,20.866667,70.75
Gujarat_Amreli_Acute Diarrhoeal Disease,Gujarat,Amreli,Acute Diarrhoeal Disease,2014,33,15,0.3483901807,9.0,300.67,20.866667,70.75
Gujarat_Amreli_Acute Diarrhoeal Disease,Gujarat,Amreli,Acute Diarrhoeal Disease,2015,13,52,7.03e-05,6.0,313.0966666,20.866667,70.75
Gujarat_Anand_Acute Diarrhoeal Disease,Gujarat,Anand,Acute Diarrhoeal Disease,2010,32,12,0.9663964233,9.0,303.11,22.5584995,72.9625629
Gujarat_Anand_Acute Diarrhoeal Disease,Gujarat,Anand,Acute Diarrhoeal Disease,2010,37,74,0.2442679533,8.0,302.8,22.5584995,72.9625629
Gujarat_Anand_Acute Diarrhoeal Disease,Gujarat,Anand,Acute Diarrhoeal Disease,2011,9,21,4.25e-05,9.0,304.61,22.5584995,72.9625629
Gujarat_Anand_Acute Diarrhoeal Disease,Gujarat,Anand,Acute Diarrhoeal Disease,2011,17,108,0.00017926431805000002,6.0,316.1746667,22.5584995,72.9625629
Gujarat_Anand_Acute Diarrhoeal Disease,Gujarat,Anand,Acute Diarrhoeal Disease,2011,46,28,4.24e-05,8.0,307.56,22.5584995,72.9625629
Gujarat_Anand_Acute Diarrhoeal Disease,Gujarat,Anand,Acute Diarrhoeal Disease,2012,6,26,4.81e-05,9.0,301.63,22.5584995,72.9625629
Gujarat_Anand_Acute Diarrhoeal Disease,Gujarat,Anand,Acute Diarrhoeal Disease,2012,27,23,0.07424043387,5.0,310.7,22.5584995,72.9625629
Gujarat_Anand_Acute Diarrhoeal Disease,Gujarat,Anand,Acute Diarrhoeal Disease,2012,30,47,0.2137088504,6.0,302.6733334,22.5584995,72.9625629
Gujarat_Anand_Acute Diarrhoeal Disease,Gujarat,Anand,Acute Diarrhoeal Disease,2013,27,20,2.293925967,3.0,303.11,22.5584995,72.9625629
Gujarat_Anand_Acute Diarrhoeal Disease,Gujarat,Anand,Acute Diarrhoeal Disease,2014,14,31,4.46e-05,9.0,311.476,22.5584995,72.9625629
Gujarat_Anand_Acute Diarrhoeal Disease,Gujarat,Anand,Acute Diarrhoeal Disease,2014,47,29,0.09833897068,11.0,305.145,22.5584995,72.9625629
Gujarat_Anand_Acute Diarrhoeal Disease,Gujarat,Anand,Acute Diarrhoeal Disease,2014,50,26,5.5e-05,8.0,301.82,22.5584995,72.9625629
Gujarat_Anand_Acute Diarrhoeal Disease,Gujarat,Anand,Acute Diarrhoeal Disease,2014,52,90,7.39e-05,9.0,301.21500000000003,22.5584995,72.9625629
Gujarat_Anand_Acute Diarrhoeal Disease,Gujarat,Anand,Acute Diarrhoeal Disease,2015,29,49,0.0885544005,5.0,308.1866666,22.5584995,72.9625629
Gujarat_Anand_Acute Diarrhoeal Disease,Gujarat,Anand,Acute Diarrhoeal Disease,2015,30,22,0.1103638896,9.0,308.31,22.5584995,72.9625629
Gujarat_Anand_Acute Diarrhoeal Disease,Gujarat,Anand,Acute Diarrhoeal Disease,2015,37,34,0.03158392558,12.0,305.04400000000004,22.5584995,72.9625629
Gujarat_Anand_Acute Diarrhoeal Disease,Gujarat,Anand,Acute Diarrhoeal Disease,2017,31,33,1.074812929,7.0,299.44,22.5584995,72.9625629
Gujarat_Anand_Acute Diarrhoeal Disease,Gujarat,Anand,Acute Diarrhoeal Disease,2017,49,87,5.58e-05,8.0,304.2933334,22.5584995,72.9625629
Gujarat_Anand_Acute Diarrhoeal Disease,Gujarat,Anand,Acute Diarrhoeal Disease,2018,3,196,0.0001094685119,10.0,302.535,22.5584995,72.9625629
Gujarat_Anand_Acute Diarrhoeal Disease,Gujarat,Anand,Acute Diarrhoeal Disease,2019,2,75,6.69e-05,9.0,298.748,22.5584995,72.9625629
Gujarat_Anand_Acute Diarrhoeal Disease,Gujarat,Anand,Acute Diarrhoeal Disease,2019,34,40,0.8088184757,5.0,301.3,22.5584995,72.9625629
Gujarat_Anand_Acute Diarrhoeal Disease,Gujarat,Anand,Acute Diarrhoeal Disease,2021,23,15,0.002561268239,9.0,308.588,22.5584995,72.9625629
Gujarat_Banaskantha_Acute Diarrhoeal Disease,Gujarat,Banaskantha,Acute Diarrhoeal Disease,2011,9,42,0.0008085716425,10.0,303.3333334,24.172056,72.431134
Gujarat_Banaskantha_Acute Diarrhoeal Disease,Gujarat,Banaskantha,Acute Diarrhoeal Disease,2011,20,319,0.0004629636403,7.5,315.3366667,24.172056,72.431134
Gujarat_Banaskantha_Acute Diarrhoeal Disease,Gujarat,Banaskantha,Acute Diarrhoeal Disease,2012,3,84,3.57e-05,8.0,298.25333340000003,24.172056,72.431134
Gujarat_Banaskantha_Acute Diarrhoeal Disease,Gujarat,Banaskantha,Acute Diarrhoeal Disease,2012,4,109,0.0003600747151,8.0,297.70000000000005,24.172056,72.431134
Gujarat_Banaskantha_Acute Diarrhoeal Disease,Gujarat,Banaskantha,Acute Diarrhoeal Disease,2013,22,141,0.008265910713,7.0,312.5766666,24.172056,72.431134
Gujarat_Banaskantha_Acute Diarrhoeal Disease,Gujarat,Banaskantha,Acute Diarrhoeal Disease,2015,25,38,0.01902643619,6.0,312.375,24.172056,72.431134
Gujarat_Banaskantha_Acute Diarrhoeal Disease,Gujarat,Banaskantha,Acute Diarrhoeal Disease,2016,23,14,4.93e-05,9.0,318.31,24.172056,72.431134
Gujarat_Banaskantha_Acute Diarrhoeal Disease,Gujarat,Banaskantha,Acute Diarrhoeal Disease,2016,30,194,0.2124229522,6.0,307.2,24.172056,72.431134
Gujarat_Banaskantha_Acute Diarrhoeal Disease,Gujarat,Banaskantha,Acute Diarrhoeal Disease,2017,23,25,0.02636463181,9.0,311.184,24.172056,72.431134
Gujarat_Banaskantha_Acute Diarrhoeal Disease,Gujarat,Banaskantha,Acute Diarrhoeal Disease,2018,10,23,5.77e-05,6.0,308.64,24.172056,72.431134
Gujarat_Bharuch_Acute Diarrhoeal Disease,Gujarat,Bharuch,Acute Diarrhoeal Disease,2011,1,30,6.02e-05,8.0,306.59200000000004,21.75,73.0
Gujarat_Bharuch_Acute Diarrhoeal Disease,Gujarat,Bharuch,Acute Diarrhoeal Disease,2011,6,215,6.28e-05,7.0,304.736,21.75,73.0
Gujarat_Bharuch_Acute Diarrhoeal Disease,Gujarat,Bharuch,Acute Diarrhoeal Disease,2011,18,42,5.55e-05,6.0,315.1266666,21.75,73.0
Gujarat_Bharuch_Acute Diarrhoeal Disease,Gujarat,Bharuch,Acute Diarrhoeal Disease,2012,5,88,9.37e-05,6.0,304.316,21.75,73.0
Gujarat_Bharuch_Acute Diarrhoeal Disease,Gujarat,Bharuch,Acute Diarrhoeal Disease,2012,6,88,6.09e-05,6.0,305.152,21.75,73.0
Gujarat_Bharuch_Acute Diarrhoeal Disease,Gujarat,Bharuch,Acute Diarrhoeal Disease,2014,28,101,0.09258189551,7.0,307.32,21.75,73.0
Gujarat_Bharuch_Acute Diarrhoeal Disease,Gujarat,Bharuch,Acute Diarrhoeal Disease,2014,36,26,1.448381072,9.0,298.26,21.75,73.0
Gujarat_Bharuch_Acute Diarrhoeal Disease,Gujarat,Bharuch,Acute Diarrhoeal Disease,2014,37,24,0.681560647,9.0,299.23,21.75,73.0
Gujarat_Bharuch_Acute Diarrhoeal Disease,Gujarat,Bharuch,Acute Diarrhoeal Disease,2015,25,45,0.4464055969,9.0,309.28000000000003,21.75,73.0
Gujarat_Bharuch_Acute Diarrhoeal Disease,Gujarat,Bharuch,Acute Diarrhoeal Disease,2018,14,40,3.38e-05,9.0,316.0833334,21.75,73.0
Gujarat_Gandhinagar_Acute Diarrhoeal Disease,Gujarat,Gandhinagar,Acute Diarrhoeal Disease,2010,3,16,2.45e-05,9.0,301.5466666,23.2232877,72.6492267
Gujarat_Gandhinagar_Acute Diarrhoeal Disease,Gujarat,Gandhinagar,Acute Diarrhoeal Disease,2010,14,94,5.86e-05,5.0,314.24333340000004,23.2232877,72.6492267
Gujarat_Gandhinagar_Acute Diarrhoeal Disease,Gujarat,Gandhinagar,Acute Diarrhoeal Disease,2010,25,13,0.0478492888,9.0,315.74666659999997,23.2232877,72.6492267
Gujarat_Gandhinagar_Acute Diarrhoeal Disease,Gujarat,Gandhinagar,Acute Diarrhoeal Disease,2010,26,115,0.05166004554,4.0,310.43333340000004,23.2232877,72.6492267
Gujarat_Gandhinagar_Acute Diarrhoeal Disease,Gujarat,Gandhinagar,Acute Diarrhoeal Disease,2010,32,12,2.152496609,9.0,303.11,23.2232877,72.6492267
Gujarat_Gandhinagar_Acute Diarrhoeal Disease,Gujarat,Gandhinagar,Acute Diarrhoeal Disease,2012,28,122,0.182822620379,3.5,313.18,23.2232877,72.6492267
Gujarat_Gandhinagar_Acute Diarrhoeal Disease,Gujarat,Gandhinagar,Acute Diarrhoeal Disease,2013,16,13,0.003385865843,5.0,314.384,23.2232877,72.6492267
Gujarat_Gandhinagar_Acute Diarrhoeal Disease,Gujarat,Gandhinagar,Acute Diarrhoeal Disease,2013,18,12,0.02473257663,5.0,314.9366666,23.2232877,72.6492267
Gujarat_Gandhinagar_Acute Diarrhoeal Disease,Gujarat,Gandhinagar,Acute Diarrhoeal Disease,2014,24,13,0.00197039326,4.0,315.99,23.2232877,72.6492267
Gujarat_Gandhinagar_Acute Diarrhoeal Disease,Gujarat,Gandhinagar,Acute Diarrhoeal Disease,2016,12,34,7.61e-05,6.0,312.1666666,23.2232877,72.6492267
Gujarat_Gandhinagar_Acute Diarrhoeal Disease,Gujarat,Gandhinagar,Acute Diarrhoeal Disease,2016,23,28,0.001888167203,4.0,315.8866666,23.2232877,72.6492267
Gujarat_Gandhinagar_Acute Diarrhoeal Disease,Gujarat,Gandhinagar,Acute Diarrhoeal Disease,2016,42,14,0.4269231871,13.0,302.325,23.2232877,72.6492267
Gujarat_Gandhinagar_Acute Diarrhoeal Disease,Gujarat,Gandhinagar,Acute Diarrhoeal Disease,2022,10,14,7.1e-05,9.0,307.38,23.2232877,72.6492267
Gujarat_Kheda_Acute Diarrhoeal Disease,Gujarat,Kheda,Acute Diarrhoeal Disease,2010,12,33,1.97e-05,9.0,316.05,22.75,72.833333
Gujarat_Kheda_Acute Diarrhoeal Disease,Gujarat,Kheda,Acute Diarrhoeal Disease,2010,23,39,0.062621552817,9.0,315.1335,22.75,72.833333
Gujarat_Kheda_Acute Diarrhoeal Disease,Gujarat,Kheda,Acute Diarrhoeal Disease,2010,26,23,0.01345771185,9.0,310.5866666,22.75,72.833333
Gujarat_Kheda_Acute Diarrhoeal Disease,Gujarat,Kheda,Acute Diarrhoeal Disease,2010,41,8,0.02042735116,14.0,303.62,22.75,72.833333
Gujarat_Kheda_Acute Diarrhoeal Disease,Gujarat,Kheda,Acute Diarrhoeal Disease,2011,5,95,4.99e-05,10.0,300.83,22.75,72.833333
Gujarat_Kheda_Acute Diarrhoeal Disease,Gujarat,Kheda,Acute Diarrhoeal Disease,2011,12,25,2.47e-05,9.0,313.62,22.75,72.833333
Gujarat_Kheda_Acute Diarrhoeal Disease,Gujarat,Kheda,Acute Diarrhoeal Disease,2011,23,39,0.01034451457875,9.0,314.653,22.75,72.833333
Gujarat_Kheda_Acute Diarrhoeal Disease,Gujarat,Kheda,Acute Diarrhoeal Disease,2012,3,41,0.001980834165,9.0,298.87,22.75,72.833333
Gujarat_Kheda_Acute Diarrhoeal Disease,Gujarat,Kheda,Acute Diarrhoeal Disease,2012,17,25,5.55e-05,6.0,315.6066666,22.75,72.833333
Gujarat_Kheda_Acute Diarrhoeal Disease,Gujarat,Kheda,Acute Diarrhoeal Disease,2013,29,14,1.540231603,2.0,303.11,22.75,72.833333
Gujarat_Kheda_Acute Diarrhoeal Disease,Gujarat,Kheda,Acute Diarrhoeal Disease,2013,34,13,0.1069196757,10.0,301.6,22.75,72.833333
Gujarat_Kheda_Acute Diarrhoeal Disease,Gujarat,Kheda,Acute Diarrhoeal Disease,2013,39,41,2.533894167,5.0,303.11,22.75,72.833333
Gujarat_Kheda_Acute Diarrhoeal Disease,Gujarat,Kheda,Acute Diarrhoeal Disease,2014,17,12,0.02083285209,9.0,313.572,22.75,72.833333
Gujarat_Kheda_Acute Diarrhoeal Disease,Gujarat,Kheda,Acute Diarrhoeal Disease,2014,29,31,0.07187423672,1.0,315.94,22.75,72.833333
Gujarat_Kheda_Acute Diarrhoeal Disease,Gujarat,Kheda,Acute Diarrhoeal Disease,2014,40,13,0.02370517307,9.0,305.0166666,22.75,72.833333
Gujarat_Kheda_Acute Diarrhoeal Disease,Gujarat,Kheda,Acute Diarrhoeal Disease,2015,31,193,3.667721542,2.0,303.11,22.75,72.833333
Gujarat_Kheda_Acute Diarrhoeal Disease,Gujarat,Kheda,Acute Diarrhoeal Disease,2015,32,214,3.667721542,2.0,303.11,22.75,72.833333
Gujarat_Kheda_Acute Diarrhoeal Disease,Gujarat,Kheda,Acute Diarrhoeal Disease,2016,4,11,5.13e-05,9.0,301.3766666,22.75,72.833333
Gujarat_Kheda_Acute Diarrhoeal Disease,Gujarat,Kheda,Acute Diarrhoeal Disease,2016,18,73,0.01075004829,5.0,317.5866666,22.75,72.833333
Gujarat_Kheda_Acute Diarrhoeal Disease,Gujarat,Kheda,Acute Diarrhoeal Disease,2016,38,101,0.02547058312,16.0,305.01,22.75,72.833333
Gujarat_Kheda_Acute Diarrhoeal Disease,Gujarat,Kheda,Acute Diarrhoeal Disease,2016,43,51,3.67e-05,10.0,306.8666666,22.75,72.833333
Gujarat_Kheda_Acute Diarrhoeal Disease,Gujarat,Kheda,Acute Diarrhoeal Disease,2017,28,45,5.679999853,3.0,303.62,22.75,72.833333
Gujarat_Kheda_Acute Diarrhoeal Disease,Gujarat,Kheda,Acute Diarrhoeal Disease,2017,49,23,0.2810998503,5.0,296.47,22.75,72.833333
Gujarat_Kheda_Acute Diarrhoeal Disease,Gujarat,Kheda,Acute Diarrhoeal Disease,2018,21,23,6.56e-05,4.0,319.14,22.75,72.833333
Gujarat_Kheda_Acute Diarrhoeal Disease,Gujarat,Kheda,Acute Diarrhoeal Disease,2018,29,18,1.467803365,9.0,290.44,22.75,72.833333
Gujarat_Kheda_Acute Diarrhoeal Disease,Gujarat,Kheda,Acute Diarrhoeal Disease,2019,21,55,7.54e-05,9.0,317.5933334,22.75,72.833333
Gujarat_Kheda_Acute Diarrhoeal Disease,Gujarat,Kheda,Acute Diarrhoeal Disease,2019,30,18,0.1766005699,5.0,311.89,22.75,72.833333
Gujarat_Kheda_Acute Diarrhoeal Disease,Gujarat,Kheda,Acute Diarrhoeal Disease,2022,12,19,8.42e-05,6.0,311.62333340000004,22.75,72.833333
Gujarat_Mahesana_Acute Diarrhoeal Disease,Gujarat,Mahesana,Acute Diarrhoeal Disease,2011,21,158,0.001998657765,6.0,316.1866666,23.6015557,72.3867981
Gujarat_Mahesana_Acute Diarrhoeal Disease,Gujarat,Mahesana,Acute Diarrhoeal Disease,2014,19,12,0.007544037127,9.0,317.232,23.6015557,72.3867981
Gujarat_Mahesana_Acute Diarrhoeal Disease,Gujarat,Mahesana,Acute Diarrhoeal Disease,2014,21,14,0.001093470186,9.0,318.5133334,23.6015557,72.3867981
Gujarat_Mahesana_Acute Diarrhoeal Disease,Gujarat,Mahesana,Acute Diarrhoeal Disease,2014,27,28,0.04202152712,4.0,311.95,23.6015557,72.3867981
Gujarat_Mahesana_Acute Diarrhoeal Disease,Gujarat,Mahesana,Acute Diarrhoeal Disease,2014,30,44,1.166922086,3.0,303.11,23.6015557,72.3867981
Gujarat_Mahesana_Acute Diarrhoeal Disease,Gujarat,Mahesana,Acute Diarrhoeal Disease,2015,25,10,0.08118033826,5.0,311.545,23.6015557,72.3867981
Gujarat_Mahesana_Acute Diarrhoeal Disease,Gujarat,Mahesana,Acute Diarrhoeal Disease,2016,40,38,1.01484334,9.0,302.34000000000003,23.6015557,72.3867981
Gujarat_Mahesana_Acute Diarrhoeal Disease,Gujarat,Mahesana,Acute Diarrhoeal Disease,2017,28,59,0.110457854,9.0,310.49,23.6015557,72.3867981
Gujarat_Mahesana_Acute Diarrhoeal Disease,Gujarat,Mahesana,Acute Diarrhoeal Disease,2017,44,56,4.78e-05,9.0,307.58,23.6015557,72.3867981
Gujarat_Mahesana_Acute Diarrhoeal Disease,Gujarat,Mahesana,Acute Diarrhoeal Disease,2019,1,12,0.0001120414055,7.0,298.01,23.6015557,72.3867981
Gujarat_Mahesana_Acute Diarrhoeal Disease,Gujarat,Mahesana,Acute Diarrhoeal Disease,2019,24,13,0.04759859363,5.0,317.5966666,23.6015557,72.3867981
Gujarat_Mahesana_Acute Diarrhoeal Disease,Gujarat,Mahesana,Acute Diarrhoeal Disease,2019,42,250,0.01058782493,9.0,307.8266666,23.6015557,72.3867981
Gujarat_Mahesana_Acute Diarrhoeal Disease,Gujarat,Mahesana,Acute Diarrhoeal Disease,2020,4,45,6.17e-05,9.0,297.6633334,23.6015557,72.3867981
Gujarat_Navsari_Acute Diarrhoeal Disease,Gujarat,Navsari,Acute Diarrhoeal Disease,2010,18,99,5.82e-05,9.0,317.99333340000004,20.952407,72.9323831
Gujarat_Navsari_Acute Diarrhoeal Disease,Gujarat,Navsari,Acute Diarrhoeal Disease,2010,22,58,0.001981435482,5.0,308.31333340000003,20.952407,72.9323831
Gujarat_Navsari_Acute Diarrhoeal Disease,Gujarat,Navsari,Acute Diarrhoeal Disease,2010,26,54,0.02331308607,5.0,308.12,20.952407,72.9323831
Gujarat_Navsari_Acute Diarrhoeal Disease,Gujarat,Navsari,Acute Diarrhoeal Disease,2010,37,75,1.693848304,5.0,291.94,20.952407,72.9323831
Gujarat_Navsari_Acute Diarrhoeal Disease,Gujarat,Navsari,Acute Diarrhoeal Disease,2010,39,89,1.693848304,5.0,291.94,20.952407,72.9323831
Gujarat_Navsari_Acute Diarrhoeal Disease,Gujarat,Navsari,Acute Diarrhoeal Disease,2011,11,29,0.0008183304689,4.0,304.848,20.952407,72.9323831
Gujarat_Navsari_Acute Diarrhoeal Disease,Gujarat,Navsari,Acute Diarrhoeal Disease,2011,30,19,1.454790023,9.0,303.11,20.952407,72.9323831
Gujarat_Navsari_Acute Diarrhoeal Disease,Gujarat,Navsari,Acute Diarrhoeal Disease,2011,35,35,1.846970939,9.0,303.11,20.952407,72.9323831
Gujarat_Navsari_Acute Diarrhoeal Disease,Gujarat,Navsari,Acute Diarrhoeal Disease,2013,41,14,0.2864003961,9.0,302.57,20.952407,72.9323831
Gujarat_Navsari_Acute Diarrhoeal Disease,Gujarat,Navsari,Acute Diarrhoeal Disease,2014,32,47,0.5151682244,5.0,297.62,20.952407,72.9323831
Gujarat_Navsari_Acute Diarrhoeal Disease,Gujarat,Navsari,Acute Diarrhoeal Disease,2015,20,45,4.55e-05,5.0,312.68333340000004,20.952407,72.9323831
Gujarat_Navsari_Acute Diarrhoeal Disease,Gujarat,Navsari,Acute Diarrhoeal Disease,2015,26,16,1.366120498,9.0,303.11,20.952407,72.9323831
Gujarat_Navsari_Acute Diarrhoeal Disease,Gujarat,Navsari,Acute Diarrhoeal Disease,2015,29,47,0.1182589681,7.0,300.68,20.952407,72.9323831
Gujarat_Navsari_Acute Diarrhoeal Disease,Gujarat,Navsari,Acute Diarrhoeal Disease,2016,26,12,0.8845653906,4.0,301.76,20.952407,72.9323831
Gujarat_Navsari_Acute Diarrhoeal Disease,Gujarat,Navsari,Acute Diarrhoeal Disease,2016,29,39,0.4392974902,3.0,301.885,20.952407,72.9323831
Gujarat_Navsari_Acute Diarrhoeal Disease,Gujarat,Navsari,Acute Diarrhoeal Disease,2016,30,172,0.360945971,3.0,303.11,20.952407,72.9323831
Gujarat_Navsari_Acute Diarrhoeal Disease,Gujarat,Navsari,Acute Diarrhoeal Disease,2016,50,39,4.99e-05,5.0,305.2366666,20.952407,72.9323831
Gujarat_Navsari_Acute Diarrhoeal Disease,Gujarat,Navsari,Acute Diarrhoeal Disease,2018,10,27,4.4e-05,3.0,308.408,20.952407,72.9323831
Gujarat_Navsari_Acute Diarrhoeal Disease,Gujarat,Navsari,Acute Diarrhoeal Disease,2018,17,22,7.16e-05,9.0,312.2966666,20.952407,72.9323831
Gujarat_Navsari_Acute Diarrhoeal Disease,Gujarat,Navsari,Acute Diarrhoeal Disease,2018,27,23,0.3879520571,9.0,300.135,20.952407,72.9323831
Gujarat_Navsari_Acute Diarrhoeal Disease,Gujarat,Navsari,Acute Diarrhoeal Disease,2021,22,15,0.07229866355,7.0,305.425,20.952407,72.9323831
Gujarat_Navsari_Acute Diarrhoeal Disease,Gujarat,Navsari,Acute Diarrhoeal Disease,2021,28,12,0.7119743677,7.0,303.11,20.952407,72.9323831
Gujarat_Navsari_Acute Diarrhoeal Disease,Gujarat,Navsari,Acute Diarrhoeal Disease,2021,29,31,0.4284612797,1.0,303.11,20.952407,72.9323831
Gujarat_Navsari_Acute Diarrhoeal Disease,Gujarat,Navsari,Acute Diarrhoeal Disease,2021,42,5,9.5e-05,9.0,305.728,20.952407,72.9323831
Gujarat_Navsari_Acute Diarrhoeal Disease,Gujarat,Navsari,Acute Diarrhoeal Disease,2021,45,12,0.03195768538,7.0,301.8,20.952407,72.9323831
Gujarat_Navsari_Acute Diarrhoeal Disease,Gujarat,Navsari,Acute Diarrhoeal Disease,2022,10,57,0.0001374485643,4.0,307.9233334,20.952407,72.9323831
Gujarat_Navsari_Acute Diarrhoeal Disease,Gujarat,Navsari,Acute Diarrhoeal Disease,2022,12,19,8.8e-05,4.0,309.62,20.952407,72.9323831
Gujarat_Navsari_Acute Diarrhoeal Disease,Gujarat,Navsari,Acute Diarrhoeal Disease,2022,17,21,0.00499654567,5.0,298.955,20.952407,72.9323831
Gujarat_Navsari_Acute Diarrhoeal Disease,Gujarat,Navsari,Acute Diarrhoeal Disease,2022,19,47,8.75e-05,3.0,307.56333340000003,20.952407,72.9323831
Gujarat_Rajkot_Acute Diarrhoeal Disease,Gujarat,Rajkot,Acute Diarrhoeal Disease,2010,40,218,0.1354442078,12.0,302.105,22.3053263,70.8028377
Gujarat_Rajkot_Acute Diarrhoeal Disease,Gujarat,Rajkot,Acute Diarrhoeal Disease,2010,41,42,0.2495346102,13.0,307.36,22.3053263,70.8028377
Gujarat_Rajkot_Acute Diarrhoeal Disease,Gujarat,Rajkot,Acute Diarrhoeal Disease,2010,44,52,0.004879983819,11.0,309.2,22.3053263,70.8028377
Gujarat_Rajkot_Acute Diarrhoeal Disease,Gujarat,Rajkot,Acute Diarrhoeal Disease,2011,46,20,4.26e-05,10.0,308.9066666,22.3053263,70.8028377
Gujarat_Rajkot_Acute Diarrhoeal Disease,Gujarat,Rajkot,Acute Diarrhoeal Disease,2011,47,20,4.26e-05,10.0,308.9066666,22.3053263,70.8028377
Gujarat_Rajkot_Acute Diarrhoeal Disease,Gujarat,Rajkot,Acute Diarrhoeal Disease,2011,50,260,0.000464823693,9.5,306.9975,22.3053263,70.8028377
Gujarat_Rajkot_Acute Diarrhoeal Disease,Gujarat,Rajkot,Acute Diarrhoeal Disease,2012,11,61,0.0001730151463,5.0,309.1966666,22.3053263,70.8028377
Gujarat_Rajkot_Acute Diarrhoeal Disease,Gujarat,Rajkot,Acute Diarrhoeal Disease,2013,26,21,0.1016335968,4.0,310.035,22.3053263,70.8028377
Gujarat_Rajkot_Acute Diarrhoeal Disease,Gujarat,Rajkot,Acute Diarrhoeal Disease,2015,2,44,0.005514882421,5.0,303.152,22.3053263,70.8028377
Gujarat_Rajkot_Acute Diarrhoeal Disease,Gujarat,Rajkot,Acute Diarrhoeal Disease,2017,9,23,7.26e-05,4.0,313.4766666,22.3053263,70.8028377
Gujarat_Rajkot_Acute Diarrhoeal Disease,Gujarat,Rajkot,Acute Diarrhoeal Disease,2019,15,70,6.94e-05,9.0,321.55666659999997,22.3053263,70.8028377
Gujarat_Sabarkantha_Acute Diarrhoeal Disease,Gujarat,Sabarkantha,Acute Diarrhoeal Disease,2011,6,32,8.2e-05,9.0,298.75333340000003,24.0294885,73.0459884
Gujarat_Sabarkantha_Acute Diarrhoeal Disease,Gujarat,Sabarkantha,Acute Diarrhoeal Disease,2011,17,37,8.772279910000001e-05,5.0,317.31,24.0294885,73.0459884
Gujarat_Sabarkantha_Acute Diarrhoeal Disease,Gujarat,Sabarkantha,Acute Diarrhoeal Disease,2011,25,176,0.01258606819,6.0,313.816,24.0294885,73.0459884
Gujarat_Sabarkantha_Acute Diarrhoeal Disease,Gujarat,Sabarkantha,Acute Diarrhoeal Disease,2012,21,12,0.00277135941,7.0,315.0133334,24.0294885,73.0459884
Gujarat_Sabarkantha_Acute Diarrhoeal Disease,Gujarat,Sabarkantha,Acute Diarrhoeal Disease,2013,27,7,0.1712291853,9.0,306.9466666,24.0294885,73.0459884
Gujarat_Sabarkantha_Acute Diarrhoeal Disease,Gujarat,Sabarkantha,Acute Diarrhoeal Disease,2013,41,35,0.9914794766,20.0,299.21,24.0294885,73.0459884
Gujarat_Sabarkantha_Acute Diarrhoeal Disease,Gujarat,Sabarkantha,Acute Diarrhoeal Disease,2014,49,263,6.66e-05,15.0,305.83,24.0294885,73.0459884
Gujarat_Sabarkantha_Acute Diarrhoeal Disease,Gujarat,Sabarkantha,Acute Diarrhoeal Disease,2015,23,63,0.0001699508136,9.0,317.6633334,24.0294885,73.0459884
Gujarat_Sabarkantha_Acute Diarrhoeal Disease,Gujarat,Sabarkantha,Acute Diarrhoeal Disease,2015,27,31,0.8090616367,6.0,301.285,24.0294885,73.0459884
Gujarat_Sabarkantha_Acute Diarrhoeal Disease,Gujarat,Sabarkantha,Acute Diarrhoeal Disease,2015,29,105,0.42175588115,7.5,301.2975,24.0294885,73.0459884
Gujarat_Sabarkantha_Acute Diarrhoeal Disease,Gujarat,Sabarkantha,Acute Diarrhoeal Disease,2017,38,34,0.3329927846,9.0,303.05333340000004,24.0294885,73.0459884
Gujarat_Sabarkantha_Acute Diarrhoeal Disease,Gujarat,Sabarkantha,Acute Diarrhoeal Disease,2018,21,60,5.24e-05,9.0,314.4466666,24.0294885,73.0459884
Gujarat_Sabarkantha_Acute Diarrhoeal Disease,Gujarat,Sabarkantha,Acute Diarrhoeal Disease,2018,22,18,5.92e-05,6.0,317.06333340000003,24.0294885,73.0459884
Gujarat_Sabarkantha_Acute Diarrhoeal Disease,Gujarat,Sabarkantha,Acute Diarrhoeal Disease,2020,25,8,0.2213283721,7.0,309.0366666,24.0294885,73.0459884
Gujarat_Surat_Acute Diarrhoeal Disease,Gujarat,Surat,Acute Diarrhoeal Disease,2010,23,15,0.06013076757,8.0,310.876,21.19177615,72.95441578
Gujarat_Surat_Acute Diarrhoeal Disease,Gujarat,Surat,Acute Diarrhoeal Disease,2010,34,24,0.5743738278,10.0,291.72,21.19177615,72.95441578
Gujarat_Surat_Acute Diarrhoeal Disease,Gujarat,Surat,Acute Diarrhoeal Disease,2010,39,20,1.20702249,8.0,298.2,21.19177615,72.95441578
Gujarat_Surat_Acute Diarrhoeal Disease,Gujarat,Surat,Acute Diarrhoeal Disease,2011,2,12,0.0001914493211,8.0,299.896,21.19177615,72.95441578
Gujarat_Surat_Acute Diarrhoeal Disease,Gujarat,Surat,Acute Diarrhoeal Disease,2011,6,17,6.28e-05,6.0,303.208,21.19177615,72.95441578
Gujarat_Surat_Acute Diarrhoeal Disease,Gujarat,Surat,Acute Diarrhoeal Disease,2011,11,66,0.0001238154963,8.0,308.816,21.19177615,72.95441578
Gujarat_Surat_Acute Diarrhoeal Disease,Gujarat,Surat,Acute Diarrhoeal Disease,2011,23,15,0.03202568453,7.0,308.94,21.19177615,72.95441578
Gujarat_Surat_Acute Diarrhoeal Disease,Gujarat,Surat,Acute Diarrhoeal Disease,2011,50,40,3.94e-05,8.0,305.40000000000003,21.19177615,72.95441578
Gujarat_Surat_Acute Diarrhoeal Disease,Gujarat,Surat,Acute Diarrhoeal Disease,2012,14,34,7.94e-05,6.0,309.23,21.19177615,72.95441578
Gujarat_Surat_Acute Diarrhoeal Disease,Gujarat,Surat,Acute Diarrhoeal Disease,2012,51,26,7.36e-05,8.0,303.3233334,21.19177615,72.95441578
Gujarat_Surat_Acute Diarrhoeal Disease,Gujarat,Surat,Acute Diarrhoeal Disease,2013,10,32,5.07e-05,6.0,311.6266666,21.19177615,72.95441578
Gujarat_Surat_Acute Diarrhoeal Disease,Gujarat,Surat,Acute Diarrhoeal Disease,2013,35,32,1.307068748,6.0,293.14,21.19177615,72.95441578
Gujarat_Surat_Acute Diarrhoeal Disease,Gujarat,Surat,Acute Diarrhoeal Disease,2014,16,38,0.0002140636356,7.0,312.0233334,21.19177615,72.95441578
Gujarat_Surat_Acute Diarrhoeal Disease,Gujarat,Surat,Acute Diarrhoeal Disease,2014,31,26,1.524562269,2.0,301.56,21.19177615,72.95441578
Gujarat_Surat_Acute Diarrhoeal Disease,Gujarat,Surat,Acute Diarrhoeal Disease,2014,45,37,5.36e-05,10.0,306.3933334,21.19177615,72.95441578
Gujarat_Surat_Acute Diarrhoeal Disease,Gujarat,Surat,Acute Diarrhoeal Disease,2015,25,77,0.2175673923,8.0,310.92,21.19177615,72.95441578
Gujarat_Surat_Acute Diarrhoeal Disease,Gujarat,Surat,Acute Diarrhoeal Disease,2015,30,15,0.1889404997,8.0,301.42,21.19177615,72.95441578
Gujarat_Surat_Acute Diarrhoeal Disease,Gujarat,Surat,Acute Diarrhoeal Disease,2015,32,61,0.567186819,4.0,298.82,21.19177615,72.95441578
Gujarat_Surat_Acute Diarrhoeal Disease,Gujarat,Surat,Acute Diarrhoeal Disease,2016,13,16,0.0004883834724,7.0,312.6366666,21.19177615,72.95441578
Gujarat_Surat_Acute Diarrhoeal Disease,Gujarat,Surat,Acute Diarrhoeal Disease,2016,20,204,0.01475131112,7.0,312.49,21.19177615,72.95441578
Gujarat_Surat_Acute Diarrhoeal Disease,Gujarat,Surat,Acute Diarrhoeal Disease,2016,28,11,0.8370399039,2.0,291.15000000000003,21.19177615,72.95441578
Gujarat_Surat_Acute Diarrhoeal Disease,Gujarat,Surat,Acute Diarrhoeal Disease,2016,30,31,0.3091098945,2.0,293.21,21.19177615,72.95441578
Gujarat_Surat_Acute Diarrhoeal Disease,Gujarat,Surat,Acute Diarrhoeal Disease,2017,37,18,0.7513579243,9.0,304.87333340000004,21.19177615,72.95441578
Gujarat_Surat_Acute Diarrhoeal Disease,Gujarat,Surat,Acute Diarrhoeal Disease,2018,10,77,0.001935575772,6.0,308.0933334,21.19177615,72.95441578
Gujarat_Surat_Acute Diarrhoeal Disease,Gujarat,Surat,Acute Diarrhoeal Disease,2018,25,12,0.1476572732,7.0,303.985,21.19177615,72.95441578
Gujarat_Surat_Acute Diarrhoeal Disease,Gujarat,Surat,Acute Diarrhoeal Disease,2018,35,54,0.2671809516,6.0,288.79,21.19177615,72.95441578
Gujarat_Surat_Acute Diarrhoeal Disease,Gujarat,Surat,Acute Diarrhoeal Disease,2019,34,43,0.3714204194,7.0,298.34000000000003,21.19177615,72.95441578
Gujarat_Surat_Acute Diarrhoeal Disease,Gujarat,Surat,Acute Diarrhoeal Disease,2019,42,88,0.01329498765,13.0,305.7266666,21.19177615,72.95441578
Gujarat_Surat_Acute Diarrhoeal Disease,Gujarat,Surat,Acute Diarrhoeal Disease,2021,22,108,0.04020598334,10.0,302.808,21.19177615,72.95441578
Gujarat_Surat_Acute Diarrhoeal Disease,Gujarat,Surat,Acute Diarrhoeal Disease,2021,49,22,0.01361711297,9.0,300.72,21.19177615,72.95441578
Gujarat_Surat_Acute Diarrhoeal Disease,Gujarat,Surat,Acute Diarrhoeal Disease,2021,50,10,0.0002222069655,12.0,300.75,21.19177615,72.95441578
Gujarat_Surendranagar_Acute Diarrhoeal Disease,Gujarat,Surendranagar,Acute Diarrhoeal Disease,2009,25,137,0.0001163615629,3.0,312.43333340000004,22.75,71.666667
Gujarat_Surendranagar_Acute Diarrhoeal Disease,Gujarat,Surendranagar,Acute Diarrhoeal Disease,2010,25,76,0.007075568913,2.0,312.744,22.75,71.666667
Gujarat_Surendranagar_Acute Diarrhoeal Disease,Gujarat,Surendranagar,Acute Diarrhoeal Disease,2010,49,68,0.3640836786,5.0,300.69333340000003,22.75,71.666667
Gujarat_Surendranagar_Acute Diarrhoeal Disease,Gujarat,Surendranagar,Acute Diarrhoeal Disease,2012,5,138,0.003225627346,9.0,300.97,22.75,71.666667
Gujarat_Surendranagar_Acute Diarrhoeal Disease,Gujarat,Surendranagar,Acute Diarrhoeal Disease,2012,12,91,0.0001146026329,5.0,312.99,22.75,71.666667
Gujarat_Surendranagar_Acute Diarrhoeal Disease,Gujarat,Surendranagar,Acute Diarrhoeal Disease,2012,22,127,5.14e-05,3.0,315.24666659999997,22.75,71.666667
Gujarat_Surendranagar_Acute Diarrhoeal Disease,Gujarat,Surendranagar,Acute Diarrhoeal Disease,2012,29,32,1.243289876,2.0,304.87,22.75,71.666667
Gujarat_Surendranagar_Acute Diarrhoeal Disease,Gujarat,Surendranagar,Acute Diarrhoeal Disease,2013,43,38,0.0001278605349,8.0,309.6166666,22.75,71.666667
Gujarat_Surendranagar_Acute Diarrhoeal Disease,Gujarat,Surendranagar,Acute Diarrhoeal Disease,2017,24,102,0.008551700984,9.0,310.44,22.75,71.666667
Gujarat_Surendranagar_Acute Diarrhoeal Disease,Gujarat,Surendranagar,Acute Diarrhoeal Disease,2018,4,25,5.59e-05,6.0,303.2133334,22.75,71.666667
Gujarat_Vadodara_Acute Diarrhoeal Disease,Gujarat,Vadodara,Acute Diarrhoeal Disease,2010,18,21,0.0001021245957,5.0,320.4366666,22.2973142,73.1942567
Gujarat_Vadodara_Acute Diarrhoeal Disease,Gujarat,Vadodara,Acute Diarrhoeal Disease,2010,32,41,0.492251303,5.0,307.72,22.2973142,73.1942567
Gujarat_Vadodara_Acute Diarrhoeal Disease,Gujarat,Vadodara,Acute Diarrhoeal Disease,2011,19,12,0.0001526603341,9.0,314.628,22.2973142,73.1942567
Gujarat_Vadodara_Acute Diarrhoeal Disease,Gujarat,Vadodara,Acute Diarrhoeal Disease,2014,26,50,0.01781931182,9.0,309.22,22.2973142,73.1942567
Gujarat_Vadodara_Acute Diarrhoeal Disease,Gujarat,Vadodara,Acute Diarrhoeal Disease,2014,39,33,0.1068458317,9.0,301.83,22.2973142,73.1942567
Gujarat_Vadodara_Acute Diarrhoeal Disease,Gujarat,Vadodara,Acute Diarrhoeal Disease,2014,48,36,7.49e-05,11.0,306.236,22.2973142,73.1942567
Gujarat_Vadodara_Acute Diarrhoeal Disease,Gujarat,Vadodara,Acute Diarrhoeal Disease,2015,20,10,7.12e-05,6.0,316.8833334,22.2973142,73.1942567
Gujarat_Vadodara_Acute Diarrhoeal Disease,Gujarat,Vadodara,Acute Diarrhoeal Disease,2018,6,203,0.0003184515001,8.0,304.98,22.2973142,73.1942567
Gujarat_Vadodara_Acute Diarrhoeal Disease,Gujarat,Vadodara,Acute Diarrhoeal Disease,2018,22,15,0.0001097851973,5.0,316.92400000000004,22.2973142,73.1942567
Gujarat_Vadodara_Acute Diarrhoeal Disease,Gujarat,Vadodara,Acute Diarrhoeal Disease,2018,29,26,0.4468057556,9.0,303.11,22.2973142,73.1942567
Gujarat_Vadodara_Acute Diarrhoeal Disease,Gujarat,Vadodara,Acute Diarrhoeal Disease,2019,29,20,0.1829838399,9.0,304.88,22.2973142,73.1942567
Gujarat_Valsad_Acute Diarrhoeal Disease,Gujarat,Valsad,Acute Diarrhoeal Disease,2013,51,18,0.01662872702,13.0,303.428,20.43219565,73.1409893
Gujarat_Valsad_Acute Diarrhoeal Disease,Gujarat,Valsad,Acute Diarrhoeal Disease,2014,34,63,0.6625803796,10.0,299.29,20.43219565,73.1409893
Gujarat_Valsad_Acute Diarrhoeal Disease,Gujarat,Valsad,Acute Diarrhoeal Disease,2014,36,13,3.157529629,7.0,303.11,20.43219565,73.1409893
Gujarat_Valsad_Acute Diarrhoeal Disease,Gujarat,Valsad,Acute Diarrhoeal Disease,2014,37,15,1.361559202,10.0,297.89,20.43219565,73.1409893
Gujarat_Valsad_Acute Diarrhoeal Disease,Gujarat,Valsad,Acute Diarrhoeal Disease,2015,6,45,0.0001917874173,9.0,307.3833334,20.43219565,73.1409893
Gujarat_Valsad_Acute Diarrhoeal Disease,Gujarat,Valsad,Acute Diarrhoeal Disease,2015,21,20,0.05469757396,9.0,317.9133334,20.43219565,73.1409893
Gujarat_Valsad_Acute Diarrhoeal Disease,Gujarat,Valsad,Acute Diarrhoeal Disease,2016,28,13,1.677390855,4.0,303.11,20.43219565,73.1409893
Gujarat_Valsad_Acute Diarrhoeal Disease,Gujarat,Valsad,Acute Diarrhoeal Disease,2017,30,13,3.237218046,1.0,303.11,20.43219565,73.1409893
Gujarat_Valsad_Acute Diarrhoeal Disease,Gujarat,Valsad,Acute Diarrhoeal Disease,2017,39,32,0.4020179356,27.0,299.2933334,20.43219565,73.1409893
Gujarat_Valsad_Acute Diarrhoeal Disease,Gujarat,Valsad,Acute Diarrhoeal Disease,2018,38,48,0.5181203545,22.0,298.01,20.43219565,73.1409893
Gujarat_Valsad_Acute Diarrhoeal Disease,Gujarat,Valsad,Acute Diarrhoeal Disease,2021,37,10,1.520053152,6.0,297.34000000000003,20.43219565,73.1409893
Haryana_Ambala_Acute Diarrhoeal Disease,Haryana,Ambala,Acute Diarrhoeal Disease,2009,41,21,0.1165951769,17.0,302.4533334,30.3843674,76.770421
Haryana_Ambala_Acute Diarrhoeal Disease,Haryana,Ambala,Acute Diarrhoeal Disease,2009,43,24,6.41e-05,11.0,302.56,30.3843674,76.770421
Haryana_Ambala_Acute Diarrhoeal Disease,Haryana,Ambala,Acute Diarrhoeal Disease,2009,50,49,0.002821091201,6.0,293.14,30.3843674,76.770421
Haryana_Ambala_Acute Diarrhoeal Disease,Haryana,Ambala,Acute Diarrhoeal Disease,2011,18,20,0.05303068409,6.0,308.18333340000004,30.3843674,76.770421
Haryana_Ambala_Acute Diarrhoeal Disease,Haryana,Ambala,Acute Diarrhoeal Disease,2011,20,21,0.05303068409,6.0,308.18333340000004,30.3843674,76.770421
Haryana_Ambala_Acute Diarrhoeal Disease,Haryana,Ambala,Acute Diarrhoeal Disease,2011,34,19,0.9099881978,17.0,301.0466666,30.3843674,76.770421
Haryana_Ambala_Acute Diarrhoeal Disease,Haryana,Ambala,Acute Diarrhoeal Disease,2011,50,49,0.1705462967,9.0,292.90000000000003,30.3843674,76.770421
Haryana_Ambala_Acute Diarrhoeal Disease,Haryana,Ambala,Acute Diarrhoeal Disease,2012,32,38,0.5724908067,9.0,302.72,30.3843674,76.770421
Haryana_Ambala_Acute Diarrhoeal Disease,Haryana,Ambala,Acute Diarrhoeal Disease,2014,44,24,0.01122619996,9.0,300.24,30.3843674,76.770421
Haryana_Ambala_Acute Diarrhoeal Disease,Haryana,Ambala,Acute Diarrhoeal Disease,2014,46,28,0.01122619996,9.0,300.24,30.3843674,76.770421
Haryana_Ambala_Acute Diarrhoeal Disease,Haryana,Ambala,Acute Diarrhoeal Disease,2016,7,31,0.01446901059,9.0,293.85200000000003,30.3843674,76.770421
Haryana_Ambala_Acute Diarrhoeal Disease,Haryana,Ambala,Acute Diarrhoeal Disease,2016,12,25,0.1070902614,9.0,297.82,30.3843674,76.770421
Haryana_Ambala_Acute Diarrhoeal Disease,Haryana,Ambala,Acute Diarrhoeal Disease,2016,17,57,0.02152862875,6.0,313.11333340000004,30.3843674,76.770421
Haryana_Ambala_Acute Diarrhoeal Disease,Haryana,Ambala,Acute Diarrhoeal Disease,2016,35,116,0.2867421352,9.0,303.085,30.3843674,76.770421
Haryana_Ambala_Acute Diarrhoeal Disease,Haryana,Ambala,Acute Diarrhoeal Disease,2018,30,21,1.117438312,10.0,302.28000000000003,30.3843674,76.770421
Haryana_Ambala_Acute Diarrhoeal Disease,Haryana,Ambala,Acute Diarrhoeal Disease,2019,3,15,0.00143451636,13.0,289.27,30.3843674,76.770421
Haryana_Ambala_Acute Diarrhoeal Disease,Haryana,Ambala,Acute Diarrhoeal Disease,2019,39,28,0.2011654714,22.0,300.184,30.3843674,76.770421
Haryana_Yamuna Nagar_Acute Diarrhoeal Disease,Haryana,Yamuna Nagar,Acute Diarrhoeal Disease,2011,18,15,0.001068512926,4.0,309.6633334,30.1389108,77.301064
Haryana_Yamuna Nagar_Acute Diarrhoeal Disease,Haryana,Yamuna Nagar,Acute Diarrhoeal Disease,2011,20,18,0.001068512926,4.0,309.6633334,30.1389108,77.301064
Haryana_Yamuna Nagar_Acute Diarrhoeal Disease,Haryana,Yamuna Nagar,Acute Diarrhoeal Disease,2015,6,110,0.02581062705,17.0,289.475,30.1389108,77.301064
Haryana_Yamuna Nagar_Acute Diarrhoeal Disease,Haryana,Yamuna Nagar,Acute Diarrhoeal Disease,2015,28,41,0.714428752,4.0,300.66,30.1389108,77.301064
Haryana_Yamuna Nagar_Acute Diarrhoeal Disease,Haryana,Yamuna Nagar,Acute Diarrhoeal Disease,2015,31,80,0.1322717098,15.0,301.38,30.1389108,77.301064
Haryana_Yamuna Nagar_Acute Diarrhoeal Disease,Haryana,Yamuna Nagar,Acute Diarrhoeal Disease,2016,26,12,0.2067710959,5.0,305.1533334,30.1389108,77.301064
Haryana_Yamuna Nagar_Acute Diarrhoeal Disease,Haryana,Yamuna Nagar,Acute Diarrhoeal Disease,2018,25,99,0.1112401818,5.0,303.94,30.1389108,77.301064
Haryana_Yamuna Nagar_Acute Diarrhoeal Disease,Haryana,Yamuna Nagar,Acute Diarrhoeal Disease,2019,4,45,0.5302098992,13.0,291.4133334,30.1389108,77.301064
Haryana_Yamuna Nagar_Acute Diarrhoeal Disease,Haryana,Yamuna Nagar,Acute Diarrhoeal Disease,2021,28,13,0.2146196935,9.0,303.8933334,30.1389108,77.301064
Haryana_Yamuna Nagar_Acute Diarrhoeal Disease,Haryana,Yamuna Nagar,Acute Diarrhoeal Disease,2021,30,31,2.835578815,12.0,303.11,30.1389108,77.301064
Haryana_Yamuna Nagar_Acute Diarrhoeal Disease,Haryana,Yamuna Nagar,Acute Diarrhoeal Disease,2021,31,21,2.54223063,12.0,303.11,30.1389108,77.301064
Himachal Pradesh_Kangra_Acute Diarrhoeal Disease,Himachal Pradesh,Kangra,Acute Diarrhoeal Disease,2009,41,101,0.1943406376,22.0,296.0233334,32.166667,76.25
Himachal Pradesh_Kangra_Acute Diarrhoeal Disease,Himachal Pradesh,Kangra,Acute Diarrhoeal Disease,2009,43,115,0.1284155318,18.0,297.3866666,32.166667,76.25
Himachal Pradesh_Kangra_Acute Diarrhoeal Disease,Himachal Pradesh,Kangra,Acute Diarrhoeal Disease,2014,5,390,0.03201482876,9.0,279.86,32.166667,76.25
Himachal Pradesh_Kangra_Acute Diarrhoeal Disease,Himachal Pradesh,Kangra,Acute Diarrhoeal Disease,2015,16,13,0.149828417,13.0,294.084,32.166667,76.25
Himachal Pradesh_Kangra_Acute Diarrhoeal Disease,Himachal Pradesh,Kangra,Acute Diarrhoeal Disease,2015,48,151,0.112395337,9.0,289.332,32.166667,76.25
Himachal Pradesh_Kangra_Acute Diarrhoeal Disease,Himachal Pradesh,Kangra,Acute Diarrhoeal Disease,2015,50,25,0.00478940965,9.0,289.1533334,32.166667,76.25
Himachal Pradesh_Kangra_Acute Diarrhoeal Disease,Himachal Pradesh,Kangra,Acute Diarrhoeal Disease,2015,51,25,0.00478940965,9.0,289.1533334,32.166667,76.25
Himachal Pradesh_Kangra_Acute Diarrhoeal Disease,Himachal Pradesh,Kangra,Acute Diarrhoeal Disease,2017,24,40,0.2305334774,9.0,303.4666666,32.166667,76.25
Himachal Pradesh_Kangra_Acute Diarrhoeal Disease,Himachal Pradesh,Kangra,Acute Diarrhoeal Disease,2017,27,32,1.668347205,9.0,289.99,32.166667,76.25
Himachal Pradesh_Kangra_Acute Diarrhoeal Disease,Himachal Pradesh,Kangra,Acute Diarrhoeal Disease,2017,47,302,0.4606819828,11.0,289.232,32.166667,76.25
Himachal Pradesh_Kangra_Acute Diarrhoeal Disease,Himachal Pradesh,Kangra,Acute Diarrhoeal Disease,2017,51,70,0.6054374208,9.0,283.395,32.166667,76.25
Himachal Pradesh_Kangra_Acute Diarrhoeal Disease,Himachal Pradesh,Kangra,Acute Diarrhoeal Disease,2018,19,397,0.5611138927,9.0,300.345,32.166667,76.25
Himachal Pradesh_Kangra_Acute Diarrhoeal Disease,Himachal Pradesh,Kangra,Acute Diarrhoeal Disease,2018,28,56,0.7885911709,21.0,301.18,32.166667,76.25
Himachal Pradesh_Kangra_Acute Diarrhoeal Disease,Himachal Pradesh,Kangra,Acute Diarrhoeal Disease,2018,29,37,0.7885911709,21.0,301.18,32.166667,76.25
Himachal Pradesh_Kangra_Acute Diarrhoeal Disease,Himachal Pradesh,Kangra,Acute Diarrhoeal Disease,2019,10,225,0.3749970267,14.0,288.272,32.166667,76.25
Himachal Pradesh_Kangra_Acute Diarrhoeal Disease,Himachal Pradesh,Kangra,Acute Diarrhoeal Disease,2019,36,122,0.461887375,33.0,299.204,32.166667,76.25
Himachal Pradesh_Kangra_Acute Diarrhoeal Disease,Himachal Pradesh,Kangra,Acute Diarrhoeal Disease,2020,24,28,0.4374365403,22.0,301.612,32.166667,76.25
Himachal Pradesh_Mandi_Acute Diarrhoeal Disease,Himachal Pradesh,Mandi,Acute Diarrhoeal Disease,2009,27,53,0.3242249213,20.0,301.0866666,31.6723392,76.95331691
Himachal Pradesh_Mandi_Acute Diarrhoeal Disease,Himachal Pradesh,Mandi,Acute Diarrhoeal Disease,2012,27,27,0.167399079,17.0,300.868,31.6723392,76.95331691
Himachal Pradesh_Mandi_Acute Diarrhoeal Disease,Himachal Pradesh,Mandi,Acute Diarrhoeal Disease,2012,28,67,0.08524201051,9.0,302.7233334,31.6723392,76.95331691
Himachal Pradesh_Mandi_Acute Diarrhoeal Disease,Himachal Pradesh,Mandi,Acute Diarrhoeal Disease,2013,34,89,2.408572902,9.0,288.5,31.6723392,76.95331691
Himachal Pradesh_Mandi_Acute Diarrhoeal Disease,Himachal Pradesh,Mandi,Acute Diarrhoeal Disease,2014,1,120,0.002475753501,9.0,284.1466666,31.6723392,76.95331691
Himachal Pradesh_Mandi_Acute Diarrhoeal Disease,Himachal Pradesh,Mandi,Acute Diarrhoeal Disease,2014,27,39,0.3178199835,18.0,299.54400000000004,31.6723392,76.95331691
Himachal Pradesh_Mandi_Acute Diarrhoeal Disease,Himachal Pradesh,Mandi,Acute Diarrhoeal Disease,2014,29,16,0.242984163,9.0,298.1366666,31.6723392,76.95331691
Himachal Pradesh_Mandi_Acute Diarrhoeal Disease,Himachal Pradesh,Mandi,Acute Diarrhoeal Disease,2014,34,163,1.182367579,35.0,295.7,31.6723392,76.95331691
Himachal Pradesh_Mandi_Acute Diarrhoeal Disease,Himachal Pradesh,Mandi,Acute Diarrhoeal Disease,2015,8,39,0.6427159967,14.0,284.225,31.6723392,76.95331691
Himachal Pradesh_Mandi_Acute Diarrhoeal Disease,Himachal Pradesh,Mandi,Acute Diarrhoeal Disease,2015,10,16,1.453490617,9.0,285.2733334,31.6723392,76.95331691
Himachal Pradesh_Mandi_Acute Diarrhoeal Disease,Himachal Pradesh,Mandi,Acute Diarrhoeal Disease,2015,11,27,0.3769153101,15.0,284.05333340000004,31.6723392,76.95331691
Himachal Pradesh_Mandi_Acute Diarrhoeal Disease,Himachal Pradesh,Mandi,Acute Diarrhoeal Disease,2015,30,25,2.769888611,9.0,295.7266666,31.6723392,76.95331691
Himachal Pradesh_Mandi_Acute Diarrhoeal Disease,Himachal Pradesh,Mandi,Acute Diarrhoeal Disease,2016,31,21,1.443079615,18.0,294.056,31.6723392,76.95331691
Himachal Pradesh_Mandi_Acute Diarrhoeal Disease,Himachal Pradesh,Mandi,Acute Diarrhoeal Disease,2016,33,49,1.599071882,28.0,298.32,31.6723392,76.95331691
Himachal Pradesh_Mandi_Acute Diarrhoeal Disease,Himachal Pradesh,Mandi,Acute Diarrhoeal Disease,2016,34,50,1.280756772,28.0,298.255,31.6723392,76.95331691
Himachal Pradesh_Mandi_Acute Diarrhoeal Disease,Himachal Pradesh,Mandi,Acute Diarrhoeal Disease,2016,40,39,0.1099529082,28.0,295.1666666,31.6723392,76.95331691
Himachal Pradesh_Mandi_Acute Diarrhoeal Disease,Himachal Pradesh,Mandi,Acute Diarrhoeal Disease,2017,6,81,0.2162809324,11.0,284.02500000000003,31.6723392,76.95331691
Himachal Pradesh_Mandi_Acute Diarrhoeal Disease,Himachal Pradesh,Mandi,Acute Diarrhoeal Disease,2017,21,21,0.2636552166,21.0,300.32,31.6723392,76.95331691
Himachal Pradesh_Mandi_Acute Diarrhoeal Disease,Himachal Pradesh,Mandi,Acute Diarrhoeal Disease,2017,22,13,0.1474537391,23.0,302.2133334,31.6723392,76.95331691
Himachal Pradesh_Mandi_Acute Diarrhoeal Disease,Himachal Pradesh,Mandi,Acute Diarrhoeal Disease,2017,24,60,0.1276555437,9.0,301.88,31.6723392,76.95331691
Himachal Pradesh_Mandi_Acute Diarrhoeal Disease,Himachal Pradesh,Mandi,Acute Diarrhoeal Disease,2017,51,44,0.01519217774,9.0,286.57,31.6723392,76.95331691
Himachal Pradesh_Mandi_Acute Diarrhoeal Disease,Himachal Pradesh,Mandi,Acute Diarrhoeal Disease,2018,8,25,0.3966010649,9.0,286.448,31.6723392,76.95331691
Himachal Pradesh_Mandi_Acute Diarrhoeal Disease,Himachal Pradesh,Mandi,Acute Diarrhoeal Disease,2018,13,25,0.02561128055,9.0,297.3933334,31.6723392,76.95331691
Himachal Pradesh_Mandi_Acute Diarrhoeal Disease,Himachal Pradesh,Mandi,Acute Diarrhoeal Disease,2018,17,27,0.03625767117,17.0,300.02,31.6723392,76.95331691
Himachal Pradesh_Mandi_Acute Diarrhoeal Disease,Himachal Pradesh,Mandi,Acute Diarrhoeal Disease,2018,28,92,1.647024207,9.0,293.772,31.6723392,76.95331691
Himachal Pradesh_Mandi_Acute Diarrhoeal Disease,Himachal Pradesh,Mandi,Acute Diarrhoeal Disease,2019,10,126,0.5797664278,14.0,285.91,31.6723392,76.95331691
Himachal Pradesh_Mandi_Acute Diarrhoeal Disease,Himachal Pradesh,Mandi,Acute Diarrhoeal Disease,2019,17,74,0.3928754947,9.0,298.072,31.6723392,76.95331691
Himachal Pradesh_Mandi_Acute Diarrhoeal Disease,Himachal Pradesh,Mandi,Acute Diarrhoeal Disease,2019,27,104,0.2238471877,23.0,302.968,31.6723392,76.95331691
Himachal Pradesh_Mandi_Acute Diarrhoeal Disease,Himachal Pradesh,Mandi,Acute Diarrhoeal Disease,2019,33,59,1.048003082,9.0,297.624,31.6723392,76.95331691
Himachal Pradesh_Mandi_Acute Diarrhoeal Disease,Himachal Pradesh,Mandi,Acute Diarrhoeal Disease,2019,34,87,1.048003082,9.0,297.624,31.6723392,76.95331691
Himachal Pradesh_Mandi_Acute Diarrhoeal Disease,Himachal Pradesh,Mandi,Acute Diarrhoeal Disease,2019,35,42,0.9565781306,38.0,297.88,31.6723392,76.95331691
Himachal Pradesh_Mandi_Acute Diarrhoeal Disease,Himachal Pradesh,Mandi,Acute Diarrhoeal Disease,2020,11,33,0.4705645454,16.0,289.26,31.6723392,76.95331691
Himachal Pradesh_Mandi_Acute Diarrhoeal Disease,Himachal Pradesh,Mandi,Acute Diarrhoeal Disease,2021,28,65,2.046384693,21.0,296.96,31.6723392,76.95331691
Jammu and Kashmir_Baramulla_Acute Diarrhoeal Disease,Jammu and Kashmir,Baramulla,Acute Diarrhoeal Disease,2012,24,87,0.1265253611,9.0,298.18,34.20500565,74.36221081
Jammu and Kashmir_Baramulla_Acute Diarrhoeal Disease,Jammu and Kashmir,Baramulla,Acute Diarrhoeal Disease,2012,30,348,0.09106377984,21.0,297.79,34.20500565,74.36221081
Jammu and Kashmir_Baramulla_Acute Diarrhoeal Disease,Jammu and Kashmir,Baramulla,Acute Diarrhoeal Disease,2012,32,44,0.1017104946,19.0,297.98400000000004,34.20500565,74.36221081
Jammu and Kashmir_Baramulla_Acute Diarrhoeal Disease,Jammu and Kashmir,Baramulla,Acute Diarrhoeal Disease,2014,31,120,0.2247694331,22.0,293.15000000000003,34.20500565,74.36221081
Jammu and Kashmir_Baramulla_Acute Diarrhoeal Disease,Jammu and Kashmir,Baramulla,Acute Diarrhoeal Disease,2015,31,53,0.4498289947,19.0,294.6,34.20500565,74.36221081
Jammu and Kashmir_Baramulla_Acute Diarrhoeal Disease,Jammu and Kashmir,Baramulla,Acute Diarrhoeal Disease,2015,34,80,0.1043157386,27.0,291.80333340000004,34.20500565,74.36221081
Jammu and Kashmir_Baramulla_Acute Diarrhoeal Disease,Jammu and Kashmir,Baramulla,Acute Diarrhoeal Disease,2016,19,62,0.3197687328,16.0,293.1266666,34.20500565,74.36221081
Jammu and Kashmir_Baramulla_Acute Diarrhoeal Disease,Jammu and Kashmir,Baramulla,Acute Diarrhoeal Disease,2016,28,27,0.1130384276,9.0,297.8,34.20500565,74.36221081
Jammu and Kashmir_Baramulla_Acute Diarrhoeal Disease,Jammu and Kashmir,Baramulla,Acute Diarrhoeal Disease,2016,29,97,0.442837585,9.0,291.0733334,34.20500565,74.36221081
Jammu and Kashmir_Baramulla_Acute Diarrhoeal Disease,Jammu and Kashmir,Baramulla,Acute Diarrhoeal Disease,2017,31,289,0.2338324777,22.0,297.0233334,34.20500565,74.36221081
Jammu and Kashmir_Baramulla_Acute Diarrhoeal Disease,Jammu and Kashmir,Baramulla,Acute Diarrhoeal Disease,2017,32,13,0.4893587008,24.0,297.02,34.20500565,74.36221081
Jammu and Kashmir_Baramulla_Acute Diarrhoeal Disease,Jammu and Kashmir,Baramulla,Acute Diarrhoeal Disease,2018,21,273,0.2954569885,20.0,290.97,34.20500565,74.36221081
Jammu and Kashmir_Kupwara_Acute Diarrhoeal Disease,Jammu and Kashmir,Kupwara,Acute Diarrhoeal Disease,2011,24,204,0.1835130995,11.0,292.7166666,34.6110236,74.23847867
Jammu and Kashmir_Kupwara_Acute Diarrhoeal Disease,Jammu and Kashmir,Kupwara,Acute Diarrhoeal Disease,2011,26,183,0.04339846669,14.0,292.8583334,34.6110236,74.23847867
Jammu and Kashmir_Kupwara_Acute Diarrhoeal Disease,Jammu and Kashmir,Kupwara,Acute Diarrhoeal Disease,2011,33,30,0.04036077743,14.0,293.0733334,34.6110236,74.23847867
Jammu and Kashmir_Kupwara_Acute Diarrhoeal Disease,Jammu and Kashmir,Kupwara,Acute Diarrhoeal Disease,2012,24,15,0.1579262272,9.0,285.6733334,34.6110236,74.23847867
Jammu and Kashmir_Kupwara_Acute Diarrhoeal Disease,Jammu and Kashmir,Kupwara,Acute Diarrhoeal Disease,2013,32,54,0.4784641837,13.0,292.524,34.6110236,74.23847867
Jammu and Kashmir_Kupwara_Acute Diarrhoeal Disease,Jammu and Kashmir,Kupwara,Acute Diarrhoeal Disease,2014,33,1496,0.2775758705,16.0,292.72,34.6110236,74.23847867
Jammu and Kashmir_Kupwara_Acute Diarrhoeal Disease,Jammu and Kashmir,Kupwara,Acute Diarrhoeal Disease,2015,32,140,0.69838534,16.0,287.968,34.6110236,74.23847867
Jammu and Kashmir_Kupwara_Acute Diarrhoeal Disease,Jammu and Kashmir,Kupwara,Acute Diarrhoeal Disease,2017,28,75,0.4772078043,11.0,293.105,34.6110236,74.23847867
Jammu and Kashmir_Kupwara_Acute Diarrhoeal Disease,Jammu and Kashmir,Kupwara,Acute Diarrhoeal Disease,2017,30,325,0.5077901958,9.0,290.4833334,34.6110236,74.23847867
Jammu and Kashmir_Kupwara_Acute Diarrhoeal Disease,Jammu and Kashmir,Kupwara,Acute Diarrhoeal Disease,2017,33,104,0.5467073798,9.0,295.42,34.6110236,74.23847867
Jammu and Kashmir_Kupwara_Acute Diarrhoeal Disease,Jammu and Kashmir,Kupwara,Acute Diarrhoeal Disease,2018,38,42,0.3847155113,9.0,293.356,34.6110236,74.23847867
Jammu and Kashmir_Kupwara_Acute Diarrhoeal Disease,Jammu and Kashmir,Kupwara,Acute Diarrhoeal Disease,2018,39,90,0.2960485321,16.0,290.54,34.6110236,74.23847867
Jammu and Kashmir_Kupwara_Acute Diarrhoeal Disease,Jammu and Kashmir,Kupwara,Acute Diarrhoeal Disease,2019,29,21,0.1575381378,16.0,293.0133334,34.6110236,74.23847867
Jammu and Kashmir_Kupwara_Acute Diarrhoeal Disease,Jammu and Kashmir,Kupwara,Acute Diarrhoeal Disease,2019,43,91,0.18071671666333333,10.0,289.94866666666667,34.6110236,74.23847867
Jammu and Kashmir_Kupwara_Acute Diarrhoeal Disease,Jammu and Kashmir,Kupwara,Acute Diarrhoeal Disease,2020,41,20,0.1917575963,8.0,290.06333340000003,34.6110236,74.23847867
Jharkhand_East Singhbhum_Acute Diarrhoeal Disease,Jharkhand,East Singhbhum,Acute Diarrhoeal Disease,2011,29,35,0.5118694729,9.0,303.11,22.8092139,86.2091549
Jharkhand_East Singhbhum_Acute Diarrhoeal Disease,Jharkhand,East Singhbhum,Acute Diarrhoeal Disease,2011,41,12,0.1333311807,20.0,302.42,22.8092139,86.2091549
Jharkhand_East Singhbhum_Acute Diarrhoeal Disease,Jharkhand,East Singhbhum,Acute Diarrhoeal Disease,2011,42,24,0.0543284848,14.0,302.376,22.8092139,86.2091549
Jharkhand_East Singhbhum_Acute Diarrhoeal Disease,Jharkhand,East Singhbhum,Acute Diarrhoeal Disease,2014,48,76,0.0002390002314,9.0,301.12,22.8092139,86.2091549
Jharkhand_East Singhbhum_Acute Diarrhoeal Disease,Jharkhand,East Singhbhum,Acute Diarrhoeal Disease,2016,5,82,0.0007417870808,5.0,295.28000000000003,22.8092139,86.2091549
Jharkhand_East Singhbhum_Acute Diarrhoeal Disease,Jharkhand,East Singhbhum,Acute Diarrhoeal Disease,2016,12,40,0.01803331899,5.0,312.05,22.8092139,86.2091549
Jharkhand_East Singhbhum_Acute Diarrhoeal Disease,Jharkhand,East Singhbhum,Acute Diarrhoeal Disease,2016,28,50,1.058800904,4.0,303.11,22.8092139,86.2091549
Jharkhand_East Singhbhum_Acute Diarrhoeal Disease,Jharkhand,East Singhbhum,Acute Diarrhoeal Disease,2016,33,10,1.003223374,7.0,303.11,22.8092139,86.2091549
Jharkhand_East Singhbhum_Acute Diarrhoeal Disease,Jharkhand,East Singhbhum,Acute Diarrhoeal Disease,2016,37,40,1.7213070474999999,9.0,303.11,22.8092139,86.2091549
Jharkhand_East Singhbhum_Acute Diarrhoeal Disease,Jharkhand,East Singhbhum,Acute Diarrhoeal Disease,2017,8,40,0.0001523435949,5.0,305.54,22.8092139,86.2091549
Jharkhand_East Singhbhum_Acute Diarrhoeal Disease,Jharkhand,East Singhbhum,Acute Diarrhoeal Disease,2017,40,22,0.5184649703,15.0,301.88,22.8092139,86.2091549
Jharkhand_East Singhbhum_Acute Diarrhoeal Disease,Jharkhand,East Singhbhum,Acute Diarrhoeal Disease,2017,46,70,0.02327750905,10.0,299.1566666,22.8092139,86.2091549
Jharkhand_East Singhbhum_Acute Diarrhoeal Disease,Jharkhand,East Singhbhum,Acute Diarrhoeal Disease,2017,48,10,0.2249802162,8.0,297.3333334,22.8092139,86.2091549
Jharkhand_East Singhbhum_Acute Diarrhoeal Disease,Jharkhand,East Singhbhum,Acute Diarrhoeal Disease,2018,19,17,0.6638510517,10.0,304.672,22.8092139,86.2091549
Jharkhand_East Singhbhum_Acute Diarrhoeal Disease,Jharkhand,East Singhbhum,Acute Diarrhoeal Disease,2018,32,47,1.123924944,3.0,303.11,22.8092139,86.2091549
Jharkhand_East Singhbhum_Acute Diarrhoeal Disease,Jharkhand,East Singhbhum,Acute Diarrhoeal Disease,2018,35,43,1.190388173,6.0,303.11,22.8092139,86.2091549
Jharkhand_East Singhbhum_Acute Diarrhoeal Disease,Jharkhand,East Singhbhum,Acute Diarrhoeal Disease,2019,48,6,0.003567116011,9.0,300.628,22.8092139,86.2091549
Jharkhand_East Singhbhum_Acute Diarrhoeal Disease,Jharkhand,East Singhbhum,Acute Diarrhoeal Disease,2020,6,65,0.01933481332,8.0,297.4066666,22.8092139,86.2091549
Jharkhand_East Singhbhum_Acute Diarrhoeal Disease,Jharkhand,East Singhbhum,Acute Diarrhoeal Disease,2021,42,4,0.05030142239,9.0,300.452,22.8092139,86.2091549
Jharkhand_East Singhbhum_Acute Diarrhoeal Disease,Jharkhand,East Singhbhum,Acute Diarrhoeal Disease,2021,45,23,0.003687256675,14.0,300.268,22.8092139,86.2091549
Jharkhand_East Singhbhum_Acute Diarrhoeal Disease,Jharkhand,East Singhbhum,Acute Diarrhoeal Disease,2022,24,21,0.08390716839,10.0,306.504,22.8092139,86.2091549
Jharkhand_West Singhbhum_Acute Diarrhoeal Disease,Jharkhand,West Singhbhum,Acute Diarrhoeal Disease,2011,39,13,0.9817768412,16.0,299.54,22.7859232,86.1716093
Jharkhand_West Singhbhum_Acute Diarrhoeal Disease,Jharkhand,West Singhbhum,Acute Diarrhoeal Disease,2012,24,14,0.0378576321,5.0,313.6533334,22.7859232,86.1716093
Jharkhand_West Singhbhum_Acute Diarrhoeal Disease,Jharkhand,West Singhbhum,Acute Diarrhoeal Disease,2012,32,20,0.8207767465,6.0,301.38,22.7859232,86.1716093
Jharkhand_West Singhbhum_Acute Diarrhoeal Disease,Jharkhand,West Singhbhum,Acute Diarrhoeal Disease,2012,37,27,0.9664100428,9.0,300.40000000000003,22.7859232,86.1716093
Jharkhand_West Singhbhum_Acute Diarrhoeal Disease,Jharkhand,West Singhbhum,Acute Diarrhoeal Disease,2013,27,18,0.3209138409,7.0,303.11,22.7859232,86.1716093
Jharkhand_West Singhbhum_Acute Diarrhoeal Disease,Jharkhand,West Singhbhum,Acute Diarrhoeal Disease,2013,35,16,0.5869232529,9.0,298.98,22.7859232,86.1716093
Jharkhand_West Singhbhum_Acute Diarrhoeal Disease,Jharkhand,West Singhbhum,Acute Diarrhoeal Disease,2013,39,15,0.8539730246,17.0,297.7066666,22.7859232,86.1716093
Jharkhand_West Singhbhum_Acute Diarrhoeal Disease,Jharkhand,West Singhbhum,Acute Diarrhoeal Disease,2013,41,35,1.0302838285,9.0,300.405,22.7859232,86.1716093
Jharkhand_West Singhbhum_Acute Diarrhoeal Disease,Jharkhand,West Singhbhum,Acute Diarrhoeal Disease,2013,44,24,1.561634337,16.0,299.62,22.7859232,86.1716093
Jharkhand_West Singhbhum_Acute Diarrhoeal Disease,Jharkhand,West Singhbhum,Acute Diarrhoeal Disease,2014,43,20,0.6140622043,19.0,299.62,22.7859232,86.1716093
Jharkhand_West Singhbhum_Acute Diarrhoeal Disease,Jharkhand,West Singhbhum,Acute Diarrhoeal Disease,2015,33,16,0.06427996443,10.0,301.59000000000003,22.7859232,86.1716093
Jharkhand_West Singhbhum_Acute Diarrhoeal Disease,Jharkhand,West Singhbhum,Acute Diarrhoeal Disease,2016,25,11,0.7326548415,8.0,307.90000000000003,22.7859232,86.1716093
Jharkhand_West Singhbhum_Acute Diarrhoeal Disease,Jharkhand,West Singhbhum,Acute Diarrhoeal Disease,2017,30,9,1.572192569,2.0,301.88,22.7859232,86.1716093
Jharkhand_West Singhbhum_Acute Diarrhoeal Disease,Jharkhand,West Singhbhum,Acute Diarrhoeal Disease,2018,25,13,0.2447092993,9.0,306.6,22.7859232,86.1716093
Jharkhand_West Singhbhum_Acute Diarrhoeal Disease,Jharkhand,West Singhbhum,Acute Diarrhoeal Disease,2018,29,12,0.431932435,9.0,303.11,22.7859232,86.1716093
Jharkhand_West Singhbhum_Acute Diarrhoeal Disease,Jharkhand,West Singhbhum,Acute Diarrhoeal Disease,2018,36,21,0.3339525484,6.0,301.71,22.7859232,86.1716093
Jharkhand_West Singhbhum_Acute Diarrhoeal Disease,Jharkhand,West Singhbhum,Acute Diarrhoeal Disease,2018,44,12,0.430351649,21.0,301.64,22.7859232,86.1716093
Jharkhand_West Singhbhum_Acute Diarrhoeal Disease,Jharkhand,West Singhbhum,Acute Diarrhoeal Disease,2019,38,11,0.8707892505,9.0,301.66,22.7859232,86.1716093
Jharkhand_West Singhbhum_Acute Diarrhoeal Disease,Jharkhand,West Singhbhum,Acute Diarrhoeal Disease,2019,43,22,0.4944598451,9.0,301.86,22.7859232,86.1716093
Jharkhand_West Singhbhum_Acute Diarrhoeal Disease,Jharkhand,West Singhbhum,Acute Diarrhoeal Disease,2021,29,9,0.2153289702,5.0,299.88,22.7859232,86.1716093
Jharkhand_West Singhbhum_Acute Diarrhoeal Disease,Jharkhand,West Singhbhum,Acute Diarrhoeal Disease,2021,36,8,0.2042255025,9.0,300.19,22.7859232,86.1716093
Jharkhand_West Singhbhum_Acute Diarrhoeal Disease,Jharkhand,West Singhbhum,Acute Diarrhoeal Disease,2021,37,30,1.030720478,8.0,303.11,22.7859232,86.1716093
Jharkhand_West Singhbhum_Acute Diarrhoeal Disease,Jharkhand,West Singhbhum,Acute Diarrhoeal Disease,2021,38,66,0.9376073647,8.0,298.22,22.7859232,86.1716093
Jharkhand_West Singhbhum_Acute Diarrhoeal Disease,Jharkhand,West Singhbhum,Acute Diarrhoeal Disease,2021,39,11,0.3182535347,9.0,301.515,22.7859232,86.1716093
Jharkhand_West Singhbhum_Acute Diarrhoeal Disease,Jharkhand,West Singhbhum,Acute Diarrhoeal Disease,2021,40,26,2.016970414,25.0,300.24,22.7859232,86.1716093
Jharkhand_West Singhbhum_Acute Diarrhoeal Disease,Jharkhand,West Singhbhum,Acute Diarrhoeal Disease,2021,42,24,1.289271786,19.0,304.88,22.7859232,86.1716093
Jharkhand_West Singhbhum_Acute Diarrhoeal Disease,Jharkhand,West Singhbhum,Acute Diarrhoeal Disease,2021,46,12,0.536352205,9.0,295.72,22.7859232,86.1716093
Jharkhand_West Singhbhum_Acute Diarrhoeal Disease,Jharkhand,West Singhbhum,Acute Diarrhoeal Disease,2022,23,4,0.1341750695,11.0,306.05333340000004,22.7859232,86.1716093
Karnataka_Ballari_Acute Diarrhoeal Disease,Karnataka,Ballari,Acute Diarrhoeal Disease,2009,34,26,0.0353783345,4.0,306.61333340000004,15.2485413,76.8323648
Karnataka_Ballari_Acute Diarrhoeal Disease,Karnataka,Ballari,Acute Diarrhoeal Disease,2009,47,33,0.4668879883,8.0,299.82,15.2485413,76.8323648
Karnataka_Ballari_Acute Diarrhoeal Disease,Karnataka,Ballari,Acute Diarrhoeal Disease,2009,49,29,0.2420112393,9.0,301.92,15.2485413,76.8323648
Karnataka_Ballari_Acute Diarrhoeal Disease,Karnataka,Ballari,Acute Diarrhoeal Disease,2010,23,62,0.0454535452,4.0,311.5933334,15.2485413,76.8323648
Karnataka_Ballari_Acute Diarrhoeal Disease,Karnataka,Ballari,Acute Diarrhoeal Disease,2010,24,41,0.0002340342828,4.0,311.108,15.2485413,76.8323648
Karnataka_Ballari_Acute Diarrhoeal Disease,Karnataka,Ballari,Acute Diarrhoeal Disease,2011,23,62,0.1718040284,4.0,310.62,15.2485413,76.8323648
Karnataka_Ballari_Acute Diarrhoeal Disease,Karnataka,Ballari,Acute Diarrhoeal Disease,2011,29,28,0.2808323906,4.0,308.98,15.2485413,76.8323648
Karnataka_Ballari_Acute Diarrhoeal Disease,Karnataka,Ballari,Acute Diarrhoeal Disease,2013,18,55,0.02311997569,4.0,315.932,15.2485413,76.8323648
Karnataka_Ballari_Acute Diarrhoeal Disease,Karnataka,Ballari,Acute Diarrhoeal Disease,2013,23,33,0.2419374413,3.0,306.7,15.2485413,76.8323648
Karnataka_Ballari_Acute Diarrhoeal Disease,Karnataka,Ballari,Acute Diarrhoeal Disease,2013,26,55,0.1597969955,9.0,309.36,15.2485413,76.8323648
Karnataka_Ballari_Acute Diarrhoeal Disease,Karnataka,Ballari,Acute Diarrhoeal Disease,2013,30,16,0.8808416879,2.0,303.11,15.2485413,76.8323648
Karnataka_Ballari_Acute Diarrhoeal Disease,Karnataka,Ballari,Acute Diarrhoeal Disease,2013,36,12,0.3130347164,9.0,305.44,15.2485413,76.8323648
Karnataka_Ballari_Acute Diarrhoeal Disease,Karnataka,Ballari,Acute Diarrhoeal Disease,2014,29,31,0.2920294908,2.0,303.11,15.2485413,76.8323648
Karnataka_Ballari_Acute Diarrhoeal Disease,Karnataka,Ballari,Acute Diarrhoeal Disease,2016,14,73,0.0004560763987,5.0,318.2,15.2485413,76.8323648
Karnataka_Ballari_Acute Diarrhoeal Disease,Karnataka,Ballari,Acute Diarrhoeal Disease,2016,27,61,0.2858358297,2.0,303.11,15.2485413,76.8323648
Karnataka_Ballari_Acute Diarrhoeal Disease,Karnataka,Ballari,Acute Diarrhoeal Disease,2018,11,23,6.24e-05,9.0,312.64,15.2485413,76.8323648
Karnataka_Ballari_Acute Diarrhoeal Disease,Karnataka,Ballari,Acute Diarrhoeal Disease,2019,40,61,0.3169809523,11.0,305.8666666,15.2485413,76.8323648
Karnataka_Ballari_Acute Diarrhoeal Disease,Karnataka,Ballari,Acute Diarrhoeal Disease,2021,3,47,2.27e-05,8.0,303.2133334,15.2485413,76.8323648
Karnataka_Ballari_Acute Diarrhoeal Disease,Karnataka,Ballari,Acute Diarrhoeal Disease,2021,4,14,7.83e-06,7.0,306.288,15.2485413,76.8323648
Karnataka_Ballari_Acute Diarrhoeal Disease,Karnataka,Ballari,Acute Diarrhoeal Disease,2021,41,11,0.1862644303,9.0,303.035,15.2485413,76.8323648
Karnataka_Ballari_Acute Diarrhoeal Disease,Karnataka,Ballari,Acute Diarrhoeal Disease,2022,20,22,0.2310053668,9.0,312.53000000000003,15.2485413,76.8323648
Karnataka_Belgaum_Acute Diarrhoeal Disease,Karnataka,Belgaum,Acute Diarrhoeal Disease,2009,28,10,0.3929388113,3.0,305.90000000000003,15.8572666,74.5069343
Karnataka_Belgaum_Acute Diarrhoeal Disease,Karnataka,Belgaum,Acute Diarrhoeal Disease,2009,30,28,1.910460109,4.0,303.11,15.8572666,74.5069343
Karnataka_Belgaum_Acute Diarrhoeal Disease,Karnataka,Belgaum,Acute Diarrhoeal Disease,2009,31,86,1.261049388,5.0,295.6866666,15.8572666,74.5069343
Karnataka_Belgaum_Acute Diarrhoeal Disease,Karnataka,Belgaum,Acute Diarrhoeal Disease,2009,32,53,0.2304774701,9.0,299.1,15.8572666,74.5069343
Karnataka_Belgaum_Acute Diarrhoeal Disease,Karnataka,Belgaum,Acute Diarrhoeal Disease,2009,38,18,1.479555975,9.0,303.11,15.8572666,74.5069343
Karnataka_Belgaum_Acute Diarrhoeal Disease,Karnataka,Belgaum,Acute Diarrhoeal Disease,2009,41,16,1.870581771,14.0,303.11,15.8572666,74.5069343
Karnataka_Belgaum_Acute Diarrhoeal Disease,Karnataka,Belgaum,Acute Diarrhoeal Disease,2009,43,16,0.1356135379,21.0,299.68,15.8572666,74.5069343
Karnataka_Belgaum_Acute Diarrhoeal Disease,Karnataka,Belgaum,Acute Diarrhoeal Disease,2010,16,52,0.07287030204,9.0,314.62333340000004,15.8572666,74.5069343
Karnataka_Belgaum_Acute Diarrhoeal Disease,Karnataka,Belgaum,Acute Diarrhoeal Disease,2010,33,43,1.474761356,2.0,296.74,15.8572666,74.5069343
Karnataka_Belgaum_Acute Diarrhoeal Disease,Karnataka,Belgaum,Acute Diarrhoeal Disease,2010,36,10,0.9114885513,5.0,303.11,15.8572666,74.5069343
Karnataka_Belgaum_Acute Diarrhoeal Disease,Karnataka,Belgaum,Acute Diarrhoeal Disease,2011,19,21,0.04118482376,9.0,313.5433334,15.8572666,74.5069343
Karnataka_Belgaum_Acute Diarrhoeal Disease,Karnataka,Belgaum,Acute Diarrhoeal Disease,2011,20,24,0.04118482376,9.0,313.5433334,15.8572666,74.5069343
Karnataka_Belgaum_Acute Diarrhoeal Disease,Karnataka,Belgaum,Acute Diarrhoeal Disease,2011,25,28,0.4702891641,7.0,299.12,15.8572666,74.5069343
Karnataka_Belgaum_Acute Diarrhoeal Disease,Karnataka,Belgaum,Acute Diarrhoeal Disease,2011,32,17,0.8858002696,9.0,303.11,15.8572666,74.5069343
Karnataka_Belgaum_Acute Diarrhoeal Disease,Karnataka,Belgaum,Acute Diarrhoeal Disease,2011,34,88,0.40841039,9.0,294.88,15.8572666,74.5069343
Karnataka_Belgaum_Acute Diarrhoeal Disease,Karnataka,Belgaum,Acute Diarrhoeal Disease,2011,44,25,0.4107975024,21.0,302.372,15.8572666,74.5069343
Karnataka_Belgaum_Acute Diarrhoeal Disease,Karnataka,Belgaum,Acute Diarrhoeal Disease,2011,50,10,6.76e-05,18.0,305.28400000000005,15.8572666,74.5069343
Karnataka_Belgaum_Acute Diarrhoeal Disease,Karnataka,Belgaum,Acute Diarrhoeal Disease,2011,51,10,6.76e-05,18.0,305.28400000000005,15.8572666,74.5069343
Karnataka_Belgaum_Acute Diarrhoeal Disease,Karnataka,Belgaum,Acute Diarrhoeal Disease,2012,18,12,0.1755570859,9.0,311.4266666,15.8572666,74.5069343
Karnataka_Belgaum_Acute Diarrhoeal Disease,Karnataka,Belgaum,Acute Diarrhoeal Disease,2012,22,50,0.01659407463,9.0,313.996,15.8572666,74.5069343
Karnataka_Belgaum_Acute Diarrhoeal Disease,Karnataka,Belgaum,Acute Diarrhoeal Disease,2013,27,13,0.6168928176,7.0,301.93,15.8572666,74.5069343
Karnataka_Belgaum_Acute Diarrhoeal Disease,Karnataka,Belgaum,Acute Diarrhoeal Disease,2013,50,29,5.7e-05,17.0,303.332,15.8572666,74.5069343
Karnataka_Belgaum_Acute Diarrhoeal Disease,Karnataka,Belgaum,Acute Diarrhoeal Disease,2014,6,32,6.84e-05,7.0,306.1466666,15.8572666,74.5069343
Karnataka_Belgaum_Acute Diarrhoeal Disease,Karnataka,Belgaum,Acute Diarrhoeal Disease,2014,19,11,0.2383477363,9.0,313.42,15.8572666,74.5069343
Karnataka_Bidar_Acute Diarrhoeal Disease,Karnataka,Bidar,Acute Diarrhoeal Disease,2009,25,18,0.3957329304,2.0,313.48400000000004,18.083333,77.333333
Karnataka_Bidar_Acute Diarrhoeal Disease,Karnataka,Bidar,Acute Diarrhoeal Disease,2009,30,28,0.5114891179,3.0,303.44,18.083333,77.333333
Karnataka_Bidar_Acute Diarrhoeal Disease,Karnataka,Bidar,Acute Diarrhoeal Disease,2010,23,45,0.0241116297,9.0,318.66400000000004,18.083333,77.333333
Karnataka_Bidar_Acute Diarrhoeal Disease,Karnataka,Bidar,Acute Diarrhoeal Disease,2010,40,12,0.9286082083,9.0,301.46,18.083333,77.333333
Karnataka_Bidar_Acute Diarrhoeal Disease,Karnataka,Bidar,Acute Diarrhoeal Disease,2011,6,72,4.47e-05,4.0,310.09000000000003,18.083333,77.333333
Karnataka_Bidar_Acute Diarrhoeal Disease,Karnataka,Bidar,Acute Diarrhoeal Disease,2011,23,43,0.5063219614500001,5.5,308.47450000000003,18.083333,77.333333
Karnataka_Bidar_Acute Diarrhoeal Disease,Karnataka,Bidar,Acute Diarrhoeal Disease,2011,29,78,0.6174244665,9.0,303.93,18.083333,77.333333
Karnataka_Bidar_Acute Diarrhoeal Disease,Karnataka,Bidar,Acute Diarrhoeal Disease,2011,36,41,0.609214289,10.0,299.71,18.083333,77.333333
Karnataka_Bidar_Acute Diarrhoeal Disease,Karnataka,Bidar,Acute Diarrhoeal Disease,2011,39,10,0.04803837238,11.0,307.325,18.083333,77.333333
Karnataka_Bidar_Acute Diarrhoeal Disease,Karnataka,Bidar,Acute Diarrhoeal Disease,2011,41,15,0.2886805275,9.0,305.92,18.083333,77.333333
Karnataka_Bidar_Acute Diarrhoeal Disease,Karnataka,Bidar,Acute Diarrhoeal Disease,2011,42,15,0.2886805275,9.0,305.92,18.083333,77.333333
Karnataka_Bidar_Acute Diarrhoeal Disease,Karnataka,Bidar,Acute Diarrhoeal Disease,2011,44,69,0.0120044286,11.0,308.37,18.083333,77.333333
Karnataka_Bidar_Acute Diarrhoeal Disease,Karnataka,Bidar,Acute Diarrhoeal Disease,2012,28,30,0.2204643485,9.0,309.92,18.083333,77.333333
Karnataka_Bidar_Acute Diarrhoeal Disease,Karnataka,Bidar,Acute Diarrhoeal Disease,2012,29,17,0.1992852796,2.0,306.73,18.083333,77.333333
Karnataka_Bidar_Acute Diarrhoeal Disease,Karnataka,Bidar,Acute Diarrhoeal Disease,2013,27,17,0.6173556021,9.0,303.11,18.083333,77.333333
Karnataka_Bidar_Acute Diarrhoeal Disease,Karnataka,Bidar,Acute Diarrhoeal Disease,2013,29,18,0.9377480503,9.0,304.32,18.083333,77.333333
Karnataka_Bidar_Acute Diarrhoeal Disease,Karnataka,Bidar,Acute Diarrhoeal Disease,2013,30,18,1.274581416,2.0,304.32,18.083333,77.333333
Karnataka_Bidar_Acute Diarrhoeal Disease,Karnataka,Bidar,Acute Diarrhoeal Disease,2013,43,20,0.07444477377,13.0,304.095,18.083333,77.333333
Karnataka_Bidar_Acute Diarrhoeal Disease,Karnataka,Bidar,Acute Diarrhoeal Disease,2014,37,19,0.6419066108,10.0,301.61333340000004,18.083333,77.333333
Karnataka_Bidar_Acute Diarrhoeal Disease,Karnataka,Bidar,Acute Diarrhoeal Disease,2015,11,12,0.1480944681,3.0,313.436,18.083333,77.333333
Karnataka_Bidar_Acute Diarrhoeal Disease,Karnataka,Bidar,Acute Diarrhoeal Disease,2015,29,20,0.04009313086,3.0,309.165,18.083333,77.333333
Karnataka_Bidar_Acute Diarrhoeal Disease,Karnataka,Bidar,Acute Diarrhoeal Disease,2015,44,12,0.004023363363,9.0,308.2966666,18.083333,77.333333
Karnataka_Bidar_Acute Diarrhoeal Disease,Karnataka,Bidar,Acute Diarrhoeal Disease,2016,40,31,0.1962460209,14.0,304.38,18.083333,77.333333
Karnataka_Bidar_Acute Diarrhoeal Disease,Karnataka,Bidar,Acute Diarrhoeal Disease,2016,41,13,0.1958957942,14.0,301.84000000000003,18.083333,77.333333
Karnataka_Bidar_Acute Diarrhoeal Disease,Karnataka,Bidar,Acute Diarrhoeal Disease,2017,35,17,1.507768512,14.0,303.11,18.083333,77.333333
Karnataka_Bidar_Acute Diarrhoeal Disease,Karnataka,Bidar,Acute Diarrhoeal Disease,2017,41,24,0.5694589281,11.0,306.32,18.083333,77.333333
Karnataka_Bidar_Acute Diarrhoeal Disease,Karnataka,Bidar,Acute Diarrhoeal Disease,2017,42,22,0.6472564917,9.0,302.48,18.083333,77.333333
Karnataka_Bidar_Acute Diarrhoeal Disease,Karnataka,Bidar,Acute Diarrhoeal Disease,2018,4,23,4.64e-05,6.0,307.2933334,18.083333,77.333333
Karnataka_Bidar_Acute Diarrhoeal Disease,Karnataka,Bidar,Acute Diarrhoeal Disease,2018,18,22,0.0003511772483,3.0,321.3166666,18.083333,77.333333
Karnataka_Bidar_Cholera,Karnataka,Bidar,Cholera,2011,34,6,0.6063773991,3.0,303.11,18.083333,77.333333
Karnataka_Bidar_Cholera,Karnataka,Bidar,Cholera,2012,26,23,0.08780226221,1.0,312.3666666,18.083333,77.333333
Karnataka_Bidar_Cholera,Karnataka,Bidar,Cholera,2012,29,19,0.9841975524,3.0,303.11,18.083333,77.333333
Karnataka_Bidar_Cholera,Karnataka,Bidar,Cholera,2013,31,17,0.7910202335,6.0,303.11,18.083333,77.333333
Karnataka_Bidar_Cholera,Karnataka,Bidar,Cholera,2015,17,22,0.03635194456,3.0,319.99,18.083333,77.333333
Karnataka_Bidar_Cholera,Karnataka,Bidar,Cholera,2015,28,24,0.02185066896,9.0,310.74666659999997,18.083333,77.333333
Karnataka_Bidar_Cholera,Karnataka,Bidar,Cholera,2015,31,15,0.1431191621,9.0,303.11,18.083333,77.333333
Karnataka_Bidar_Cholera,Karnataka,Bidar,Cholera,2016,25,26,0.06141703074,2.0,314.2,18.083333,77.333333
Karnataka_Bidar_Cholera,Karnataka,Bidar,Cholera,2016,28,22,1.193017326,4.0,302.96,18.083333,77.333333
Karnataka_Bidar_Cholera,Karnataka,Bidar,Cholera,2016,31,13,1.083564583,5.0,300.28000000000003,18.083333,77.333333
Karnataka_Bijapur_Acute Diarrhoeal Disease,Karnataka,Bijapur,Acute Diarrhoeal Disease,2009,25,143,0.6449550351,9.0,313.255,16.8269911,75.7175387
Karnataka_Bijapur_Acute Diarrhoeal Disease,Karnataka,Bijapur,Acute Diarrhoeal Disease,2009,26,240,0.40992622125,6.5,309.8455,16.8269911,75.7175387
Karnataka_Bijapur_Acute Diarrhoeal Disease,Karnataka,Bijapur,Acute Diarrhoeal Disease,2009,28,74,0.1513143212,2.0,311.6,16.8269911,75.7175387
Karnataka_Bijapur_Acute Diarrhoeal Disease,Karnataka,Bijapur,Acute Diarrhoeal Disease,2009,45,68,0.04680001434,9.0,305.72,16.8269911,75.7175387
Karnataka_Bijapur_Acute Diarrhoeal Disease,Karnataka,Bijapur,Acute Diarrhoeal Disease,2009,46,158,0.04680001434,9.0,305.72,16.8269911,75.7175387
Karnataka_Bijapur_Acute Diarrhoeal Disease,Karnataka,Bijapur,Acute Diarrhoeal Disease,2009,48,77,0.5570485349,6.0,305.635,16.8269911,75.7175387
Karnataka_Bijapur_Acute Diarrhoeal Disease,Karnataka,Bijapur,Acute Diarrhoeal Disease,2010,10,26,0.003015112499,4.0,315.92,16.8269911,75.7175387
Karnataka_Bijapur_Acute Diarrhoeal Disease,Karnataka,Bijapur,Acute Diarrhoeal Disease,2010,19,10,0.1412039097,4.0,317.1466666,16.8269911,75.7175387
Karnataka_Bijapur_Acute Diarrhoeal Disease,Karnataka,Bijapur,Acute Diarrhoeal Disease,2011,25,40,0.1059465824,3.0,304.2,16.8269911,75.7175387
Karnataka_Bijapur_Acute Diarrhoeal Disease,Karnataka,Bijapur,Acute Diarrhoeal Disease,2011,26,31,0.1059465824,3.0,304.2,16.8269911,75.7175387
Karnataka_Bijapur_Acute Diarrhoeal Disease,Karnataka,Bijapur,Acute Diarrhoeal Disease,2011,44,29,0.04022930555,6.0,308.152,16.8269911,75.7175387
Karnataka_Bijapur_Acute Diarrhoeal Disease,Karnataka,Bijapur,Acute Diarrhoeal Disease,2012,31,21,0.1281195903,2.0,305.2333334,16.8269911,75.7175387
Karnataka_Bijapur_Acute Diarrhoeal Disease,Karnataka,Bijapur,Acute Diarrhoeal Disease,2013,26,13,0.4375792352,2.0,310.32,16.8269911,75.7175387
Karnataka_Bijapur_Acute Diarrhoeal Disease,Karnataka,Bijapur,Acute Diarrhoeal Disease,2013,29,10,0.5386506808,1.0,291.87,16.8269911,75.7175387
Karnataka_Bijapur_Acute Diarrhoeal Disease,Karnataka,Bijapur,Acute Diarrhoeal Disease,2015,22,55,0.002501309021,3.0,314.8233334,16.8269911,75.7175387
Karnataka_Chikkaballapur_Acute Diarrhoeal Disease,Karnataka,Chikkaballapur,Acute Diarrhoeal Disease,2009,33,29,0.0782734883,9.0,305.81,13.6102243,77.5127721
Karnataka_Chikkaballapur_Acute Diarrhoeal Disease,Karnataka,Chikkaballapur,Acute Diarrhoeal Disease,2010,18,28,0.059083955405,7.5,309.174,13.6102243,77.5127721
Karnataka_Chikkaballapur_Acute Diarrhoeal Disease,Karnataka,Chikkaballapur,Acute Diarrhoeal Disease,2010,21,25,0.3470122497,8.0,306.165,13.6102243,77.5127721
Karnataka_Chikkaballapur_Acute Diarrhoeal Disease,Karnataka,Chikkaballapur,Acute Diarrhoeal Disease,2010,47,11,0.6627270472,9.0,303.11,13.6102243,77.5127721
Karnataka_Chikkaballapur_Acute Diarrhoeal Disease,Karnataka,Chikkaballapur,Acute Diarrhoeal Disease,2010,49,10,0.3414467708,11.0,297.9533334,13.6102243,77.5127721
Karnataka_Chikkaballapur_Acute Diarrhoeal Disease,Karnataka,Chikkaballapur,Acute Diarrhoeal Disease,2011,20,13,0.4553198241,9.0,308.7233334,13.6102243,77.5127721
Karnataka_Chikkaballapur_Acute Diarrhoeal Disease,Karnataka,Chikkaballapur,Acute Diarrhoeal Disease,2012,9,29,4.88e-05,5.0,311.652,13.6102243,77.5127721
Karnataka_Chikkaballapur_Acute Diarrhoeal Disease,Karnataka,Chikkaballapur,Acute Diarrhoeal Disease,2012,34,20,0.05339180257,8.0,305.5,13.6102243,77.5127721
Karnataka_Chikkaballapur_Acute Diarrhoeal Disease,Karnataka,Chikkaballapur,Acute Diarrhoeal Disease,2013,49,24,0.04065148897,9.0,301.76,13.6102243,77.5127721
Karnataka_Chikkaballapur_Acute Diarrhoeal Disease,Karnataka,Chikkaballapur,Acute Diarrhoeal Disease,2019,32,71,0.1636546059,4.0,305.54,13.6102243,77.5127721
Karnataka_Chikkaballapur_Acute Diarrhoeal Disease,Karnataka,Chikkaballapur,Acute Diarrhoeal Disease,2019,35,8,0.2555509731,7.0,303.11,13.6102243,77.5127721
Karnataka_Chikkaballapur_Acute Diarrhoeal Disease,Karnataka,Chikkaballapur,Acute Diarrhoeal Disease,2021,3,61,0.0009201762932,9.0,303.09000000000003,13.6102243,77.5127721
Karnataka_Chikmagalur_Acute Diarrhoeal Disease,Karnataka,Chikmagalur,Acute Diarrhoeal Disease,2009,30,26,1.194602971,12.0,303.11,13.318014,75.7738743
Karnataka_Chikmagalur_Acute Diarrhoeal Disease,Karnataka,Chikmagalur,Acute Diarrhoeal Disease,2009,35,22,0.3617060745,16.0,296.27,13.318014,75.7738743
Karnataka_Chikmagalur_Acute Diarrhoeal Disease,Karnataka,Chikmagalur,Acute Diarrhoeal Disease,2009,40,114,1.40054651395,20.5,296.97,13.318014,75.7738743
Karnataka_Chikmagalur_Acute Diarrhoeal Disease,Karnataka,Chikmagalur,Acute Diarrhoeal Disease,2009,47,73,0.6280803267,15.0,297.36,13.318014,75.7738743
Karnataka_Chikmagalur_Acute Diarrhoeal Disease,Karnataka,Chikmagalur,Acute Diarrhoeal Disease,2010,5,21,0.2223733145,20.0,298.265,13.318014,75.7738743
Karnataka_Chikmagalur_Acute Diarrhoeal Disease,Karnataka,Chikmagalur,Acute Diarrhoeal Disease,2010,9,10,0.01700633473,21.0,301.732,13.318014,75.7738743
Karnataka_Chikmagalur_Acute Diarrhoeal Disease,Karnataka,Chikmagalur,Acute Diarrhoeal Disease,2011,2,24,0.006727641584,16.0,298.24,13.318014,75.7738743
Karnataka_Chikmagalur_Acute Diarrhoeal Disease,Karnataka,Chikmagalur,Acute Diarrhoeal Disease,2011,36,10,0.2878670428,7.0,300.26,13.318014,75.7738743
Karnataka_Chikmagalur_Acute Diarrhoeal Disease,Karnataka,Chikmagalur,Acute Diarrhoeal Disease,2012,26,14,0.2665153402,9.0,301.46,13.318014,75.7738743
Karnataka_Chikmagalur_Acute Diarrhoeal Disease,Karnataka,Chikmagalur,Acute Diarrhoeal Disease,2020,18,50,0.2869848918,27.0,305.456,13.318014,75.7738743
Karnataka_Chitradurga_Acute Diarrhoeal Disease,Karnataka,Chitradurga,Acute Diarrhoeal Disease,2009,30,23,0.3332280303,2.0,300.04,14.2266443,76.4005122
Karnataka_Chitradurga_Acute Diarrhoeal Disease,Karnataka,Chitradurga,Acute Diarrhoeal Disease,2010,19,20,0.03679994976,9.0,310.8966666,14.2266443,76.4005122
Karnataka_Chitradurga_Acute Diarrhoeal Disease,Karnataka,Chitradurga,Acute Diarrhoeal Disease,2010,40,18,0.2620837093,7.0,301.84000000000003,14.2266443,76.4005122
Karnataka_Chitradurga_Acute Diarrhoeal Disease,Karnataka,Chitradurga,Acute Diarrhoeal Disease,2011,17,14,0.04366439091,9.0,310.67,14.2266443,76.4005122
Karnataka_Chitradurga_Acute Diarrhoeal Disease,Karnataka,Chitradurga,Acute Diarrhoeal Disease,2011,29,16,0.2982476916,6.0,303.11,14.2266443,76.4005122
Karnataka_Chitradurga_Acute Diarrhoeal Disease,Karnataka,Chitradurga,Acute Diarrhoeal Disease,2011,30,16,0.2982476916,6.0,303.11,14.2266443,76.4005122
Karnataka_Chitradurga_Acute Diarrhoeal Disease,Karnataka,Chitradurga,Acute Diarrhoeal Disease,2011,34,22,0.09168479754,5.0,305.12,14.2266443,76.4005122
Karnataka_Chitradurga_Acute Diarrhoeal Disease,Karnataka,Chitradurga,Acute Diarrhoeal Disease,2012,38,13,0.1398023521,9.0,304.48,14.2266443,76.4005122
Karnataka_Chitradurga_Acute Diarrhoeal Disease,Karnataka,Chitradurga,Acute Diarrhoeal Disease,2013,10,33,0.0188119514,5.0,312.208,14.2266443,76.4005122
Karnataka_Chitradurga_Acute Diarrhoeal Disease,Karnataka,Chitradurga,Acute Diarrhoeal Disease,2013,14,10,0.0004273925521,5.0,315.12,14.2266443,76.4005122
Karnataka_Chitradurga_Acute Diarrhoeal Disease,Karnataka,Chitradurga,Acute Diarrhoeal Disease,2013,16,22,0.001180026882,9.0,317.60400000000004,14.2266443,76.4005122
Karnataka_Chitradurga_Acute Diarrhoeal Disease,Karnataka,Chitradurga,Acute Diarrhoeal Disease,2013,18,56,0.0941425294,5.0,316.52,14.2266443,76.4005122
Karnataka_Chitradurga_Acute Diarrhoeal Disease,Karnataka,Chitradurga,Acute Diarrhoeal Disease,2013,44,15,0.6359730471,10.0,301.68,14.2266443,76.4005122
Karnataka_Chitradurga_Acute Diarrhoeal Disease,Karnataka,Chitradurga,Acute Diarrhoeal Disease,2014,32,14,0.2705121517,9.0,301.54,14.2266443,76.4005122
Karnataka_Chitradurga_Acute Diarrhoeal Disease,Karnataka,Chitradurga,Acute Diarrhoeal Disease,2015,26,55,0.1091319372,7.0,302.1733334,14.2266443,76.4005122
Karnataka_Chitradurga_Acute Diarrhoeal Disease,Karnataka,Chitradurga,Acute Diarrhoeal Disease,2016,50,13,0.0005039284898,4.0,302.012,14.2266443,76.4005122
Karnataka_Chitradurga_Cholera,Karnataka,Chitradurga,Cholera,2009,30,18,0.4802261151,2.0,300.04,14.2266443,76.4005122
Karnataka_Chitradurga_Cholera,Karnataka,Chitradurga,Cholera,2009,35,8,0.5682094018,9.0,294.2266666,14.2266443,76.4005122
Karnataka_Chitradurga_Cholera,Karnataka,Chitradurga,Cholera,2009,49,36,0.2946294343,9.0,300.2133334,14.2266443,76.4005122
Karnataka_Chitradurga_Cholera,Karnataka,Chitradurga,Cholera,2010,24,12,0.05203921583,8.0,303.505,14.2266443,76.4005122
Karnataka_Chitradurga_Cholera,Karnataka,Chitradurga,Cholera,2011,12,28,3.53e-05,6.0,314.844,14.2266443,76.4005122
Karnataka_Chitradurga_Cholera,Karnataka,Chitradurga,Cholera,2012,26,18,0.2830008473,4.0,303.11,14.2266443,76.4005122
Karnataka_Chitradurga_Cholera,Karnataka,Chitradurga,Cholera,2013,17,40,0.001331521156,5.0,319.268,14.2266443,76.4005122
Karnataka_Chitradurga_Cholera,Karnataka,Chitradurga,Cholera,2013,23,50,0.35508582575000003,5.5,307.315,14.2266443,76.4005122
Karnataka_Chitradurga_Cholera,Karnataka,Chitradurga,Cholera,2014,23,25,0.1300227558,8.0,304.51,14.2266443,76.4005122
Karnataka_Chitradurga_Cholera,Karnataka,Chitradurga,Cholera,2014,34,38,0.6475434718,8.0,303.7266666,14.2266443,76.4005122
Karnataka_Chitradurga_Cholera,Karnataka,Chitradurga,Cholera,2016,1,4,1.38e-05,7.0,305.2066666,14.2266443,76.4005122
Karnataka_Davangere_Acute Diarrhoeal Disease,Karnataka,Davangere,Acute Diarrhoeal Disease,2009,26,31,0.6041849397,9.0,307.2266666,14.4679807,75.9195682
Karnataka_Davangere_Acute Diarrhoeal Disease,Karnataka,Davangere,Acute Diarrhoeal Disease,2009,28,19,0.3611560634,5.0,306.54,14.4679807,75.9195682
Karnataka_Davangere_Acute Diarrhoeal Disease,Karnataka,Davangere,Acute Diarrhoeal Disease,2009,30,46,0.7415570427,7.0,296.02,14.4679807,75.9195682
Karnataka_Davangere_Acute Diarrhoeal Disease,Karnataka,Davangere,Acute Diarrhoeal Disease,2009,41,44,2.450416403,12.0,297.38,14.4679807,75.9195682
Karnataka_Davangere_Acute Diarrhoeal Disease,Karnataka,Davangere,Acute Diarrhoeal Disease,2009,46,34,0.5859287336,10.0,303.11,14.4679807,75.9195682
Karnataka_Davangere_Acute Diarrhoeal Disease,Karnataka,Davangere,Acute Diarrhoeal Disease,2012,6,50,6.34e-05,6.0,307.376,14.4679807,75.9195682
Karnataka_Davangere_Acute Diarrhoeal Disease,Karnataka,Davangere,Acute Diarrhoeal Disease,2013,17,30,0.0002449380692,6.0,318.536,14.4679807,75.9195682
Karnataka_Davangere_Acute Diarrhoeal Disease,Karnataka,Davangere,Acute Diarrhoeal Disease,2013,18,17,0.009360372185,5.0,311.068,14.4679807,75.9195682
Karnataka_Davangere_Acute Diarrhoeal Disease,Karnataka,Davangere,Acute Diarrhoeal Disease,2013,20,27,0.006423007834,9.0,310.54,14.4679807,75.9195682
Karnataka_Davangere_Acute Diarrhoeal Disease,Karnataka,Davangere,Acute Diarrhoeal Disease,2013,21,23,0.2134417017,9.0,312.16,14.4679807,75.9195682
Karnataka_Davangere_Acute Diarrhoeal Disease,Karnataka,Davangere,Acute Diarrhoeal Disease,2013,31,22,0.3466214151,6.0,303.11,14.4679807,75.9195682
Karnataka_Davangere_Acute Diarrhoeal Disease,Karnataka,Davangere,Acute Diarrhoeal Disease,2014,17,17,0.02856250008,7.0,314.244,14.4679807,75.9195682
Karnataka_Davangere_Acute Diarrhoeal Disease,Karnataka,Davangere,Acute Diarrhoeal Disease,2018,12,149,0.1629462378,9.0,310.915,14.4679807,75.9195682
Karnataka_Dharwad_Acute Diarrhoeal Disease,Karnataka,Dharwad,Acute Diarrhoeal Disease,2009,32,31,0.2891041037,4.0,301.74,15.4540505,75.0066516
Karnataka_Dharwad_Acute Diarrhoeal Disease,Karnataka,Dharwad,Acute Diarrhoeal Disease,2009,38,32,1.251536453,9.0,302.34000000000003,15.4540505,75.0066516
Karnataka_Dharwad_Acute Diarrhoeal Disease,Karnataka,Dharwad,Acute Diarrhoeal Disease,2009,41,22,2.240300593,7.0,303.11,15.4540505,75.0066516
Karnataka_Dharwad_Acute Diarrhoeal Disease,Karnataka,Dharwad,Acute Diarrhoeal Disease,2010,39,26,0.7308538414,4.0,302.02,15.4540505,75.0066516
Karnataka_Dharwad_Acute Diarrhoeal Disease,Karnataka,Dharwad,Acute Diarrhoeal Disease,2010,42,15,0.7194116689,9.0,305.78000000000003,15.4540505,75.0066516
Karnataka_Dharwad_Acute Diarrhoeal Disease,Karnataka,Dharwad,Acute Diarrhoeal Disease,2011,25,78,0.49600762490000005,2.5,305.83500000000004,15.4540505,75.0066516
Karnataka_Dharwad_Acute Diarrhoeal Disease,Karnataka,Dharwad,Acute Diarrhoeal Disease,2011,44,12,0.05433591077,14.0,306.02,15.4540505,75.0066516
Karnataka_Dharwad_Acute Diarrhoeal Disease,Karnataka,Dharwad,Acute Diarrhoeal Disease,2012,30,19,0.2783195951,9.0,306.1,15.4540505,75.0066516
Karnataka_Dharwad_Acute Diarrhoeal Disease,Karnataka,Dharwad,Acute Diarrhoeal Disease,2014,11,25,0.02563086009,5.0,311.09000000000003,15.4540505,75.0066516
Karnataka_Dharwad_Acute Diarrhoeal Disease,Karnataka,Dharwad,Acute Diarrhoeal Disease,2016,24,14,1.377494785,2.0,303.11,15.4540505,75.0066516
Karnataka_Dharwad_Acute Diarrhoeal Disease,Karnataka,Dharwad,Acute Diarrhoeal Disease,2016,28,35,0.5382516958,3.0,304.04,15.4540505,75.0066516
Karnataka_Dharwad_Acute Diarrhoeal Disease,Karnataka,Dharwad,Acute Diarrhoeal Disease,2016,34,25,0.1622688087,4.0,307.74,15.4540505,75.0066516
Karnataka_Dharwad_Acute Diarrhoeal Disease,Karnataka,Dharwad,Acute Diarrhoeal Disease,2017,31,46,0.1981826217,4.0,304.375,15.4540505,75.0066516
Karnataka_Dharwad_Acute Diarrhoeal Disease,Karnataka,Dharwad,Acute Diarrhoeal Disease,2017,41,97,0.3895557395,4.0,307.33,15.4540505,75.0066516
Karnataka_Dharwad_Acute Diarrhoeal Disease,Karnataka,Dharwad,Acute Diarrhoeal Disease,2019,21,96,0.08211990857,9.0,318.505,15.4540505,75.0066516
Karnataka_Gulbarga_Acute Diarrhoeal Disease,Karnataka,Gulbarga,Acute Diarrhoeal Disease,2010,7,39,5.57e-05,4.0,311.56,17.166667,77.083333
Karnataka_Gulbarga_Acute Diarrhoeal Disease,Karnataka,Gulbarga,Acute Diarrhoeal Disease,2010,40,51,0.5970369366,5.0,301.54,17.166667,77.083333
Karnataka_Gulbarga_Acute Diarrhoeal Disease,Karnataka,Gulbarga,Acute Diarrhoeal Disease,2010,52,19,0.02491382342,9.0,299.5,17.166667,77.083333
Karnataka_Gulbarga_Acute Diarrhoeal Disease,Karnataka,Gulbarga,Acute Diarrhoeal Disease,2011,16,34,0.05886559346,3.0,317.065,17.166667,77.083333
Karnataka_Gulbarga_Acute Diarrhoeal Disease,Karnataka,Gulbarga,Acute Diarrhoeal Disease,2012,18,21,0.1051220981,3.0,318.428,17.166667,77.083333
Karnataka_Gulbarga_Acute Diarrhoeal Disease,Karnataka,Gulbarga,Acute Diarrhoeal Disease,2012,31,29,0.3076447973,5.0,305.0,17.166667,77.083333
Karnataka_Gulbarga_Acute Diarrhoeal Disease,Karnataka,Gulbarga,Acute Diarrhoeal Disease,2013,13,27,8.04e-05,9.0,318.704,17.166667,77.083333
Karnataka_Gulbarga_Acute Diarrhoeal Disease,Karnataka,Gulbarga,Acute Diarrhoeal Disease,2013,20,77,0.004693394504650001,6.0,320.854,17.166667,77.083333
Karnataka_Gulbarga_Acute Diarrhoeal Disease,Karnataka,Gulbarga,Acute Diarrhoeal Disease,2013,23,23,0.008184313583,3.0,323.99333340000004,17.166667,77.083333
Karnataka_Gulbarga_Acute Diarrhoeal Disease,Karnataka,Gulbarga,Acute Diarrhoeal Disease,2013,24,40,0.3336126023,2.0,312.9533334,17.166667,77.083333
Karnataka_Gulbarga_Acute Diarrhoeal Disease,Karnataka,Gulbarga,Acute Diarrhoeal Disease,2013,26,15,0.5930806934,9.0,303.11,17.166667,77.083333
Karnataka_Gulbarga_Acute Diarrhoeal Disease,Karnataka,Gulbarga,Acute Diarrhoeal Disease,2013,30,10,1.387655941,1.0,303.11,17.166667,77.083333
Karnataka_Gulbarga_Acute Diarrhoeal Disease,Karnataka,Gulbarga,Acute Diarrhoeal Disease,2013,31,61,0.5509665323,7.0,303.11,17.166667,77.083333
Karnataka_Gulbarga_Acute Diarrhoeal Disease,Karnataka,Gulbarga,Acute Diarrhoeal Disease,2013,32,21,1.061795428,9.0,309.44,17.166667,77.083333
Karnataka_Gulbarga_Acute Diarrhoeal Disease,Karnataka,Gulbarga,Acute Diarrhoeal Disease,2013,35,27,0.5706703221,9.0,303.11,17.166667,77.083333
Karnataka_Hassan_Acute Diarrhoeal Disease,Karnataka,Hassan,Acute Diarrhoeal Disease,2009,34,54,0.4590881111,6.0,305.01,13.0070817,76.0992703
Karnataka_Hassan_Acute Diarrhoeal Disease,Karnataka,Hassan,Acute Diarrhoeal Disease,2009,36,24,0.4600685693,8.0,303.18,13.0070817,76.0992703
Karnataka_Hassan_Acute Diarrhoeal Disease,Karnataka,Hassan,Acute Diarrhoeal Disease,2009,40,40,0.714880118,11.0,298.57,13.0070817,76.0992703
Karnataka_Hassan_Acute Diarrhoeal Disease,Karnataka,Hassan,Acute Diarrhoeal Disease,2009,49,50,0.1148265916,11.0,302.25,13.0070817,76.0992703
Karnataka_Hassan_Acute Diarrhoeal Disease,Karnataka,Hassan,Acute Diarrhoeal Disease,2010,2,32,0.000663936145,9.0,302.108,13.0070817,76.0992703
Karnataka_Hassan_Acute Diarrhoeal Disease,Karnataka,Hassan,Acute Diarrhoeal Disease,2010,13,54,0.0001528460276,7.0,311.632,13.0070817,76.0992703
Karnataka_Hassan_Acute Diarrhoeal Disease,Karnataka,Hassan,Acute Diarrhoeal Disease,2010,14,85,0.01862863913,7.0,311.37,13.0070817,76.0992703
Karnataka_Hassan_Acute Diarrhoeal Disease,Karnataka,Hassan,Acute Diarrhoeal Disease,2010,18,66,0.3146846095,9.0,305.695,13.0070817,76.0992703
Karnataka_Hassan_Acute Diarrhoeal Disease,Karnataka,Hassan,Acute Diarrhoeal Disease,2010,19,104,0.3146846095,9.0,305.695,13.0070817,76.0992703
Karnataka_Hassan_Acute Diarrhoeal Disease,Karnataka,Hassan,Acute Diarrhoeal Disease,2010,20,11,0.08114409447,9.0,306.536,13.0070817,76.0992703
Karnataka_Hassan_Acute Diarrhoeal Disease,Karnataka,Hassan,Acute Diarrhoeal Disease,2010,23,83,0.5399800777,4.0,303.66,13.0070817,76.0992703
Karnataka_Hassan_Acute Diarrhoeal Disease,Karnataka,Hassan,Acute Diarrhoeal Disease,2010,28,15,0.2510458025,6.0,299.6,13.0070817,76.0992703
Karnataka_Hassan_Acute Diarrhoeal Disease,Karnataka,Hassan,Acute Diarrhoeal Disease,2010,52,45,0.02929003929,12.0,296.376,13.0070817,76.0992703
Karnataka_Hassan_Acute Diarrhoeal Disease,Karnataka,Hassan,Acute Diarrhoeal Disease,2011,6,14,8.02e-05,9.0,306.7033334,13.0070817,76.0992703
Karnataka_Hassan_Acute Diarrhoeal Disease,Karnataka,Hassan,Acute Diarrhoeal Disease,2011,13,40,0.0153692416,8.0,310.744,13.0070817,76.0992703
Karnataka_Hassan_Acute Diarrhoeal Disease,Karnataka,Hassan,Acute Diarrhoeal Disease,2011,17,97,0.2785071823,9.0,304.88,13.0070817,76.0992703
Karnataka_Hassan_Acute Diarrhoeal Disease,Karnataka,Hassan,Acute Diarrhoeal Disease,2011,23,83,0.1255512573,6.0,298.895,13.0070817,76.0992703
Karnataka_Hassan_Acute Diarrhoeal Disease,Karnataka,Hassan,Acute Diarrhoeal Disease,2011,24,30,0.1255512573,6.0,298.895,13.0070817,76.0992703
Karnataka_Hassan_Acute Diarrhoeal Disease,Karnataka,Hassan,Acute Diarrhoeal Disease,2011,25,296,0.28816538155,7.5,299.3825,13.0070817,76.0992703
Karnataka_Hassan_Acute Diarrhoeal Disease,Karnataka,Hassan,Acute Diarrhoeal Disease,2011,30,73,0.3536393273,8.0,303.11,13.0070817,76.0992703
Karnataka_Hassan_Acute Diarrhoeal Disease,Karnataka,Hassan,Acute Diarrhoeal Disease,2012,6,80,0.00011361924910000001,8.0,304.26800000000003,13.0070817,76.0992703
Karnataka_Hassan_Acute Diarrhoeal Disease,Karnataka,Hassan,Acute Diarrhoeal Disease,2012,13,198,0.0001134994854,9.0,313.088,13.0070817,76.0992703
Karnataka_Hassan_Acute Diarrhoeal Disease,Karnataka,Hassan,Acute Diarrhoeal Disease,2012,18,12,0.1266851935,9.0,302.1,13.0070817,76.0992703
Karnataka_Hassan_Acute Diarrhoeal Disease,Karnataka,Hassan,Acute Diarrhoeal Disease,2012,19,38,0.01304336992,9.0,305.12,13.0070817,76.0992703
Karnataka_Hassan_Acute Diarrhoeal Disease,Karnataka,Hassan,Acute Diarrhoeal Disease,2012,20,62,0.3333152969666667,9.0,307.5173333333334,13.0070817,76.0992703
Karnataka_Hassan_Acute Diarrhoeal Disease,Karnataka,Hassan,Acute Diarrhoeal Disease,2012,21,21,0.8505046685,9.0,302.46,13.0070817,76.0992703
Karnataka_Hassan_Acute Diarrhoeal Disease,Karnataka,Hassan,Acute Diarrhoeal Disease,2012,52,12,0.0001266356137,9.0,301.564,13.0070817,76.0992703
Karnataka_Hassan_Acute Diarrhoeal Disease,Karnataka,Hassan,Acute Diarrhoeal Disease,2013,16,51,0.00079910906,6.0,315.86400000000003,13.0070817,76.0992703
Karnataka_Hassan_Acute Diarrhoeal Disease,Karnataka,Hassan,Acute Diarrhoeal Disease,2013,22,126,0.5441373499,5.0,305.24666659999997,13.0070817,76.0992703
Karnataka_Hassan_Acute Diarrhoeal Disease,Karnataka,Hassan,Acute Diarrhoeal Disease,2013,34,20,0.6656446021,9.0,303.11,13.0070817,76.0992703
Karnataka_Hassan_Acute Diarrhoeal Disease,Karnataka,Hassan,Acute Diarrhoeal Disease,2014,20,39,0.01003681643,10.0,308.89,13.0070817,76.0992703
Karnataka_Hassan_Acute Diarrhoeal Disease,Karnataka,Hassan,Acute Diarrhoeal Disease,2014,22,32,0.05486157982,10.0,308.768,13.0070817,76.0992703
Karnataka_Hassan_Acute Diarrhoeal Disease,Karnataka,Hassan,Acute Diarrhoeal Disease,2015,30,87,0.4328176049,7.0,299.12,13.0070817,76.0992703
Karnataka_Hassan_Acute Diarrhoeal Disease,Karnataka,Hassan,Acute Diarrhoeal Disease,2015,47,47,0.4320581174,7.0,298.36,13.0070817,76.0992703
Karnataka_Hassan_Acute Diarrhoeal Disease,Karnataka,Hassan,Acute Diarrhoeal Disease,2016,18,29,0.002284920779,9.0,316.808,13.0070817,76.0992703
Karnataka_Hassan_Acute Diarrhoeal Disease,Karnataka,Hassan,Acute Diarrhoeal Disease,2017,27,20,0.1549374774,9.0,306.04,13.0070817,76.0992703
Karnataka_Hassan_Acute Diarrhoeal Disease,Karnataka,Hassan,Acute Diarrhoeal Disease,2017,31,26,0.1875091292,7.0,305.82,13.0070817,76.0992703
Karnataka_Hassan_Acute Diarrhoeal Disease,Karnataka,Hassan,Acute Diarrhoeal Disease,2019,4,28,8.92e-05,7.0,305.464,13.0070817,76.0992703
Karnataka_Hassan_Acute Diarrhoeal Disease,Karnataka,Hassan,Acute Diarrhoeal Disease,2019,23,60,0.402262724,12.0,305.03000000000003,13.0070817,76.0992703
Karnataka_Hassan_Acute Diarrhoeal Disease,Karnataka,Hassan,Acute Diarrhoeal Disease,2019,49,39,0.03567280058,13.0,301.056,13.0070817,76.0992703
Karnataka_Hassan_Acute Diarrhoeal Disease,Karnataka,Hassan,Acute Diarrhoeal Disease,2021,5,14,0.0006280313912,9.0,304.448,13.0070817,76.0992703
Karnataka_Hassan_Acute Diarrhoeal Disease,Karnataka,Hassan,Acute Diarrhoeal Disease,2022,17,40,0.09880602699,10.0,303.87,13.0070817,76.0992703
Karnataka_Hassan_Acute Diarrhoeal Disease,Karnataka,Hassan,Acute Diarrhoeal Disease,2022,18,40,0.004949535238,10.0,303.745,13.0070817,76.0992703
Karnataka_Hassan_Acute Diarrhoeal Disease,Karnataka,Hassan,Acute Diarrhoeal Disease,2022,19,20,0.1548253362,9.0,302.324,13.0070817,76.0992703
Karnataka_Haveri_Acute Diarrhoeal Disease,Karnataka,Haveri,Acute Diarrhoeal Disease,2009,34,82,0.4083501786,9.0,295.0666666,14.7874825,75.3996731
Karnataka_Haveri_Acute Diarrhoeal Disease,Karnataka,Haveri,Acute Diarrhoeal Disease,2009,41,46,1.99491862555,11.0,299.44,14.7874825,75.3996731
Karnataka_Haveri_Acute Diarrhoeal Disease,Karnataka,Haveri,Acute Diarrhoeal Disease,2011,19,12,0.09915531393,24.0,304.996,14.7874825,75.3996731
Karnataka_Haveri_Acute Diarrhoeal Disease,Karnataka,Haveri,Acute Diarrhoeal Disease,2011,24,13,0.9349355541,5.0,303.11,14.7874825,75.3996731
Karnataka_Haveri_Acute Diarrhoeal Disease,Karnataka,Haveri,Acute Diarrhoeal Disease,2011,29,10,2.526187658,9.0,294.52,14.7874825,75.3996731
Karnataka_Haveri_Acute Diarrhoeal Disease,Karnataka,Haveri,Acute Diarrhoeal Disease,2011,44,54,0.06889091659,25.0,298.515,14.7874825,75.3996731
Karnataka_Haveri_Acute Diarrhoeal Disease,Karnataka,Haveri,Acute Diarrhoeal Disease,2012,1,62,0.007740531519,13.0,300.60400000000004,14.7874825,75.3996731
Karnataka_Haveri_Acute Diarrhoeal Disease,Karnataka,Haveri,Acute Diarrhoeal Disease,2012,9,30,8.75e-05,18.0,303.2266666,14.7874825,75.3996731
Karnataka_Haveri_Acute Diarrhoeal Disease,Karnataka,Haveri,Acute Diarrhoeal Disease,2012,19,25,0.001840460915,17.0,301.6866666,14.7874825,75.3996731
Karnataka_Haveri_Acute Diarrhoeal Disease,Karnataka,Haveri,Acute Diarrhoeal Disease,2012,20,12,0.1934701247,25.0,305.52,14.7874825,75.3996731
Karnataka_Haveri_Acute Diarrhoeal Disease,Karnataka,Haveri,Acute Diarrhoeal Disease,2013,31,15,1.818451938,3.0,303.11,14.7874825,75.3996731
Karnataka_Haveri_Acute Diarrhoeal Disease,Karnataka,Haveri,Acute Diarrhoeal Disease,2013,35,24,0.1798263374,20.0,298.3466666,14.7874825,75.3996731
Karnataka_Haveri_Acute Diarrhoeal Disease,Karnataka,Haveri,Acute Diarrhoeal Disease,2013,44,14,0.8517434263,27.0,298.40000000000003,14.7874825,75.3996731
Karnataka_Haveri_Acute Diarrhoeal Disease,Karnataka,Haveri,Acute Diarrhoeal Disease,2013,48,50,0.009238923566,9.0,301.056,14.7874825,75.3996731
Karnataka_Haveri_Acute Diarrhoeal Disease,Karnataka,Haveri,Acute Diarrhoeal Disease,2014,12,63,0.0009976202588,9.0,309.74666659999997,14.7874825,75.3996731
Karnataka_Haveri_Acute Diarrhoeal Disease,Karnataka,Haveri,Acute Diarrhoeal Disease,2014,42,13,0.2847634625,9.0,298.705,14.7874825,75.3996731
Karnataka_Haveri_Acute Diarrhoeal Disease,Karnataka,Haveri,Acute Diarrhoeal Disease,2014,44,10,0.70165375,29.0,302.3,14.7874825,75.3996731
Karnataka_Haveri_Acute Diarrhoeal Disease,Karnataka,Haveri,Acute Diarrhoeal Disease,2014,49,15,4.98e-05,19.0,298.088,14.7874825,75.3996731
Karnataka_Haveri_Acute Diarrhoeal Disease,Karnataka,Haveri,Acute Diarrhoeal Disease,2015,4,10,4.16e-05,14.0,301.6266666,14.7874825,75.3996731
Karnataka_Haveri_Acute Diarrhoeal Disease,Karnataka,Haveri,Acute Diarrhoeal Disease,2015,29,57,0.4946589217,9.0,297.94,14.7874825,75.3996731
Karnataka_Haveri_Acute Diarrhoeal Disease,Karnataka,Haveri,Acute Diarrhoeal Disease,2015,36,27,0.194807854,24.0,296.925,14.7874825,75.3996731
Karnataka_Haveri_Acute Diarrhoeal Disease,Karnataka,Haveri,Acute Diarrhoeal Disease,2016,12,24,0.006549313166,9.0,308.2933334,14.7874825,75.3996731
Karnataka_Haveri_Acute Diarrhoeal Disease,Karnataka,Haveri,Acute Diarrhoeal Disease,2016,32,16,1.237900123,7.0,303.11,14.7874825,75.3996731
Karnataka_Haveri_Acute Diarrhoeal Disease,Karnataka,Haveri,Acute Diarrhoeal Disease,2016,35,21,0.5420854062,7.0,303.11,14.7874825,75.3996731
Karnataka_Haveri_Acute Diarrhoeal Disease,Karnataka,Haveri,Acute Diarrhoeal Disease,2016,40,65,0.1668701217,26.0,298.96,14.7874825,75.3996731
Karnataka_Haveri_Acute Diarrhoeal Disease,Karnataka,Haveri,Acute Diarrhoeal Disease,2017,16,14,0.03111928673,9.0,308.49666659999997,14.7874825,75.3996731
Karnataka_Haveri_Acute Diarrhoeal Disease,Karnataka,Haveri,Acute Diarrhoeal Disease,2017,19,28,0.1321517983,9.0,309.24333340000004,14.7874825,75.3996731
Karnataka_Haveri_Acute Diarrhoeal Disease,Karnataka,Haveri,Acute Diarrhoeal Disease,2018,1,25,0.004688353514,13.0,300.98,14.7874825,75.3996731
Karnataka_Haveri_Acute Diarrhoeal Disease,Karnataka,Haveri,Acute Diarrhoeal Disease,2018,6,26,3.28e-05,13.0,304.404,14.7874825,75.3996731
Karnataka_Haveri_Acute Diarrhoeal Disease,Karnataka,Haveri,Acute Diarrhoeal Disease,2018,22,17,0.2815893183,10.0,300.705,14.7874825,75.3996731
Karnataka_Haveri_Acute Diarrhoeal Disease,Karnataka,Haveri,Acute Diarrhoeal Disease,2018,38,18,0.007379255122,26.0,300.68,14.7874825,75.3996731
Karnataka_Haveri_Acute Diarrhoeal Disease,Karnataka,Haveri,Acute Diarrhoeal Disease,2019,1,13,0.0002796250378,12.0,300.84000000000003,14.7874825,75.3996731
Karnataka_Haveri_Acute Diarrhoeal Disease,Karnataka,Haveri,Acute Diarrhoeal Disease,2019,35,54,1.070520527,8.0,303.11,14.7874825,75.3996731
Karnataka_Haveri_Acute Diarrhoeal Disease,Karnataka,Haveri,Acute Diarrhoeal Disease,2022,11,61,0.0011761856440000002,20.0,307.04200000000003,14.7874825,75.3996731
Karnataka_Kalaburagi_Acute Diarrhoeal Disease,Karnataka,Kalaburagi,Acute Diarrhoeal Disease,2016,43,17,6.02e-05,13.0,307.152,17.166667,77.083333
Karnataka_Kalaburagi_Acute Diarrhoeal Disease,Karnataka,Kalaburagi,Acute Diarrhoeal Disease,2017,25,28,0.4446333521,2.0,308.68,17.166667,77.083333
Karnataka_Kalaburagi_Acute Diarrhoeal Disease,Karnataka,Kalaburagi,Acute Diarrhoeal Disease,2017,41,39,0.7891163487,9.0,302.26,17.166667,77.083333
Karnataka_Kalaburagi_Acute Diarrhoeal Disease,Karnataka,Kalaburagi,Acute Diarrhoeal Disease,2017,42,19,0.05522997476,19.0,304.288,17.166667,77.083333
Karnataka_Kalaburagi_Acute Diarrhoeal Disease,Karnataka,Kalaburagi,Acute Diarrhoeal Disease,2017,43,25,0.1293920198,19.0,305.25,17.166667,77.083333
Karnataka_Kalaburagi_Acute Diarrhoeal Disease,Karnataka,Kalaburagi,Acute Diarrhoeal Disease,2018,20,39,0.07397282498,9.0,317.03000000000003,17.166667,77.083333
Karnataka_Kalaburagi_Acute Diarrhoeal Disease,Karnataka,Kalaburagi,Acute Diarrhoeal Disease,2018,24,50,0.9179569282,3.0,314.90000000000003,17.166667,77.083333
Karnataka_Kalaburagi_Acute Diarrhoeal Disease,Karnataka,Kalaburagi,Acute Diarrhoeal Disease,2019,23,21,0.09125306694,3.0,316.31333340000003,17.166667,77.083333
Karnataka_Kalaburagi_Acute Diarrhoeal Disease,Karnataka,Kalaburagi,Acute Diarrhoeal Disease,2019,24,40,0.1294813883,2.0,315.0466666,17.166667,77.083333
Karnataka_Kalaburagi_Acute Diarrhoeal Disease,Karnataka,Kalaburagi,Acute Diarrhoeal Disease,2019,47,21,0.0135518652,17.0,304.0,17.166667,77.083333
Karnataka_Kalaburagi_Acute Diarrhoeal Disease,Karnataka,Kalaburagi,Acute Diarrhoeal Disease,2019,48,12,0.0009620254463,15.0,304.6033334,17.166667,77.083333
Karnataka_Kalaburagi_Acute Diarrhoeal Disease,Karnataka,Kalaburagi,Acute Diarrhoeal Disease,2020,8,35,0.00297749847,9.0,312.9066666,17.166667,77.083333
Karnataka_Kalaburagi_Acute Diarrhoeal Disease,Karnataka,Kalaburagi,Acute Diarrhoeal Disease,2021,41,15,0.479176252,15.0,302.46,17.166667,77.083333
Karnataka_Kalaburagi_Acute Diarrhoeal Disease,Karnataka,Kalaburagi,Acute Diarrhoeal Disease,2021,50,14,0.006512980139,9.0,303.34000000000003,17.166667,77.083333
Karnataka_Kalaburagi_Acute Diarrhoeal Disease,Karnataka,Kalaburagi,Acute Diarrhoeal Disease,2022,22,16,0.009536169368,9.0,315.56,17.166667,77.083333
Karnataka_Kolar_Acute Diarrhoeal Disease,Karnataka,Kolar,Acute Diarrhoeal Disease,2010,24,28,0.4200000067,10.0,304.34000000000003,13.1367201,78.1337246
Karnataka_Kolar_Acute Diarrhoeal Disease,Karnataka,Kolar,Acute Diarrhoeal Disease,2010,47,50,0.2063165732,9.0,303.39,13.1367201,78.1337246
Karnataka_Kolar_Acute Diarrhoeal Disease,Karnataka,Kolar,Acute Diarrhoeal Disease,2010,49,13,0.5835292488,8.0,297.55333340000004,13.1367201,78.1337246
Karnataka_Kolar_Acute Diarrhoeal Disease,Karnataka,Kolar,Acute Diarrhoeal Disease,2011,11,21,0.005400195014,9.0,309.376,13.1367201,78.1337246
Karnataka_Kolar_Acute Diarrhoeal Disease,Karnataka,Kolar,Acute Diarrhoeal Disease,2011,18,12,0.04706139085,10.0,305.9633334,13.1367201,78.1337246
Karnataka_Kolar_Acute Diarrhoeal Disease,Karnataka,Kolar,Acute Diarrhoeal Disease,2013,17,23,0.006552201117,9.0,310.9533334,13.1367201,78.1337246
Karnataka_Kolar_Acute Diarrhoeal Disease,Karnataka,Kolar,Acute Diarrhoeal Disease,2013,21,14,0.5523884308,7.0,309.4133334,13.1367201,78.1337246
Karnataka_Kolar_Acute Diarrhoeal Disease,Karnataka,Kolar,Acute Diarrhoeal Disease,2013,38,14,0.9116152832,9.0,303.11,13.1367201,78.1337246
Karnataka_Kolar_Acute Diarrhoeal Disease,Karnataka,Kolar,Acute Diarrhoeal Disease,2013,39,13,0.05737488507,13.0,302.644,13.1367201,78.1337246
Karnataka_Kolar_Acute Diarrhoeal Disease,Karnataka,Kolar,Acute Diarrhoeal Disease,2016,23,5,0.7027168798,7.0,306.68,13.1367201,78.1337246
Karnataka_Kolar_Acute Diarrhoeal Disease,Karnataka,Kolar,Acute Diarrhoeal Disease,2021,8,43,0.1233345256,8.0,303.528,13.1367201,78.1337246
Karnataka_Kolar_Acute Diarrhoeal Disease,Karnataka,Kolar,Acute Diarrhoeal Disease,2022,24,13,0.1031526961,13.0,305.2066666,13.1367201,78.1337246
Karnataka_Koppal_Acute Diarrhoeal Disease,Karnataka,Koppal,Acute Diarrhoeal Disease,2009,28,35,0.1677695141,4.0,303.11,15.3484144,76.1547421
Karnataka_Koppal_Acute Diarrhoeal Disease,Karnataka,Koppal,Acute Diarrhoeal Disease,2009,30,42,0.1677695141,4.0,303.11,15.3484144,76.1547421
Karnataka_Koppal_Acute Diarrhoeal Disease,Karnataka,Koppal,Acute Diarrhoeal Disease,2009,33,26,0.05754802396,4.0,306.6266666,15.3484144,76.1547421
Karnataka_Koppal_Acute Diarrhoeal Disease,Karnataka,Koppal,Acute Diarrhoeal Disease,2009,34,26,0.05754802396,4.0,306.6266666,15.3484144,76.1547421
Karnataka_Koppal_Acute Diarrhoeal Disease,Karnataka,Koppal,Acute Diarrhoeal Disease,2009,43,36,0.2901426965,8.0,297.16,15.3484144,76.1547421
Karnataka_Koppal_Acute Diarrhoeal Disease,Karnataka,Koppal,Acute Diarrhoeal Disease,2010,19,23,0.000883984936,7.0,314.3166666,15.3484144,76.1547421
Karnataka_Koppal_Acute Diarrhoeal Disease,Karnataka,Koppal,Acute Diarrhoeal Disease,2010,31,11,0.6510764482,3.0,303.11,15.3484144,76.1547421
Karnataka_Koppal_Acute Diarrhoeal Disease,Karnataka,Koppal,Acute Diarrhoeal Disease,2010,39,10,0.106953595,6.0,301.43,15.3484144,76.1547421
Karnataka_Koppal_Acute Diarrhoeal Disease,Karnataka,Koppal,Acute Diarrhoeal Disease,2011,5,40,2.84e-05,5.0,307.22,15.3484144,76.1547421
Karnataka_Koppal_Acute Diarrhoeal Disease,Karnataka,Koppal,Acute Diarrhoeal Disease,2011,6,72,2.84e-05,5.0,307.22,15.3484144,76.1547421
Karnataka_Koppal_Acute Diarrhoeal Disease,Karnataka,Koppal,Acute Diarrhoeal Disease,2011,27,28,0.256857266,4.0,302.38,15.3484144,76.1547421
Karnataka_Koppal_Acute Diarrhoeal Disease,Karnataka,Koppal,Acute Diarrhoeal Disease,2011,28,33,0.256857266,4.0,302.38,15.3484144,76.1547421
Karnataka_Koppal_Acute Diarrhoeal Disease,Karnataka,Koppal,Acute Diarrhoeal Disease,2012,18,104,0.06150317098,4.0,312.99,15.3484144,76.1547421
Karnataka_Koppal_Acute Diarrhoeal Disease,Karnataka,Koppal,Acute Diarrhoeal Disease,2013,26,32,0.1384388139,3.0,305.885,15.3484144,76.1547421
Karnataka_Koppal_Acute Diarrhoeal Disease,Karnataka,Koppal,Acute Diarrhoeal Disease,2013,32,27,0.1563539224,9.0,305.56,15.3484144,76.1547421
Karnataka_Koppal_Acute Diarrhoeal Disease,Karnataka,Koppal,Acute Diarrhoeal Disease,2013,33,36,0.225762209,3.0,305.56,15.3484144,76.1547421
Karnataka_Koppal_Acute Diarrhoeal Disease,Karnataka,Koppal,Acute Diarrhoeal Disease,2013,38,19,0.5733719863,12.0,304.5133334,15.3484144,76.1547421
Karnataka_Koppal_Acute Diarrhoeal Disease,Karnataka,Koppal,Acute Diarrhoeal Disease,2014,37,18,0.2291705405,9.0,304.36,15.3484144,76.1547421
Karnataka_Koppal_Acute Diarrhoeal Disease,Karnataka,Koppal,Acute Diarrhoeal Disease,2015,28,24,0.05781604817,4.0,307.315,15.3484144,76.1547421
Karnataka_Koppal_Acute Diarrhoeal Disease,Karnataka,Koppal,Acute Diarrhoeal Disease,2016,24,17,0.3429190619,4.0,311.36,15.3484144,76.1547421
Karnataka_Koppal_Acute Diarrhoeal Disease,Karnataka,Koppal,Acute Diarrhoeal Disease,2016,25,13,0.1820909984,3.0,310.94,15.3484144,76.1547421
Karnataka_Koppal_Acute Diarrhoeal Disease,Karnataka,Koppal,Acute Diarrhoeal Disease,2016,27,56,0.1997034943,3.0,303.11,15.3484144,76.1547421
Karnataka_Koppal_Acute Diarrhoeal Disease,Karnataka,Koppal,Acute Diarrhoeal Disease,2019,20,49,0.004287511142,3.0,316.74,15.3484144,76.1547421
Karnataka_Mandya_Acute Diarrhoeal Disease,Karnataka,Mandya,Acute Diarrhoeal Disease,2010,19,24,0.1862156877,11.0,305.05333340000004,12.5238888,76.8961961
Karnataka_Mandya_Acute Diarrhoeal Disease,Karnataka,Mandya,Acute Diarrhoeal Disease,2010,47,35,0.6768394778,14.0,297.99333340000004,12.5238888,76.8961961
Karnataka_Mandya_Acute Diarrhoeal Disease,Karnataka,Mandya,Acute Diarrhoeal Disease,2011,34,20,0.9384154181,2.0,303.11,12.5238888,76.8961961
Karnataka_Mandya_Acute Diarrhoeal Disease,Karnataka,Mandya,Acute Diarrhoeal Disease,2011,36,16,0.4598080057,9.0,303.11,12.5238888,76.8961961
Karnataka_Mandya_Acute Diarrhoeal Disease,Karnataka,Mandya,Acute Diarrhoeal Disease,2012,15,17,0.01155938421,8.0,309.416,12.5238888,76.8961961
Karnataka_Mandya_Acute Diarrhoeal Disease,Karnataka,Mandya,Acute Diarrhoeal Disease,2012,18,43,0.329845731505,8.5,307.9883333,12.5238888,76.8961961
Karnataka_Mandya_Acute Diarrhoeal Disease,Karnataka,Mandya,Acute Diarrhoeal Disease,2012,26,12,0.1937099528,8.0,304.96,12.5238888,76.8961961
Karnataka_Mandya_Acute Diarrhoeal Disease,Karnataka,Mandya,Acute Diarrhoeal Disease,2012,46,12,0.05954296318,9.0,300.416,12.5238888,76.8961961
Karnataka_Mandya_Acute Diarrhoeal Disease,Karnataka,Mandya,Acute Diarrhoeal Disease,2013,18,52,0.2012237413,9.0,309.975,12.5238888,76.8961961
Karnataka_Mandya_Acute Diarrhoeal Disease,Karnataka,Mandya,Acute Diarrhoeal Disease,2013,26,118,0.53323923225,7.0,303.19,12.5238888,76.8961961
Karnataka_Mandya_Acute Diarrhoeal Disease,Karnataka,Mandya,Acute Diarrhoeal Disease,2013,31,15,0.2619368899,9.0,297.86,12.5238888,76.8961961
Karnataka_Mandya_Acute Diarrhoeal Disease,Karnataka,Mandya,Acute Diarrhoeal Disease,2013,45,39,0.1767140603,15.0,300.396,12.5238888,76.8961961
Karnataka_Mandya_Acute Diarrhoeal Disease,Karnataka,Mandya,Acute Diarrhoeal Disease,2014,15,28,0.0001786908948,9.0,311.9466666,12.5238888,76.8961961
Karnataka_Mandya_Acute Diarrhoeal Disease,Karnataka,Mandya,Acute Diarrhoeal Disease,2016,4,19,0.02558807215,8.0,302.66,12.5238888,76.8961961
Karnataka_Mandya_Acute Diarrhoeal Disease,Karnataka,Mandya,Acute Diarrhoeal Disease,2017,41,11,0.2048545801,9.0,296.536,12.5238888,76.8961961
Karnataka_Mandya_Acute Diarrhoeal Disease,Karnataka,Mandya,Acute Diarrhoeal Disease,2021,5,26,0.0001563311037,8.0,303.812,12.5238888,76.8961961
Karnataka_Mandya_Acute Diarrhoeal Disease,Karnataka,Mandya,Acute Diarrhoeal Disease,2022,24,14,0.0585492164,9.0,303.26,12.5238888,76.8961961
Karnataka_Mysore_Cholera,Karnataka,Mysore,Cholera,2010,19,5,0.3193126372,9.0,308.40500000000003,12.3051828,76.6553609
Karnataka_Mysore_Cholera,Karnataka,Mysore,Cholera,2010,23,17,0.5189039267,11.0,303.3766666,12.3051828,76.6553609
Karnataka_Mysore_Cholera,Karnataka,Mysore,Cholera,2011,16,21,0.250811064,9.0,308.204,12.3051828,76.6553609
Karnataka_Mysore_Cholera,Karnataka,Mysore,Cholera,2011,22,33,0.5259297403,9.0,302.81,12.3051828,76.6553609
Karnataka_Mysore_Cholera,Karnataka,Mysore,Cholera,2011,23,17,0.9013574214,9.0,299.64,12.3051828,76.6553609
Karnataka_Mysore_Cholera,Karnataka,Mysore,Cholera,2012,11,12,0.0001503895409,9.0,308.184,12.3051828,76.6553609
Karnataka_Mysore_Cholera,Karnataka,Mysore,Cholera,2012,14,181,0.006427930948,7.0,312.02,12.3051828,76.6553609
Karnataka_Mysore_Cholera,Karnataka,Mysore,Cholera,2012,19,80,0.07198429007,8.5,306.0126667,12.3051828,76.6553609
Karnataka_Mysore_Cholera,Karnataka,Mysore,Cholera,2013,16,129,0.0279683846,6.0,313.4266666,12.3051828,76.6553609
Karnataka_Mysore_Cholera,Karnataka,Mysore,Cholera,2014,20,32,0.04793818271,10.0,307.315,12.3051828,76.6553609
Karnataka_Mysore_Cholera,Karnataka,Mysore,Cholera,2016,5,33,5.89e-05,10.0,306.79200000000003,12.3051828,76.6553609
Karnataka_Raichur_Acute Diarrhoeal Disease,Karnataka,Raichur,Acute Diarrhoeal Disease,2010,7,46,5.4e-05,9.0,307.896,16.083333,77.166667
Karnataka_Raichur_Acute Diarrhoeal Disease,Karnataka,Raichur,Acute Diarrhoeal Disease,2011,16,24,0.08251434248,6.0,316.796,16.083333,77.166667
Karnataka_Raichur_Acute Diarrhoeal Disease,Karnataka,Raichur,Acute Diarrhoeal Disease,2011,28,18,0.4313192293,3.0,303.11,16.083333,77.166667
Karnataka_Raichur_Acute Diarrhoeal Disease,Karnataka,Raichur,Acute Diarrhoeal Disease,2011,29,17,0.5177588944,3.0,310.92,16.083333,77.166667
Karnataka_Raichur_Acute Diarrhoeal Disease,Karnataka,Raichur,Acute Diarrhoeal Disease,2013,11,54,3.05e-05,6.0,314.736,16.083333,77.166667
Karnataka_Raichur_Acute Diarrhoeal Disease,Karnataka,Raichur,Acute Diarrhoeal Disease,2013,17,95,3.08e-05,4.0,320.72,16.083333,77.166667
Karnataka_Raichur_Acute Diarrhoeal Disease,Karnataka,Raichur,Acute Diarrhoeal Disease,2014,44,22,0.004321315359,17.0,304.548,16.083333,77.166667
Karnataka_Raichur_Acute Diarrhoeal Disease,Karnataka,Raichur,Acute Diarrhoeal Disease,2015,27,59,0.04270598511,3.0,309.4866666,16.083333,77.166667
Karnataka_Raichur_Acute Diarrhoeal Disease,Karnataka,Raichur,Acute Diarrhoeal Disease,2015,29,26,0.01073798196,3.0,309.21,16.083333,77.166667
Karnataka_Raichur_Acute Diarrhoeal Disease,Karnataka,Raichur,Acute Diarrhoeal Disease,2016,26,19,0.6693297443,9.0,296.22,16.083333,77.166667
Karnataka_Raichur_Acute Diarrhoeal Disease,Karnataka,Raichur,Acute Diarrhoeal Disease,2019,45,15,0.1166670188,9.0,305.168,16.083333,77.166667
Karnataka_Raichur_Acute Diarrhoeal Disease,Karnataka,Raichur,Acute Diarrhoeal Disease,2020,15,42,0.05949866626,6.0,316.736,16.083333,77.166667
Karnataka_Raichur_Acute Diarrhoeal Disease,Karnataka,Raichur,Acute Diarrhoeal Disease,2021,3,13,2.27e-05,8.0,304.4033334,16.083333,77.166667
Karnataka_Raichur_Acute Diarrhoeal Disease,Karnataka,Raichur,Acute Diarrhoeal Disease,2021,5,18,7.82e-05,7.0,306.61333340000004,16.083333,77.166667
Karnataka_Raichur_Acute Diarrhoeal Disease,Karnataka,Raichur,Acute Diarrhoeal Disease,2021,12,11,8.27e-06,9.0,307.192,16.083333,77.166667
Karnataka_Raichur_Acute Diarrhoeal Disease,Karnataka,Raichur,Acute Diarrhoeal Disease,2022,22,321,0.0016348589,4.0,310.876,16.083333,77.166667
Karnataka_Ramanagara_Acute Diarrhoeal Disease,Karnataka,Ramanagara,Acute Diarrhoeal Disease,2011,26,16,0.2616385256,6.0,304.94,12.7252766,77.2804797
Karnataka_Ramanagara_Acute Diarrhoeal Disease,Karnataka,Ramanagara,Acute Diarrhoeal Disease,2011,27,16,0.2616385256,6.0,304.94,12.7252766,77.2804797
Karnataka_Ramanagara_Acute Diarrhoeal Disease,Karnataka,Ramanagara,Acute Diarrhoeal Disease,2011,36,19,1.051534091,4.0,303.11,12.7252766,77.2804797
Karnataka_Ramanagara_Acute Diarrhoeal Disease,Karnataka,Ramanagara,Acute Diarrhoeal Disease,2012,20,41,0.4853331735,9.0,304.33,12.7252766,77.2804797
Karnataka_Ramanagara_Acute Diarrhoeal Disease,Karnataka,Ramanagara,Acute Diarrhoeal Disease,2015,21,8,0.542609589,10.0,302.7133334,12.7252766,77.2804797
Karnataka_Ramanagara_Acute Diarrhoeal Disease,Karnataka,Ramanagara,Acute Diarrhoeal Disease,2016,34,41,0.1002180013,6.0,299.8333334,12.7252766,77.2804797
Karnataka_Ramanagara_Acute Diarrhoeal Disease,Karnataka,Ramanagara,Acute Diarrhoeal Disease,2017,10,23,0.04138586992,6.0,307.856,12.7252766,77.2804797
Karnataka_Ramanagara_Acute Diarrhoeal Disease,Karnataka,Ramanagara,Acute Diarrhoeal Disease,2018,3,33,0.0003598093465,9.0,304.788,12.7252766,77.2804797
Karnataka_Ramanagara_Acute Diarrhoeal Disease,Karnataka,Ramanagara,Acute Diarrhoeal Disease,2019,35,87,0.2647096714,8.0,303.11,12.7252766,77.2804797
Karnataka_Ramanagara_Acute Diarrhoeal Disease,Karnataka,Ramanagara,Acute Diarrhoeal Disease,2020,14,62,0.0001834974605,7.0,311.1433334,12.7252766,77.2804797
Karnataka_Tumkur_Acute Diarrhoeal Disease,Karnataka,Tumkur,Acute Diarrhoeal Disease,2009,26,20,0.2868031124,9.0,305.7066666,13.3400771,77.1006208
Karnataka_Tumkur_Acute Diarrhoeal Disease,Karnataka,Tumkur,Acute Diarrhoeal Disease,2009,40,25,0.3599459233,9.0,301.3533334,13.3400771,77.1006208
Karnataka_Tumkur_Acute Diarrhoeal Disease,Karnataka,Tumkur,Acute Diarrhoeal Disease,2010,6,26,0.1174521109,6.0,302.69599999999997,13.3400771,77.1006208
Karnataka_Tumkur_Acute Diarrhoeal Disease,Karnataka,Tumkur,Acute Diarrhoeal Disease,2010,28,50,0.3787557191,9.0,301.37,13.3400771,77.1006208
Karnataka_Tumkur_Acute Diarrhoeal Disease,Karnataka,Tumkur,Acute Diarrhoeal Disease,2010,31,97,0.1891186323,5.0,301.37,13.3400771,77.1006208
Karnataka_Tumkur_Acute Diarrhoeal Disease,Karnataka,Tumkur,Acute Diarrhoeal Disease,2010,42,50,0.5690810838,9.0,301.41,13.3400771,77.1006208
Karnataka_Tumkur_Acute Diarrhoeal Disease,Karnataka,Tumkur,Acute Diarrhoeal Disease,2010,49,14,0.2840473305,10.0,299.885,13.3400771,77.1006208
Karnataka_Tumkur_Acute Diarrhoeal Disease,Karnataka,Tumkur,Acute Diarrhoeal Disease,2011,19,20,0.0328835695,8.0,309.59000000000003,13.3400771,77.1006208
Karnataka_Tumkur_Acute Diarrhoeal Disease,Karnataka,Tumkur,Acute Diarrhoeal Disease,2011,49,337,0.2684606019,8.0,301.12,13.3400771,77.1006208
Karnataka_Tumkur_Acute Diarrhoeal Disease,Karnataka,Tumkur,Acute Diarrhoeal Disease,2012,18,16,0.8093954074,6.0,308.88,13.3400771,77.1006208
Karnataka_Tumkur_Acute Diarrhoeal Disease,Karnataka,Tumkur,Acute Diarrhoeal Disease,2012,19,12,0.000506278275,9.0,309.40000000000003,13.3400771,77.1006208
Karnataka_Tumkur_Acute Diarrhoeal Disease,Karnataka,Tumkur,Acute Diarrhoeal Disease,2012,22,23,0.008942441786,8.0,307.69800000000004,13.3400771,77.1006208
Karnataka_Tumkur_Acute Diarrhoeal Disease,Karnataka,Tumkur,Acute Diarrhoeal Disease,2013,23,25,0.4488662932,3.0,303.11,13.3400771,77.1006208
Karnataka_Tumkur_Acute Diarrhoeal Disease,Karnataka,Tumkur,Acute Diarrhoeal Disease,2013,26,45,0.6061077223,4.0,305.75,13.3400771,77.1006208
Karnataka_Tumkur_Acute Diarrhoeal Disease,Karnataka,Tumkur,Acute Diarrhoeal Disease,2013,47,11,0.001289629646,10.0,304.372,13.3400771,77.1006208
Karnataka_Tumkur_Acute Diarrhoeal Disease,Karnataka,Tumkur,Acute Diarrhoeal Disease,2014,19,26,0.06233829394,7.0,312.088,13.3400771,77.1006208
Karnataka_Tumkur_Acute Diarrhoeal Disease,Karnataka,Tumkur,Acute Diarrhoeal Disease,2014,25,31,0.182194408,7.0,303.75333340000003,13.3400771,77.1006208
Karnataka_Tumkur_Acute Diarrhoeal Disease,Karnataka,Tumkur,Acute Diarrhoeal Disease,2017,17,13,0.0002019596305,6.0,313.63599999999997,13.3400771,77.1006208
Karnataka_Tumkur_Acute Diarrhoeal Disease,Karnataka,Tumkur,Acute Diarrhoeal Disease,2018,14,13,0.4398618066,9.0,308.205,13.3400771,77.1006208
Karnataka_Tumkur_Acute Diarrhoeal Disease,Karnataka,Tumkur,Acute Diarrhoeal Disease,2018,16,92,0.003319928221,8.0,310.088,13.3400771,77.1006208
Karnataka_Tumkur_Acute Diarrhoeal Disease,Karnataka,Tumkur,Acute Diarrhoeal Disease,2022,19,13,0.44945788,9.0,303.58,13.3400771,77.1006208
Kerala_Ernakulam_Acute Diarrhoeal Disease,Kerala,Ernakulam,Acute Diarrhoeal Disease,2014,23,15,0.2809742984,9.0,303.188,9.98408,76.2741457
Kerala_Ernakulam_Acute Diarrhoeal Disease,Kerala,Ernakulam,Acute Diarrhoeal Disease,2015,2,15,0.01676550549,35.0,302.86,9.98408,76.2741457
Kerala_Ernakulam_Acute Diarrhoeal Disease,Kerala,Ernakulam,Acute Diarrhoeal Disease,2015,24,156,0.6876976766,9.0,303.5666666,9.98408,76.2741457
Kerala_Ernakulam_Acute Diarrhoeal Disease,Kerala,Ernakulam,Acute Diarrhoeal Disease,2015,25,156,1.07748408,29.0,299.0866666,9.98408,76.2741457
Kerala_Ernakulam_Acute Diarrhoeal Disease,Kerala,Ernakulam,Acute Diarrhoeal Disease,2015,45,260,1.486673325,21.0,304.1666666,9.98408,76.2741457
Kerala_Ernakulam_Acute Diarrhoeal Disease,Kerala,Ernakulam,Acute Diarrhoeal Disease,2015,51,86,0.7278130862,9.0,298.44,9.98408,76.2741457
Kerala_Ernakulam_Acute Diarrhoeal Disease,Kerala,Ernakulam,Acute Diarrhoeal Disease,2016,42,17,0.169403714,24.0,301.752,9.98408,76.2741457
Kerala_Ernakulam_Acute Diarrhoeal Disease,Kerala,Ernakulam,Acute Diarrhoeal Disease,2016,50,17,0.3212249717,34.0,302.2,9.98408,76.2741457
Kerala_Ernakulam_Acute Diarrhoeal Disease,Kerala,Ernakulam,Acute Diarrhoeal Disease,2017,13,35,0.08204447611,31.0,305.69,9.98408,76.2741457
Kerala_Ernakulam_Acute Diarrhoeal Disease,Kerala,Ernakulam,Acute Diarrhoeal Disease,2018,23,37,1.084642045,30.0,302.29,9.98408,76.2741457
Kerala_Ernakulam_Acute Diarrhoeal Disease,Kerala,Ernakulam,Acute Diarrhoeal Disease,2021,1,92,0.1837852273,34.0,302.30400000000003,9.98408,76.2741457
Kerala_Ernakulam_Acute Diarrhoeal Disease,Kerala,Ernakulam,Acute Diarrhoeal Disease,2021,3,14,0.04125608103,33.0,303.028,9.98408,76.2741457
Kerala_Ernakulam_Acute Diarrhoeal Disease,Kerala,Ernakulam,Acute Diarrhoeal Disease,2021,4,23,0.2918351825,9.0,301.948,9.98408,76.2741457
Kerala_Ernakulam_Acute Diarrhoeal Disease,Kerala,Ernakulam,Acute Diarrhoeal Disease,2021,8,26,0.077130138,37.0,303.536,9.98408,76.2741457
Kerala_Ernakulam_Acute Diarrhoeal Disease,Kerala,Ernakulam,Acute Diarrhoeal Disease,2021,13,56,0.06437195201,30.0,305.8633333,9.98408,76.2741457
Kerala_Ernakulam_Acute Diarrhoeal Disease,Kerala,Ernakulam,Acute Diarrhoeal Disease,2021,14,50,0.3541519613,27.0,303.65000000000003,9.98408,76.2741457
Kerala_Ernakulam_Acute Diarrhoeal Disease,Kerala,Ernakulam,Acute Diarrhoeal Disease,2021,48,61,1.379797856,32.0,301.78000000000003,9.98408,76.2741457
Kerala_Ernakulam_Acute Diarrhoeal Disease,Kerala,Ernakulam,Acute Diarrhoeal Disease,2021,49,15,0.2237515044,33.0,302.7733334,9.98408,76.2741457
Kerala_Ernakulam_Acute Diarrhoeal Disease,Kerala,Ernakulam,Acute Diarrhoeal Disease,2021,50,24,0.1160072524,34.0,303.1666666,9.98408,76.2741457
Kerala_Ernakulam_Acute Diarrhoeal Disease,Kerala,Ernakulam,Acute Diarrhoeal Disease,2022,9,42,0.05127556617,40.0,302.8933334,9.98408,76.2741457
Kerala_Ernakulam_Acute Diarrhoeal Disease,Kerala,Ernakulam,Acute Diarrhoeal Disease,2022,11,16,0.04311431044,38.0,303.712,9.98408,76.2741457
Kerala_Ernakulam_Acute Diarrhoeal Disease,Kerala,Ernakulam,Acute Diarrhoeal Disease,2022,13,21,0.2802161895,9.0,302.56,9.98408,76.2741457
Kerala_Ernakulam_Acute Diarrhoeal Disease,Kerala,Ernakulam,Acute Diarrhoeal Disease,2022,19,65,0.5794966868,9.0,300.80666659999997,9.98408,76.2741457
Kerala_Wayanad_Acute Diarrhoeal Disease,Kerala,Wayanad,Acute Diarrhoeal Disease,2010,38,13,0.2522648532,9.0,297.64,11.715219,76.12690295
Kerala_Wayanad_Acute Diarrhoeal Disease,Kerala,Wayanad,Acute Diarrhoeal Disease,2011,39,18,0.1529031283,28.0,299.585,11.715219,76.12690295
Kerala_Wayanad_Acute Diarrhoeal Disease,Kerala,Wayanad,Acute Diarrhoeal Disease,2011,45,12,0.2615466939,9.0,302.075,11.715219,76.12690295
Kerala_Wayanad_Acute Diarrhoeal Disease,Kerala,Wayanad,Acute Diarrhoeal Disease,2011,46,10,0.0165509464,9.0,297.80666659999997,11.715219,76.12690295
Kerala_Wayanad_Acute Diarrhoeal Disease,Kerala,Wayanad,Acute Diarrhoeal Disease,2012,6,10,0.007765483685,38.0,303.3566666,11.715219,76.12690295
Kerala_Wayanad_Acute Diarrhoeal Disease,Kerala,Wayanad,Acute Diarrhoeal Disease,2012,16,13,0.1275102065,19.0,308.44,11.715219,76.12690295
Kerala_Wayanad_Acute Diarrhoeal Disease,Kerala,Wayanad,Acute Diarrhoeal Disease,2012,18,16,0.51766697235,9.0,304.83400000000006,11.715219,76.12690295
Kerala_Wayanad_Acute Diarrhoeal Disease,Kerala,Wayanad,Acute Diarrhoeal Disease,2012,19,10,1.575551377,9.0,304.24,11.715219,76.12690295
Kerala_Wayanad_Acute Diarrhoeal Disease,Kerala,Wayanad,Acute Diarrhoeal Disease,2013,7,21,0.2146761336,13.0,304.92400000000004,11.715219,76.12690295
Kerala_Wayanad_Acute Diarrhoeal Disease,Kerala,Wayanad,Acute Diarrhoeal Disease,2013,19,13,0.7511014026,13.0,305.192,11.715219,76.12690295
Kerala_Wayanad_Acute Diarrhoeal Disease,Kerala,Wayanad,Acute Diarrhoeal Disease,2013,26,118,1.35392677,9.0,297.7,11.715219,76.12690295
Kerala_Wayanad_Acute Diarrhoeal Disease,Kerala,Wayanad,Acute Diarrhoeal Disease,2014,6,17,0.03402712508,9.0,302.444,11.715219,76.12690295
Kerala_Wayanad_Acute Diarrhoeal Disease,Kerala,Wayanad,Acute Diarrhoeal Disease,2014,41,28,0.6581345425,9.0,299.752,11.715219,76.12690295
Kerala_Wayanad_Acute Diarrhoeal Disease,Kerala,Wayanad,Acute Diarrhoeal Disease,2015,47,13,1.830789432,35.0,298.86,11.715219,76.12690295
Kerala_Wayanad_Acute Diarrhoeal Disease,Kerala,Wayanad,Acute Diarrhoeal Disease,2016,42,16,0.8947029178,28.0,302.825,11.715219,76.12690295
Kerala_Wayanad_Acute Diarrhoeal Disease,Kerala,Wayanad,Acute Diarrhoeal Disease,2017,5,11,0.5860934901,33.0,300.645,11.715219,76.12690295
Kerala_Wayanad_Acute Diarrhoeal Disease,Kerala,Wayanad,Acute Diarrhoeal Disease,2017,43,12,0.8702677311,30.0,295.96,11.715219,76.12690295
Kerala_Wayanad_Acute Diarrhoeal Disease,Kerala,Wayanad,Acute Diarrhoeal Disease,2017,49,12,0.1162831625,31.0,298.95,11.715219,76.12690295
Kerala_Wayanad_Acute Diarrhoeal Disease,Kerala,Wayanad,Acute Diarrhoeal Disease,2018,1,70,0.2933887851,33.0,298.97,11.715219,76.12690295
Kerala_Wayanad_Acute Diarrhoeal Disease,Kerala,Wayanad,Acute Diarrhoeal Disease,2018,13,30,0.07328487022,9.0,307.30400000000003,11.715219,76.12690295
Kerala_Wayanad_Acute Diarrhoeal Disease,Kerala,Wayanad,Acute Diarrhoeal Disease,2018,46,12,0.04950499713,43.0,299.276,11.715219,76.12690295
Kerala_Wayanad_Acute Diarrhoeal Disease,Kerala,Wayanad,Acute Diarrhoeal Disease,2020,9,47,0.00106720025,17.0,305.848,11.715219,76.12690295
Kerala_Wayanad_Acute Diarrhoeal Disease,Kerala,Wayanad,Acute Diarrhoeal Disease,2020,33,31,3.115720094,3.0,303.11,11.715219,76.12690295
Kerala_Wayanad_Acute Diarrhoeal Disease,Kerala,Wayanad,Acute Diarrhoeal Disease,2021,42,28,1.26539098,15.0,299.79,11.715219,76.12690295
Kerala_Wayanad_Acute Diarrhoeal Disease,Kerala,Wayanad,Acute Diarrhoeal Disease,2022,20,22,0.6217835649,6.0,301.55,11.715219,76.12690295
Madhya Pradesh_Bhopal_Acute Diarrhoeal Disease,Madhya Pradesh,Bhopal,Acute Diarrhoeal Disease,2010,33,29,1.414256875,4.0,303.11,23.2584857,77.401989
Madhya Pradesh_Bhopal_Acute Diarrhoeal Disease,Madhya Pradesh,Bhopal,Acute Diarrhoeal Disease,2011,15,25,0.003037943601,4.0,315.6733334,23.2584857,77.401989
Madhya Pradesh_Bhopal_Acute Diarrhoeal Disease,Madhya Pradesh,Bhopal,Acute Diarrhoeal Disease,2012,43,15,5.19e-05,12.0,306.0366666,23.2584857,77.401989
Madhya Pradesh_Bhopal_Acute Diarrhoeal Disease,Madhya Pradesh,Bhopal,Acute Diarrhoeal Disease,2013,16,24,0.05021263764,5.0,316.964,23.2584857,77.401989
Madhya Pradesh_Bhopal_Acute Diarrhoeal Disease,Madhya Pradesh,Bhopal,Acute Diarrhoeal Disease,2013,28,15,0.7935610429,9.0,303.11,23.2584857,77.401989
Madhya Pradesh_Bhopal_Acute Diarrhoeal Disease,Madhya Pradesh,Bhopal,Acute Diarrhoeal Disease,2013,33,70,1.844778679,6.0,302.16,23.2584857,77.401989
Madhya Pradesh_Bhopal_Acute Diarrhoeal Disease,Madhya Pradesh,Bhopal,Acute Diarrhoeal Disease,2013,36,12,0.08111906291,17.0,301.24,23.2584857,77.401989
Madhya Pradesh_Bhopal_Acute Diarrhoeal Disease,Madhya Pradesh,Bhopal,Acute Diarrhoeal Disease,2014,37,72,0.581010585,14.0,304.0,23.2584857,77.401989
Madhya Pradesh_Bhopal_Acute Diarrhoeal Disease,Madhya Pradesh,Bhopal,Acute Diarrhoeal Disease,2015,19,12,0.09935187076,5.0,313.68,23.2584857,77.401989
Madhya Pradesh_Bhopal_Acute Diarrhoeal Disease,Madhya Pradesh,Bhopal,Acute Diarrhoeal Disease,2015,33,14,1.633560612,12.0,299.5,23.2584857,77.401989
Madhya Pradesh_Bhopal_Acute Diarrhoeal Disease,Madhya Pradesh,Bhopal,Acute Diarrhoeal Disease,2016,29,31,0.3811196414,10.0,303.11,23.2584857,77.401989
Madhya Pradesh_Bhopal_Acute Diarrhoeal Disease,Madhya Pradesh,Bhopal,Acute Diarrhoeal Disease,2016,45,17,1.186347365,9.0,303.11,23.2584857,77.401989
Madhya Pradesh_Bhopal_Acute Diarrhoeal Disease,Madhya Pradesh,Bhopal,Acute Diarrhoeal Disease,2022,23,32,4.81e-05,6.0,316.18333340000004,23.2584857,77.401989
Madhya Pradesh_Burhanpur_Acute Diarrhoeal Disease,Madhya Pradesh,Burhanpur,Acute Diarrhoeal Disease,2009,30,18,1.037693543,2.0,303.11,21.3118839,76.2291992
Madhya Pradesh_Burhanpur_Acute Diarrhoeal Disease,Madhya Pradesh,Burhanpur,Acute Diarrhoeal Disease,2009,31,36,1.498844737,9.0,302.04,21.3118839,76.2291992
Madhya Pradesh_Burhanpur_Acute Diarrhoeal Disease,Madhya Pradesh,Burhanpur,Acute Diarrhoeal Disease,2014,23,49,0.0005591190059,3.0,318.2333334,21.3118839,76.2291992
Madhya Pradesh_Burhanpur_Acute Diarrhoeal Disease,Madhya Pradesh,Burhanpur,Acute Diarrhoeal Disease,2014,31,14,0.5716537915,2.0,303.11,21.3118839,76.2291992
Madhya Pradesh_Burhanpur_Acute Diarrhoeal Disease,Madhya Pradesh,Burhanpur,Acute Diarrhoeal Disease,2014,35,20,0.5266852357,14.0,308.7,21.3118839,76.2291992
Madhya Pradesh_Burhanpur_Acute Diarrhoeal Disease,Madhya Pradesh,Burhanpur,Acute Diarrhoeal Disease,2014,37,20,1.35702369,13.0,300.28000000000003,21.3118839,76.2291992
Madhya Pradesh_Burhanpur_Acute Diarrhoeal Disease,Madhya Pradesh,Burhanpur,Acute Diarrhoeal Disease,2014,50,40,2.76e-05,10.0,306.1466666,21.3118839,76.2291992
Madhya Pradesh_Burhanpur_Acute Diarrhoeal Disease,Madhya Pradesh,Burhanpur,Acute Diarrhoeal Disease,2015,28,10,0.003498904197,9.0,312.24,21.3118839,76.2291992
Madhya Pradesh_Burhanpur_Acute Diarrhoeal Disease,Madhya Pradesh,Burhanpur,Acute Diarrhoeal Disease,2015,30,15,0.7980148653,1.0,303.11,21.3118839,76.2291992
Madhya Pradesh_Burhanpur_Acute Diarrhoeal Disease,Madhya Pradesh,Burhanpur,Acute Diarrhoeal Disease,2018,30,10,0.6198183565,1.0,303.11,21.3118839,76.2291992
Madhya Pradesh_Dhar_Acute Diarrhoeal Disease,Madhya Pradesh,Dhar,Acute Diarrhoeal Disease,2009,30,39,0.2712885841,4.0,309.14,22.5,75.25
Madhya Pradesh_Dhar_Acute Diarrhoeal Disease,Madhya Pradesh,Dhar,Acute Diarrhoeal Disease,2009,31,31,2.673289175,9.0,297.7,22.5,75.25
Madhya Pradesh_Dhar_Acute Diarrhoeal Disease,Madhya Pradesh,Dhar,Acute Diarrhoeal Disease,2010,33,43,1.258380529,9.0,300.74,22.5,75.25
Madhya Pradesh_Dhar_Acute Diarrhoeal Disease,Madhya Pradesh,Dhar,Acute Diarrhoeal Disease,2012,28,94,0.9124836225,9.0,303.11,22.5,75.25
Madhya Pradesh_Dhar_Acute Diarrhoeal Disease,Madhya Pradesh,Dhar,Acute Diarrhoeal Disease,2012,32,13,0.4590140039,5.0,303.11,22.5,75.25
Madhya Pradesh_Dhar_Acute Diarrhoeal Disease,Madhya Pradesh,Dhar,Acute Diarrhoeal Disease,2015,18,30,0.03237527066,3.0,315.9266666,22.5,75.25
Madhya Pradesh_Dhar_Acute Diarrhoeal Disease,Madhya Pradesh,Dhar,Acute Diarrhoeal Disease,2015,22,16,0.000276270127,3.0,323.12,22.5,75.25
Madhya Pradesh_Dhar_Acute Diarrhoeal Disease,Madhya Pradesh,Dhar,Acute Diarrhoeal Disease,2015,33,8,0.5583798631,4.0,303.11,22.5,75.25
Madhya Pradesh_Dhar_Acute Diarrhoeal Disease,Madhya Pradesh,Dhar,Acute Diarrhoeal Disease,2019,16,12,0.08209509687,3.0,319.416,22.5,75.25
Madhya Pradesh_Dhar_Acute Diarrhoeal Disease,Madhya Pradesh,Dhar,Acute Diarrhoeal Disease,2019,24,63,0.03116441722,9.0,318.244,22.5,75.25
Madhya Pradesh_Dhar_Acute Diarrhoeal Disease,Madhya Pradesh,Dhar,Acute Diarrhoeal Disease,2022,8,10,8.29e-05,13.0,301.496,22.5,75.25
Madhya Pradesh_Khargone_Acute Diarrhoeal Disease,Madhya Pradesh,Khargone,Acute Diarrhoeal Disease,2009,35,113,1.151043715,10.0,302.01,21.825599,75.614182
Madhya Pradesh_Khargone_Acute Diarrhoeal Disease,Madhya Pradesh,Khargone,Acute Diarrhoeal Disease,2010,46,8,0.01323485062,9.0,305.036,21.825599,75.614182
Madhya Pradesh_Khargone_Acute Diarrhoeal Disease,Madhya Pradesh,Khargone,Acute Diarrhoeal Disease,2012,13,28,0.0001025816164,9.0,319.1266666,21.825599,75.614182
Madhya Pradesh_Khargone_Acute Diarrhoeal Disease,Madhya Pradesh,Khargone,Acute Diarrhoeal Disease,2012,18,57,5.28e-05,4.0,321.84000000000003,21.825599,75.614182
Madhya Pradesh_Khargone_Acute Diarrhoeal Disease,Madhya Pradesh,Khargone,Acute Diarrhoeal Disease,2013,33,35,0.7777721022,6.0,303.11,21.825599,75.614182
Madhya Pradesh_Khargone_Acute Diarrhoeal Disease,Madhya Pradesh,Khargone,Acute Diarrhoeal Disease,2013,35,100,1.740494538,5.0,303.11,21.825599,75.614182
Madhya Pradesh_Khargone_Acute Diarrhoeal Disease,Madhya Pradesh,Khargone,Acute Diarrhoeal Disease,2014,27,36,0.01203943635,9.0,312.485,21.825599,75.614182
Madhya Pradesh_Khargone_Acute Diarrhoeal Disease,Madhya Pradesh,Khargone,Acute Diarrhoeal Disease,2014,29,47,1.603187757,2.0,303.11,21.825599,75.614182
Madhya Pradesh_Khargone_Acute Diarrhoeal Disease,Madhya Pradesh,Khargone,Acute Diarrhoeal Disease,2014,31,31,0.7067395637,6.0,303.11,21.825599,75.614182
Madhya Pradesh_Khargone_Acute Diarrhoeal Disease,Madhya Pradesh,Khargone,Acute Diarrhoeal Disease,2015,20,15,0.01228775233,4.0,321.1466666,21.825599,75.614182
Madhya Pradesh_Khargone_Acute Diarrhoeal Disease,Madhya Pradesh,Khargone,Acute Diarrhoeal Disease,2015,22,273,9.82e-05,4.0,323.332,21.825599,75.614182
Madhya Pradesh_Khargone_Acute Diarrhoeal Disease,Madhya Pradesh,Khargone,Acute Diarrhoeal Disease,2015,26,48,0.3837586687,7.0,310.90000000000003,21.825599,75.614182
Madhya Pradesh_Khargone_Acute Diarrhoeal Disease,Madhya Pradesh,Khargone,Acute Diarrhoeal Disease,2015,27,45,0.40365778885000003,10.0,306.93,21.825599,75.614182
Madhya Pradesh_Khargone_Acute Diarrhoeal Disease,Madhya Pradesh,Khargone,Acute Diarrhoeal Disease,2015,32,56,0.8887353455,7.0,303.11,21.825599,75.614182
Madhya Pradesh_Khargone_Acute Diarrhoeal Disease,Madhya Pradesh,Khargone,Acute Diarrhoeal Disease,2015,33,32,0.2730867701,9.0,297.98,21.825599,75.614182
Madhya Pradesh_Khargone_Acute Diarrhoeal Disease,Madhya Pradesh,Khargone,Acute Diarrhoeal Disease,2015,35,58,0.06863577826,13.0,302.1866666,21.825599,75.614182
Madhya Pradesh_Khargone_Acute Diarrhoeal Disease,Madhya Pradesh,Khargone,Acute Diarrhoeal Disease,2015,41,89,0.003992862822,18.0,306.40000000000003,21.825599,75.614182
Madhya Pradesh_Khargone_Acute Diarrhoeal Disease,Madhya Pradesh,Khargone,Acute Diarrhoeal Disease,2016,26,118,0.4981724961,2.0,313.06,21.825599,75.614182
Madhya Pradesh_Khargone_Acute Diarrhoeal Disease,Madhya Pradesh,Khargone,Acute Diarrhoeal Disease,2016,27,45,0.466759705,1.0,303.2,21.825599,75.614182
Madhya Pradesh_Khargone_Acute Diarrhoeal Disease,Madhya Pradesh,Khargone,Acute Diarrhoeal Disease,2016,28,91,4.78036213,4.0,302.22,21.825599,75.614182
Madhya Pradesh_Khargone_Acute Diarrhoeal Disease,Madhya Pradesh,Khargone,Acute Diarrhoeal Disease,2016,29,49,1.007710458,9.0,302.22,21.825599,75.614182
Madhya Pradesh_Khargone_Acute Diarrhoeal Disease,Madhya Pradesh,Khargone,Acute Diarrhoeal Disease,2016,43,14,2.47e-05,16.0,305.69,21.825599,75.614182
Madhya Pradesh_Khargone_Acute Diarrhoeal Disease,Madhya Pradesh,Khargone,Acute Diarrhoeal Disease,2017,12,29,8.95e-05,5.0,314.19,21.825599,75.614182
Madhya Pradesh_Khargone_Acute Diarrhoeal Disease,Madhya Pradesh,Khargone,Acute Diarrhoeal Disease,2017,19,84,0.01321645256,4.0,323.09000000000003,21.825599,75.614182
Madhya Pradesh_Khargone_Acute Diarrhoeal Disease,Madhya Pradesh,Khargone,Acute Diarrhoeal Disease,2017,20,85,0.0060867251,4.0,322.1166666,21.825599,75.614182
Madhya Pradesh_Khargone_Acute Diarrhoeal Disease,Madhya Pradesh,Khargone,Acute Diarrhoeal Disease,2017,21,36,0.0060867251,4.0,322.1166666,21.825599,75.614182
Madhya Pradesh_Khargone_Acute Diarrhoeal Disease,Madhya Pradesh,Khargone,Acute Diarrhoeal Disease,2017,25,33,0.05859078471,8.0,309.14,21.825599,75.614182
Madhya Pradesh_Khargone_Acute Diarrhoeal Disease,Madhya Pradesh,Khargone,Acute Diarrhoeal Disease,2017,26,409,0.43588684489999996,6.0,310.14300000000003,21.825599,75.614182
Madhya Pradesh_Khargone_Acute Diarrhoeal Disease,Madhya Pradesh,Khargone,Acute Diarrhoeal Disease,2018,17,46,8.38e-05,9.0,322.93333340000004,21.825599,75.614182
Madhya Pradesh_Khargone_Acute Diarrhoeal Disease,Madhya Pradesh,Khargone,Acute Diarrhoeal Disease,2018,24,48,0.01031505603,4.0,307.61,21.825599,75.614182
Madhya Pradesh_Khargone_Acute Diarrhoeal Disease,Madhya Pradesh,Khargone,Acute Diarrhoeal Disease,2018,26,34,0.2846452944,5.0,310.19,21.825599,75.614182
Madhya Pradesh_Khargone_Acute Diarrhoeal Disease,Madhya Pradesh,Khargone,Acute Diarrhoeal Disease,2018,27,57,0.382170324,9.0,309.09000000000003,21.825599,75.614182
Madhya Pradesh_Khargone_Acute Diarrhoeal Disease,Madhya Pradesh,Khargone,Acute Diarrhoeal Disease,2018,29,71,1.42602008,1.0,303.11,21.825599,75.614182
Madhya Pradesh_Khargone_Acute Diarrhoeal Disease,Madhya Pradesh,Khargone,Acute Diarrhoeal Disease,2018,32,165,0.2379220767,4.0,303.11,21.825599,75.614182
Madhya Pradesh_Khargone_Acute Diarrhoeal Disease,Madhya Pradesh,Khargone,Acute Diarrhoeal Disease,2019,20,49,0.0009835676721,4.0,323.016,21.825599,75.614182
Madhya Pradesh_Khargone_Acute Diarrhoeal Disease,Madhya Pradesh,Khargone,Acute Diarrhoeal Disease,2021,25,174,0.2327137536,5.0,307.62,21.825599,75.614182
Madhya Pradesh_Khargone_Acute Diarrhoeal Disease,Madhya Pradesh,Khargone,Acute Diarrhoeal Disease,2021,28,138,0.3735497957,10.0,309.23,21.825599,75.614182
Madhya Pradesh_Morena_Acute Diarrhoeal Disease,Madhya Pradesh,Morena,Acute Diarrhoeal Disease,2009,27,59,0.3380770713,9.0,314.2,26.166667,77.5
Madhya Pradesh_Morena_Acute Diarrhoeal Disease,Madhya Pradesh,Morena,Acute Diarrhoeal Disease,2009,34,25,1.479588168,9.0,303.11,26.166667,77.5
Madhya Pradesh_Morena_Acute Diarrhoeal Disease,Madhya Pradesh,Morena,Acute Diarrhoeal Disease,2009,36,35,0.5106303734,13.0,306.21,26.166667,77.5
Madhya Pradesh_Morena_Acute Diarrhoeal Disease,Madhya Pradesh,Morena,Acute Diarrhoeal Disease,2010,33,26,0.6273805897,8.0,302.38,26.166667,77.5
Madhya Pradesh_Morena_Acute Diarrhoeal Disease,Madhya Pradesh,Morena,Acute Diarrhoeal Disease,2011,9,12,0.1326510865,12.0,298.385,26.166667,77.5
Madhya Pradesh_Morena_Acute Diarrhoeal Disease,Madhya Pradesh,Morena,Acute Diarrhoeal Disease,2013,27,35,0.3363460802,9.0,302.5666666,26.166667,77.5
Madhya Pradesh_Morena_Acute Diarrhoeal Disease,Madhya Pradesh,Morena,Acute Diarrhoeal Disease,2013,35,11,0.8222058393,16.0,303.13,26.166667,77.5
Madhya Pradesh_Morena_Acute Diarrhoeal Disease,Madhya Pradesh,Morena,Acute Diarrhoeal Disease,2016,19,80,0.02583339529,4.0,315.12,26.166667,77.5
Madhya Pradesh_Morena_Acute Diarrhoeal Disease,Madhya Pradesh,Morena,Acute Diarrhoeal Disease,2016,22,41,0.02093716194,3.0,308.75,26.166667,77.5
Madhya Pradesh_Morena_Acute Diarrhoeal Disease,Madhya Pradesh,Morena,Acute Diarrhoeal Disease,2019,42,12,0.0106106076,14.0,303.7,26.166667,77.5
Madhya Pradesh_Morena_Acute Diarrhoeal Disease,Madhya Pradesh,Morena,Acute Diarrhoeal Disease,2022,19,15,0.0002114471021,3.0,316.4866666,26.166667,77.5
Madhya Pradesh_Morena_Acute Diarrhoeal Disease,Madhya Pradesh,Morena,Acute Diarrhoeal Disease,2022,22,4,0.005249182568,3.0,311.6,26.166667,77.5
Madhya Pradesh_Morena_Acute Diarrhoeal Disease,Madhya Pradesh,Morena,Acute Diarrhoeal Disease,2022,23,12,4.75e-05,3.0,318.4833334,26.166667,77.5
Madhya Pradesh_Panna_Acute Diarrhoeal Disease,Madhya Pradesh,Panna,Acute Diarrhoeal Disease,2009,34,15,0.6556518823,12.0,302.3,24.5,80.25
Madhya Pradesh_Panna_Acute Diarrhoeal Disease,Madhya Pradesh,Panna,Acute Diarrhoeal Disease,2010,32,21,0.7466248572,10.0,304.42,24.5,80.25
Madhya Pradesh_Panna_Acute Diarrhoeal Disease,Madhya Pradesh,Panna,Acute Diarrhoeal Disease,2010,37,20,0.8128650536,21.0,301.705,24.5,80.25
Madhya Pradesh_Panna_Acute Diarrhoeal Disease,Madhya Pradesh,Panna,Acute Diarrhoeal Disease,2011,36,66,0.8356018248,13.0,301.72,24.5,80.25
Madhya Pradesh_Panna_Acute Diarrhoeal Disease,Madhya Pradesh,Panna,Acute Diarrhoeal Disease,2012,24,16,0.004561428587,4.0,316.12,24.5,80.25
Madhya Pradesh_Panna_Acute Diarrhoeal Disease,Madhya Pradesh,Panna,Acute Diarrhoeal Disease,2013,32,37,0.3344112861,7.0,300.5266666,24.5,80.25
Madhya Pradesh_Panna_Acute Diarrhoeal Disease,Madhya Pradesh,Panna,Acute Diarrhoeal Disease,2014,23,14,0.004290013731,5.0,318.96,24.5,80.25
Madhya Pradesh_Panna_Acute Diarrhoeal Disease,Madhya Pradesh,Panna,Acute Diarrhoeal Disease,2014,35,24,0.7564161567,9.0,303.11,24.5,80.25
Madhya Pradesh_Panna_Acute Diarrhoeal Disease,Madhya Pradesh,Panna,Acute Diarrhoeal Disease,2018,25,27,0.02915247292,4.0,315.9566666,24.5,80.25
Madhya Pradesh_Panna_Acute Diarrhoeal Disease,Madhya Pradesh,Panna,Acute Diarrhoeal Disease,2018,31,23,1.107004691,3.0,303.11,24.5,80.25
Madhya Pradesh_Panna_Acute Diarrhoeal Disease,Madhya Pradesh,Panna,Acute Diarrhoeal Disease,2018,32,25,0.3076877704,6.0,303.11,24.5,80.25
Madhya Pradesh_Panna_Acute Diarrhoeal Disease,Madhya Pradesh,Panna,Acute Diarrhoeal Disease,2018,34,13,0.8683032865,9.0,303.62,24.5,80.25
Madhya Pradesh_Raisen_Acute Diarrhoeal Disease,Madhya Pradesh,Raisen,Acute Diarrhoeal Disease,2010,33,28,0.8790689551,3.0,303.11,23.25,78.083333
Madhya Pradesh_Raisen_Acute Diarrhoeal Disease,Madhya Pradesh,Raisen,Acute Diarrhoeal Disease,2011,35,208,0.7443816514,16.0,290.45,23.25,78.083333
Madhya Pradesh_Raisen_Acute Diarrhoeal Disease,Madhya Pradesh,Raisen,Acute Diarrhoeal Disease,2013,30,12,2.390765664,5.0,299.40000000000003,23.25,78.083333
Madhya Pradesh_Raisen_Acute Diarrhoeal Disease,Madhya Pradesh,Raisen,Acute Diarrhoeal Disease,2014,20,92,0.0003006299713,5.0,319.608,23.25,78.083333
Madhya Pradesh_Raisen_Acute Diarrhoeal Disease,Madhya Pradesh,Raisen,Acute Diarrhoeal Disease,2016,30,10,3.156636067,2.0,303.11,23.25,78.083333
Madhya Pradesh_Raisen_Acute Diarrhoeal Disease,Madhya Pradesh,Raisen,Acute Diarrhoeal Disease,2016,32,47,1.12233178155,3.5,303.11,23.25,78.083333
Madhya Pradesh_Raisen_Acute Diarrhoeal Disease,Madhya Pradesh,Raisen,Acute Diarrhoeal Disease,2016,36,71,1.678076363,11.0,301.56,23.25,78.083333
Madhya Pradesh_Raisen_Acute Diarrhoeal Disease,Madhya Pradesh,Raisen,Acute Diarrhoeal Disease,2017,18,25,0.0001315401511,4.0,320.896,23.25,78.083333
Madhya Pradesh_Raisen_Acute Diarrhoeal Disease,Madhya Pradesh,Raisen,Acute Diarrhoeal Disease,2018,32,13,0.363364831,2.0,289.7,23.25,78.083333
Madhya Pradesh_Raisen_Acute Diarrhoeal Disease,Madhya Pradesh,Raisen,Acute Diarrhoeal Disease,2019,29,16,2.298592539,3.0,303.11,23.25,78.083333
Madhya Pradesh_Raisen_Acute Diarrhoeal Disease,Madhya Pradesh,Raisen,Acute Diarrhoeal Disease,2019,47,150,0.07995130794,12.0,303.3,23.25,78.083333
Madhya Pradesh_Rewa_Acute Diarrhoeal Disease,Madhya Pradesh,Rewa,Acute Diarrhoeal Disease,2010,39,39,0.4424886511,13.0,302.24,24.756718,81.65493469
Madhya Pradesh_Rewa_Acute Diarrhoeal Disease,Madhya Pradesh,Rewa,Acute Diarrhoeal Disease,2012,32,37,0.9436128268,9.0,303.11,24.756718,81.65493469
Madhya Pradesh_Rewa_Acute Diarrhoeal Disease,Madhya Pradesh,Rewa,Acute Diarrhoeal Disease,2012,33,18,1.381359153,8.0,303.11,24.756718,81.65493469
Madhya Pradesh_Rewa_Acute Diarrhoeal Disease,Madhya Pradesh,Rewa,Acute Diarrhoeal Disease,2013,34,24,0.3005525994,13.0,301.1066666,24.756718,81.65493469
Madhya Pradesh_Rewa_Acute Diarrhoeal Disease,Madhya Pradesh,Rewa,Acute Diarrhoeal Disease,2014,36,21,0.4729643307,11.0,303.76,24.756718,81.65493469
Madhya Pradesh_Rewa_Acute Diarrhoeal Disease,Madhya Pradesh,Rewa,Acute Diarrhoeal Disease,2014,43,12,0.5880790668,9.0,305.8866666,24.756718,81.65493469
Madhya Pradesh_Rewa_Acute Diarrhoeal Disease,Madhya Pradesh,Rewa,Acute Diarrhoeal Disease,2016,39,12,0.3974956434,11.0,301.9733334,24.756718,81.65493469
Madhya Pradesh_Rewa_Acute Diarrhoeal Disease,Madhya Pradesh,Rewa,Acute Diarrhoeal Disease,2016,40,18,0.3002715701,9.0,302.212,24.756718,81.65493469
Madhya Pradesh_Rewa_Acute Diarrhoeal Disease,Madhya Pradesh,Rewa,Acute Diarrhoeal Disease,2017,17,20,6.25e-05,4.0,317.34000000000003,24.756718,81.65493469
Madhya Pradesh_Rewa_Acute Diarrhoeal Disease,Madhya Pradesh,Rewa,Acute Diarrhoeal Disease,2017,23,24,0.01747010826,4.0,318.1066666,24.756718,81.65493469
Madhya Pradesh_Rewa_Acute Diarrhoeal Disease,Madhya Pradesh,Rewa,Acute Diarrhoeal Disease,2018,48,10,2.62e-05,6.0,303.6666666,24.756718,81.65493469
Madhya Pradesh_Rewa_Acute Diarrhoeal Disease,Madhya Pradesh,Rewa,Acute Diarrhoeal Disease,2022,24,20,0.0004349343701,4.0,315.416,24.756718,81.65493469
Madhya Pradesh_Sehore_Acute Diarrhoeal Disease,Madhya Pradesh,Sehore,Acute Diarrhoeal Disease,2009,33,12,2.075410252,3.0,304.72,23.1156882,77.06623939
Madhya Pradesh_Sehore_Acute Diarrhoeal Disease,Madhya Pradesh,Sehore,Acute Diarrhoeal Disease,2011,32,12,1.475803153,9.0,303.11,23.1156882,77.06623939
Madhya Pradesh_Sehore_Acute Diarrhoeal Disease,Madhya Pradesh,Sehore,Acute Diarrhoeal Disease,2012,20,17,0.02901056082,4.0,321.16,23.1156882,77.06623939
Madhya Pradesh_Sehore_Acute Diarrhoeal Disease,Madhya Pradesh,Sehore,Acute Diarrhoeal Disease,2013,17,11,0.005804015307,4.0,320.4733334,23.1156882,77.06623939
Madhya Pradesh_Sehore_Acute Diarrhoeal Disease,Madhya Pradesh,Sehore,Acute Diarrhoeal Disease,2013,24,19,0.5326670902,3.0,312.4533334,23.1156882,77.06623939
Madhya Pradesh_Sehore_Acute Diarrhoeal Disease,Madhya Pradesh,Sehore,Acute Diarrhoeal Disease,2014,33,20,0.9453241702,13.0,303.11,23.1156882,77.06623939
Madhya Pradesh_Sehore_Acute Diarrhoeal Disease,Madhya Pradesh,Sehore,Acute Diarrhoeal Disease,2014,49,10,4.98e-05,7.0,305.3466666,23.1156882,77.06623939
Madhya Pradesh_Sehore_Acute Diarrhoeal Disease,Madhya Pradesh,Sehore,Acute Diarrhoeal Disease,2015,31,32,2.321387212,12.0,303.11,23.1156882,77.06623939
Madhya Pradesh_Sehore_Acute Diarrhoeal Disease,Madhya Pradesh,Sehore,Acute Diarrhoeal Disease,2015,44,61,0.1220597568,9.0,306.975,23.1156882,77.06623939
Madhya Pradesh_Sehore_Acute Diarrhoeal Disease,Madhya Pradesh,Sehore,Acute Diarrhoeal Disease,2016,24,20,0.007841400848,3.0,313.5333334,23.1156882,77.06623939
Madhya Pradesh_Sehore_Acute Diarrhoeal Disease,Madhya Pradesh,Sehore,Acute Diarrhoeal Disease,2016,25,43,0.02260701753,3.0,312.872,23.1156882,77.06623939
Madhya Pradesh_Sehore_Acute Diarrhoeal Disease,Madhya Pradesh,Sehore,Acute Diarrhoeal Disease,2016,27,12,1.097717652,1.0,306.02,23.1156882,77.06623939
Madhya Pradesh_Sehore_Acute Diarrhoeal Disease,Madhya Pradesh,Sehore,Acute Diarrhoeal Disease,2017,31,84,1.105708936,10.0,303.11,23.1156882,77.06623939
Madhya Pradesh_Sehore_Acute Diarrhoeal Disease,Madhya Pradesh,Sehore,Acute Diarrhoeal Disease,2018,29,24,1.505133439,3.0,304.08,23.1156882,77.06623939
Madhya Pradesh_Sehore_Acute Diarrhoeal Disease,Madhya Pradesh,Sehore,Acute Diarrhoeal Disease,2018,31,22,0.06964986074,7.0,299.66,23.1156882,77.06623939
Madhya Pradesh_Shivpuri_Acute Diarrhoeal Disease,Madhya Pradesh,Shivpuri,Acute Diarrhoeal Disease,2010,34,8,0.7811332351,9.0,299.41,25.37524125,77.82811933
Madhya Pradesh_Shivpuri_Acute Diarrhoeal Disease,Madhya Pradesh,Shivpuri,Acute Diarrhoeal Disease,2010,37,52,0.4588326521,14.0,303.11,25.37524125,77.82811933
Madhya Pradesh_Shivpuri_Acute Diarrhoeal Disease,Madhya Pradesh,Shivpuri,Acute Diarrhoeal Disease,2011,42,20,0.05848771364,23.0,300.808,25.37524125,77.82811933
Madhya Pradesh_Shivpuri_Acute Diarrhoeal Disease,Madhya Pradesh,Shivpuri,Acute Diarrhoeal Disease,2013,29,12,0.8315040994,14.0,299.55,25.37524125,77.82811933
Madhya Pradesh_Shivpuri_Acute Diarrhoeal Disease,Madhya Pradesh,Shivpuri,Acute Diarrhoeal Disease,2013,36,17,0.004632751903,26.0,301.11333340000004,25.37524125,77.82811933
Madhya Pradesh_Shivpuri_Acute Diarrhoeal Disease,Madhya Pradesh,Shivpuri,Acute Diarrhoeal Disease,2013,39,37,0.7869960141,19.0,299.92,25.37524125,77.82811933
Madhya Pradesh_Shivpuri_Acute Diarrhoeal Disease,Madhya Pradesh,Shivpuri,Acute Diarrhoeal Disease,2014,14,14,0.0003622552896,6.0,312.93333340000004,25.37524125,77.82811933
Madhya Pradesh_Shivpuri_Acute Diarrhoeal Disease,Madhya Pradesh,Shivpuri,Acute Diarrhoeal Disease,2016,28,40,0.739306288,7.5,304.0183333,25.37524125,77.82811933
Madhya Pradesh_Shivpuri_Acute Diarrhoeal Disease,Madhya Pradesh,Shivpuri,Acute Diarrhoeal Disease,2016,31,81,1.409301395,8.0,294.94,25.37524125,77.82811933
Madhya Pradesh_Shivpuri_Acute Diarrhoeal Disease,Madhya Pradesh,Shivpuri,Acute Diarrhoeal Disease,2016,34,25,0.8864158472,11.0,303.11,25.37524125,77.82811933
Madhya Pradesh_Shivpuri_Acute Diarrhoeal Disease,Madhya Pradesh,Shivpuri,Acute Diarrhoeal Disease,2018,35,15,0.7680913363,9.0,300.74,25.37524125,77.82811933
Maharashtra_Ahmednagar_Acute Diarrhoeal Disease,Maharashtra,Ahmednagar,Acute Diarrhoeal Disease,2012,28,32,0.19281893841,3.0,311.4235,19.1627725,74.8580243
Maharashtra_Ahmednagar_Acute Diarrhoeal Disease,Maharashtra,Ahmednagar,Acute Diarrhoeal Disease,2012,43,93,1.188847086,11.0,302.34000000000003,19.1627725,74.8580243
Maharashtra_Ahmednagar_Acute Diarrhoeal Disease,Maharashtra,Ahmednagar,Acute Diarrhoeal Disease,2013,46,20,0.4544647852,13.0,301.5666666,19.1627725,74.8580243
Maharashtra_Ahmednagar_Acute Diarrhoeal Disease,Maharashtra,Ahmednagar,Acute Diarrhoeal Disease,2015,23,15,0.0006341289129,3.0,317.87,19.1627725,74.8580243
Maharashtra_Ahmednagar_Acute Diarrhoeal Disease,Maharashtra,Ahmednagar,Acute Diarrhoeal Disease,2015,50,42,0.2019926814,7.0,304.75,19.1627725,74.8580243
Maharashtra_Ahmednagar_Acute Diarrhoeal Disease,Maharashtra,Ahmednagar,Acute Diarrhoeal Disease,2015,51,133,0.0008862276965,8.0,306.4908333,19.1627725,74.8580243
Maharashtra_Ahmednagar_Acute Diarrhoeal Disease,Maharashtra,Ahmednagar,Acute Diarrhoeal Disease,2016,5,41,6.67e-05,4.0,308.41,19.1627725,74.8580243
Maharashtra_Ahmednagar_Acute Diarrhoeal Disease,Maharashtra,Ahmednagar,Acute Diarrhoeal Disease,2016,11,36,0.000324765012,4.0,316.0166666,19.1627725,74.8580243
Maharashtra_Ahmednagar_Acute Diarrhoeal Disease,Maharashtra,Ahmednagar,Acute Diarrhoeal Disease,2016,13,35,0.00244717831,3.0,318.46,19.1627725,74.8580243
Maharashtra_Ahmednagar_Acute Diarrhoeal Disease,Maharashtra,Ahmednagar,Acute Diarrhoeal Disease,2016,14,71,0.01417676803,9.0,322.35200000000003,19.1627725,74.8580243
Maharashtra_Ahmednagar_Acute Diarrhoeal Disease,Maharashtra,Ahmednagar,Acute Diarrhoeal Disease,2016,17,93,9.13e-05,3.0,324.888,19.1627725,74.8580243
Maharashtra_Ahmednagar_Acute Diarrhoeal Disease,Maharashtra,Ahmednagar,Acute Diarrhoeal Disease,2016,22,35,0.008922859033,2.0,320.09000000000003,19.1627725,74.8580243
Maharashtra_Ahmednagar_Acute Diarrhoeal Disease,Maharashtra,Ahmednagar,Acute Diarrhoeal Disease,2018,30,82,0.2006507419,9.0,307.2333334,19.1627725,74.8580243
Maharashtra_Amravati_Acute Diarrhoeal Disease,Maharashtra,Amravati,Acute Diarrhoeal Disease,2012,19,41,5.28e-05,2.0,325.7266666,20.9521098,77.7333168
Maharashtra_Amravati_Acute Diarrhoeal Disease,Maharashtra,Amravati,Acute Diarrhoeal Disease,2012,20,38,0.1131117567,3.0,322.9066666,20.9521098,77.7333168
Maharashtra_Amravati_Acute Diarrhoeal Disease,Maharashtra,Amravati,Acute Diarrhoeal Disease,2012,21,43,0.1131117567,3.0,322.9066666,20.9521098,77.7333168
Maharashtra_Amravati_Acute Diarrhoeal Disease,Maharashtra,Amravati,Acute Diarrhoeal Disease,2012,23,26,0.0008386208626,2.0,317.7166666,20.9521098,77.7333168
Maharashtra_Amravati_Acute Diarrhoeal Disease,Maharashtra,Amravati,Acute Diarrhoeal Disease,2012,27,30,0.01531889341,3.0,314.2,20.9521098,77.7333168
Maharashtra_Amravati_Acute Diarrhoeal Disease,Maharashtra,Amravati,Acute Diarrhoeal Disease,2012,31,26,0.0008386208626,2.0,317.7166666,20.9521098,77.7333168
Maharashtra_Amravati_Acute Diarrhoeal Disease,Maharashtra,Amravati,Acute Diarrhoeal Disease,2014,39,112,0.2462069483,19.0,301.13599999999997,20.9521098,77.7333168
Maharashtra_Amravati_Acute Diarrhoeal Disease,Maharashtra,Amravati,Acute Diarrhoeal Disease,2014,42,30,0.03122804257,16.0,306.4033334,20.9521098,77.7333168
Maharashtra_Amravati_Acute Diarrhoeal Disease,Maharashtra,Amravati,Acute Diarrhoeal Disease,2014,44,71,0.03259617947,9.0,308.85200000000003,20.9521098,77.7333168
Maharashtra_Amravati_Acute Diarrhoeal Disease,Maharashtra,Amravati,Acute Diarrhoeal Disease,2014,46,70,0.0001097175665,8.0,308.2866666,20.9521098,77.7333168
Maharashtra_Amravati_Acute Diarrhoeal Disease,Maharashtra,Amravati,Acute Diarrhoeal Disease,2015,27,56,0.02767676217,4.0,310.9466666,20.9521098,77.7333168
Maharashtra_Amravati_Acute Diarrhoeal Disease,Maharashtra,Amravati,Acute Diarrhoeal Disease,2016,31,13,1.835166157,9.0,303.11,20.9521098,77.7333168
Maharashtra_Amravati_Acute Diarrhoeal Disease,Maharashtra,Amravati,Acute Diarrhoeal Disease,2018,19,21,9.82e-05,9.0,325.672,20.9521098,77.7333168
Maharashtra_Amravati_Acute Diarrhoeal Disease,Maharashtra,Amravati,Acute Diarrhoeal Disease,2018,26,32,0.5647430061,4.0,308.38,20.9521098,77.7333168
Maharashtra_Amravati_Acute Diarrhoeal Disease,Maharashtra,Amravati,Acute Diarrhoeal Disease,2018,30,9,0.3731336129,1.0,303.11,20.9521098,77.7333168
Maharashtra_Amravati_Acute Diarrhoeal Disease,Maharashtra,Amravati,Acute Diarrhoeal Disease,2018,42,17,4.6e-05,9.0,310.32,20.9521098,77.7333168
Maharashtra_Amravati_Acute Diarrhoeal Disease,Maharashtra,Amravati,Acute Diarrhoeal Disease,2018,44,17,0.000277945801,11.0,308.608,20.9521098,77.7333168
Maharashtra_Amravati_Acute Diarrhoeal Disease,Maharashtra,Amravati,Acute Diarrhoeal Disease,2019,28,16,2.004265367,1.0,303.11,20.9521098,77.7333168
Maharashtra_Amravati_Acute Diarrhoeal Disease,Maharashtra,Amravati,Acute Diarrhoeal Disease,2020,5,11,0.006577492273,9.0,303.80333340000004,20.9521098,77.7333168
Maharashtra_Amravati_Acute Diarrhoeal Disease,Maharashtra,Amravati,Acute Diarrhoeal Disease,2020,36,68,0.5626673465,17.0,300.48,20.9521098,77.7333168
Maharashtra_Amravati_Acute Diarrhoeal Disease,Maharashtra,Amravati,Acute Diarrhoeal Disease,2020,53,53,5.79e-05,11.0,302.64,20.9521098,77.7333168
Maharashtra_Beed_Acute Diarrhoeal Disease,Maharashtra,Beed,Acute Diarrhoeal Disease,2010,16,29,0.0001504429846,4.0,322.128,18.9918442,75.909784
Maharashtra_Beed_Acute Diarrhoeal Disease,Maharashtra,Beed,Acute Diarrhoeal Disease,2010,28,29,0.4321935047,3.0,303.11,18.9918442,75.909784
Maharashtra_Beed_Acute Diarrhoeal Disease,Maharashtra,Beed,Acute Diarrhoeal Disease,2010,29,29,0.4321935047,3.0,303.11,18.9918442,75.909784
Maharashtra_Beed_Acute Diarrhoeal Disease,Maharashtra,Beed,Acute Diarrhoeal Disease,2010,33,28,0.08450463462,8.0,301.82,18.9918442,75.909784
Maharashtra_Beed_Acute Diarrhoeal Disease,Maharashtra,Beed,Acute Diarrhoeal Disease,2012,11,54,0.0001013648933,5.0,314.468,18.9918442,75.909784
Maharashtra_Beed_Acute Diarrhoeal Disease,Maharashtra,Beed,Acute Diarrhoeal Disease,2014,29,67,0.4660859859,2.0,310.28000000000003,18.9918442,75.909784
Maharashtra_Beed_Acute Diarrhoeal Disease,Maharashtra,Beed,Acute Diarrhoeal Disease,2014,50,52,0.01513226263,7.0,307.53200000000004,18.9918442,75.909784
Maharashtra_Beed_Acute Diarrhoeal Disease,Maharashtra,Beed,Acute Diarrhoeal Disease,2015,28,40,0.03112317759,4.0,312.19333340000003,18.9918442,75.909784
Maharashtra_Beed_Acute Diarrhoeal Disease,Maharashtra,Beed,Acute Diarrhoeal Disease,2015,39,22,1.784919182,9.0,302.6466666,18.9918442,75.909784
Maharashtra_Beed_Acute Diarrhoeal Disease,Maharashtra,Beed,Acute Diarrhoeal Disease,2016,24,27,0.04484029594,3.0,312.82,18.9918442,75.909784
Maharashtra_Bhandara_Acute Diarrhoeal Disease,Maharashtra,Bhandara,Acute Diarrhoeal Disease,2012,33,23,2.345398116,1.0,303.11,21.12304765,79.79390882
Maharashtra_Bhandara_Acute Diarrhoeal Disease,Maharashtra,Bhandara,Acute Diarrhoeal Disease,2012,35,12,0.4111540102,15.0,303.26,21.12304765,79.79390882
Maharashtra_Bhandara_Acute Diarrhoeal Disease,Maharashtra,Bhandara,Acute Diarrhoeal Disease,2012,41,50,0.1076752099,17.0,303.3966666,21.12304765,79.79390882
Maharashtra_Bhandara_Acute Diarrhoeal Disease,Maharashtra,Bhandara,Acute Diarrhoeal Disease,2013,48,34,0.01549348737,9.0,302.78400000000005,21.12304765,79.79390882
Maharashtra_Bhandara_Acute Diarrhoeal Disease,Maharashtra,Bhandara,Acute Diarrhoeal Disease,2015,18,18,0.07088788193,6.0,312.872,21.12304765,79.79390882
Maharashtra_Bhandara_Acute Diarrhoeal Disease,Maharashtra,Bhandara,Acute Diarrhoeal Disease,2015,23,10,0.007143356648,9.0,319.07,21.12304765,79.79390882
Maharashtra_Bhandara_Acute Diarrhoeal Disease,Maharashtra,Bhandara,Acute Diarrhoeal Disease,2015,26,18,0.03204782534,4.0,314.75,21.12304765,79.79390882
Maharashtra_Bhandara_Acute Diarrhoeal Disease,Maharashtra,Bhandara,Acute Diarrhoeal Disease,2015,39,24,0.5052023706,16.0,304.85200000000003,21.12304765,79.79390882
Maharashtra_Bhandara_Acute Diarrhoeal Disease,Maharashtra,Bhandara,Acute Diarrhoeal Disease,2016,4,219,0.01380323873,9.0,300.432,21.12304765,79.79390882
Maharashtra_Bhandara_Acute Diarrhoeal Disease,Maharashtra,Bhandara,Acute Diarrhoeal Disease,2016,9,19,9.98e-05,9.0,309.1,21.12304765,79.79390882
Maharashtra_Bhandara_Acute Diarrhoeal Disease,Maharashtra,Bhandara,Acute Diarrhoeal Disease,2016,29,32,0.4180221542,9.0,301.74,21.12304765,79.79390882
Maharashtra_Bhandara_Acute Diarrhoeal Disease,Maharashtra,Bhandara,Acute Diarrhoeal Disease,2019,46,19,0.09071655136,16.0,301.93,21.12304765,79.79390882
Maharashtra_Bhandara_Acute Diarrhoeal Disease,Maharashtra,Bhandara,Acute Diarrhoeal Disease,2021,22,108,0.05414090437,5.0,316.955,21.12304765,79.79390882
Maharashtra_Dhule_Acute Diarrhoeal Disease,Maharashtra,Dhule,Acute Diarrhoeal Disease,2009,49,155,5.36e-05,7.0,306.0666666,21.13170235,74.48990147
Maharashtra_Dhule_Acute Diarrhoeal Disease,Maharashtra,Dhule,Acute Diarrhoeal Disease,2010,38,20,0.7499327753,12.0,302.08,21.13170235,74.48990147
Maharashtra_Dhule_Acute Diarrhoeal Disease,Maharashtra,Dhule,Acute Diarrhoeal Disease,2012,13,21,8.41e-05,9.0,318.06333340000003,21.13170235,74.48990147
Maharashtra_Dhule_Acute Diarrhoeal Disease,Maharashtra,Dhule,Acute Diarrhoeal Disease,2012,29,30,0.2658196621,4.0,303.15000000000003,21.13170235,74.48990147
Maharashtra_Dhule_Acute Diarrhoeal Disease,Maharashtra,Dhule,Acute Diarrhoeal Disease,2013,11,53,3.4e-05,5.0,316.62333340000004,21.13170235,74.48990147
Maharashtra_Dhule_Acute Diarrhoeal Disease,Maharashtra,Dhule,Acute Diarrhoeal Disease,2013,30,18,0.8190279635,1.0,303.11,21.13170235,74.48990147
Maharashtra_Dhule_Acute Diarrhoeal Disease,Maharashtra,Dhule,Acute Diarrhoeal Disease,2014,28,14,0.02143292553,4.0,310.12,21.13170235,74.48990147
Maharashtra_Dhule_Acute Diarrhoeal Disease,Maharashtra,Dhule,Acute Diarrhoeal Disease,2014,35,11,0.8453425385,10.0,307.76,21.13170235,74.48990147
Maharashtra_Dhule_Acute Diarrhoeal Disease,Maharashtra,Dhule,Acute Diarrhoeal Disease,2015,26,76,0.54461323305,6.0,310.0433333,21.13170235,74.48990147
Maharashtra_Dhule_Acute Diarrhoeal Disease,Maharashtra,Dhule,Acute Diarrhoeal Disease,2015,28,22,0.02527748599,5.0,305.78000000000003,21.13170235,74.48990147
Maharashtra_Dhule_Acute Diarrhoeal Disease,Maharashtra,Dhule,Acute Diarrhoeal Disease,2016,20,23,0.07961581916,9.0,319.096,21.13170235,74.48990147
Maharashtra_Dhule_Acute Diarrhoeal Disease,Maharashtra,Dhule,Acute Diarrhoeal Disease,2016,41,24,0.3192229937,17.0,302.08,21.13170235,74.48990147
Maharashtra_Dhule_Acute Diarrhoeal Disease,Maharashtra,Dhule,Acute Diarrhoeal Disease,2016,50,25,5.48e-05,9.0,306.808,21.13170235,74.48990147
Maharashtra_Gadchiroli_Acute Diarrhoeal Disease,Maharashtra,Gadchiroli,Acute Diarrhoeal Disease,2012,28,25,0.867442108,9.0,303.11,19.75907035,80.16228073
Maharashtra_Gadchiroli_Acute Diarrhoeal Disease,Maharashtra,Gadchiroli,Acute Diarrhoeal Disease,2012,32,69,1.160202106,0.0,303.11,19.75907035,80.16228073
Maharashtra_Gadchiroli_Acute Diarrhoeal Disease,Maharashtra,Gadchiroli,Acute Diarrhoeal Disease,2012,42,25,4.66e-05,26.0,303.40000000000003,19.75907035,80.16228073
Maharashtra_Gadchiroli_Acute Diarrhoeal Disease,Maharashtra,Gadchiroli,Acute Diarrhoeal Disease,2013,40,45,0.99591882145,20.0,299.985,19.75907035,80.16228073
Maharashtra_Gadchiroli_Acute Diarrhoeal Disease,Maharashtra,Gadchiroli,Acute Diarrhoeal Disease,2015,26,61,2.708234172,7.0,303.11,19.75907035,80.16228073
Maharashtra_Gadchiroli_Acute Diarrhoeal Disease,Maharashtra,Gadchiroli,Acute Diarrhoeal Disease,2015,34,54,1.397208004,15.0,302.94,19.75907035,80.16228073
Maharashtra_Gadchiroli_Acute Diarrhoeal Disease,Maharashtra,Gadchiroli,Acute Diarrhoeal Disease,2015,35,11,1.052317661,15.0,299.5,19.75907035,80.16228073
Maharashtra_Gadchiroli_Acute Diarrhoeal Disease,Maharashtra,Gadchiroli,Acute Diarrhoeal Disease,2016,24,32,0.1559276267,9.0,310.515,19.75907035,80.16228073
Maharashtra_Gadchiroli_Acute Diarrhoeal Disease,Maharashtra,Gadchiroli,Acute Diarrhoeal Disease,2018,35,62,1.011077089,12.0,303.11,19.75907035,80.16228073
Maharashtra_Gadchiroli_Acute Diarrhoeal Disease,Maharashtra,Gadchiroli,Acute Diarrhoeal Disease,2019,26,11,0.5460939741,9.0,316.29,19.75907035,80.16228073
Maharashtra_Gadchiroli_Acute Diarrhoeal Disease,Maharashtra,Gadchiroli,Acute Diarrhoeal Disease,2019,29,24,0.1987197074,16.0,308.28000000000003,19.75907035,80.16228073
Maharashtra_Jalgaon_Acute Diarrhoeal Disease,Maharashtra,Jalgaon,Acute Diarrhoeal Disease,2010,15,7,5.42e-05,5.0,317.69,20.84288265,75.52612464
Maharashtra_Jalgaon_Acute Diarrhoeal Disease,Maharashtra,Jalgaon,Acute Diarrhoeal Disease,2012,17,40,0.0008784986253,4.0,320.71,20.84288265,75.52612464
Maharashtra_Jalgaon_Acute Diarrhoeal Disease,Maharashtra,Jalgaon,Acute Diarrhoeal Disease,2012,23,43,7.3e-05,3.0,314.41200000000003,20.84288265,75.52612464
Maharashtra_Jalgaon_Acute Diarrhoeal Disease,Maharashtra,Jalgaon,Acute Diarrhoeal Disease,2012,49,15,7.7e-05,9.0,307.5766666,20.84288265,75.52612464
Maharashtra_Jalgaon_Acute Diarrhoeal Disease,Maharashtra,Jalgaon,Acute Diarrhoeal Disease,2013,20,32,0.0001817495535,9.0,321.608,20.84288265,75.52612464
Maharashtra_Jalgaon_Acute Diarrhoeal Disease,Maharashtra,Jalgaon,Acute Diarrhoeal Disease,2013,21,23,0.001045838019,3.0,321.27,20.84288265,75.52612464
Maharashtra_Jalgaon_Acute Diarrhoeal Disease,Maharashtra,Jalgaon,Acute Diarrhoeal Disease,2014,42,35,0.01547944528,15.0,306.372,20.84288265,75.52612464
Maharashtra_Jalgaon_Acute Diarrhoeal Disease,Maharashtra,Jalgaon,Acute Diarrhoeal Disease,2015,26,96,0.3340303111,4.0,312.23,20.84288265,75.52612464
Maharashtra_Jalgaon_Acute Diarrhoeal Disease,Maharashtra,Jalgaon,Acute Diarrhoeal Disease,2015,28,22,0.01621226519,9.0,311.4133334,20.84288265,75.52612464
Maharashtra_Jalgaon_Acute Diarrhoeal Disease,Maharashtra,Jalgaon,Acute Diarrhoeal Disease,2015,29,107,0.03960431548,9.0,308.6333334,20.84288265,75.52612464
Maharashtra_Jalgaon_Acute Diarrhoeal Disease,Maharashtra,Jalgaon,Acute Diarrhoeal Disease,2015,40,100,0.05711918192,16.0,302.90500000000003,20.84288265,75.52612464
Maharashtra_Jalgaon_Acute Diarrhoeal Disease,Maharashtra,Jalgaon,Acute Diarrhoeal Disease,2016,17,33,7.02e-05,3.0,322.608,20.84288265,75.52612464
Maharashtra_Jalgaon_Acute Diarrhoeal Disease,Maharashtra,Jalgaon,Acute Diarrhoeal Disease,2016,31,26,0.4290943133,9.0,303.11,20.84288265,75.52612464
Maharashtra_Jalgaon_Acute Diarrhoeal Disease,Maharashtra,Jalgaon,Acute Diarrhoeal Disease,2017,20,43,0.001874754495,4.0,321.5166666,20.84288265,75.52612464
Maharashtra_Jalgaon_Acute Diarrhoeal Disease,Maharashtra,Jalgaon,Acute Diarrhoeal Disease,2017,22,110,0.005828844688,3.0,321.41200000000003,20.84288265,75.52612464
Maharashtra_Jalgaon_Acute Diarrhoeal Disease,Maharashtra,Jalgaon,Acute Diarrhoeal Disease,2017,36,20,0.387581621,17.0,302.8266666,20.84288265,75.52612464
Maharashtra_Jalgaon_Acute Diarrhoeal Disease,Maharashtra,Jalgaon,Acute Diarrhoeal Disease,2020,8,20,4.98e-05,9.0,306.6333334,20.84288265,75.52612464
Maharashtra_Jalgaon_Acute Diarrhoeal Disease,Maharashtra,Jalgaon,Acute Diarrhoeal Disease,2020,27,74,0.3034654863,8.0,313.51,20.84288265,75.52612464
Maharashtra_Jalna_Acute Diarrhoeal Disease,Maharashtra,Jalna,Acute Diarrhoeal Disease,2010,26,19,0.09492809062,9.0,312.62,19.91883295,75.87085986
Maharashtra_Jalna_Acute Diarrhoeal Disease,Maharashtra,Jalna,Acute Diarrhoeal Disease,2010,27,10,0.09290080196,2.0,310.7,19.91883295,75.87085986
Maharashtra_Jalna_Acute Diarrhoeal Disease,Maharashtra,Jalna,Acute Diarrhoeal Disease,2010,28,13,0.5904307987,9.0,305.3,19.91883295,75.87085986
Maharashtra_Jalna_Acute Diarrhoeal Disease,Maharashtra,Jalna,Acute Diarrhoeal Disease,2010,31,35,0.3141761416,3.0,303.11,19.91883295,75.87085986
Maharashtra_Jalna_Acute Diarrhoeal Disease,Maharashtra,Jalna,Acute Diarrhoeal Disease,2011,30,29,0.2865051658,3.0,302.49,19.91883295,75.87085986
Maharashtra_Jalna_Acute Diarrhoeal Disease,Maharashtra,Jalna,Acute Diarrhoeal Disease,2012,27,50,0.02458837989,9.0,313.8866666,19.91883295,75.87085986
Maharashtra_Jalna_Acute Diarrhoeal Disease,Maharashtra,Jalna,Acute Diarrhoeal Disease,2012,34,24,0.4622592128,9.0,309.36,19.91883295,75.87085986
Maharashtra_Jalna_Acute Diarrhoeal Disease,Maharashtra,Jalna,Acute Diarrhoeal Disease,2013,26,39,0.2964024913,2.0,308.71,19.91883295,75.87085986
Maharashtra_Jalna_Acute Diarrhoeal Disease,Maharashtra,Jalna,Acute Diarrhoeal Disease,2013,28,59,0.4127350501,4.0,300.1,19.91883295,75.87085986
Maharashtra_Jalna_Acute Diarrhoeal Disease,Maharashtra,Jalna,Acute Diarrhoeal Disease,2015,29,97,0.005347359458,5.0,310.528,19.91883295,75.87085986
Maharashtra_Jalna_Acute Diarrhoeal Disease,Maharashtra,Jalna,Acute Diarrhoeal Disease,2016,21,47,0.000449560675,2.0,321.3366666,19.91883295,75.87085986
Maharashtra_Jalna_Acute Diarrhoeal Disease,Maharashtra,Jalna,Acute Diarrhoeal Disease,2016,24,18,0.06610564024,2.0,316.432,19.91883295,75.87085986
Maharashtra_Jalna_Acute Diarrhoeal Disease,Maharashtra,Jalna,Acute Diarrhoeal Disease,2018,25,62,0.01809043212,9.0,309.285,19.91883295,75.87085986
Maharashtra_Kolhapur_Acute Diarrhoeal Disease,Maharashtra,Kolhapur,Acute Diarrhoeal Disease,2009,52,80,0.001971785189,8.0,304.176,16.7028412,74.2405329
Maharashtra_Kolhapur_Acute Diarrhoeal Disease,Maharashtra,Kolhapur,Acute Diarrhoeal Disease,2010,46,35,0.1720387075,8.0,303.32,16.7028412,74.2405329
Maharashtra_Kolhapur_Acute Diarrhoeal Disease,Maharashtra,Kolhapur,Acute Diarrhoeal Disease,2011,17,32,6.13e-05,6.0,316.72,16.7028412,74.2405329
Maharashtra_Kolhapur_Acute Diarrhoeal Disease,Maharashtra,Kolhapur,Acute Diarrhoeal Disease,2012,26,196,0.618424487,9.0,301.38,16.7028412,74.2405329
Maharashtra_Kolhapur_Acute Diarrhoeal Disease,Maharashtra,Kolhapur,Acute Diarrhoeal Disease,2012,37,73,0.26855443305000004,5.0,303.985,16.7028412,74.2405329
Maharashtra_Kolhapur_Acute Diarrhoeal Disease,Maharashtra,Kolhapur,Acute Diarrhoeal Disease,2014,23,133,0.08568161256,7.0,315.745,16.7028412,74.2405329
Maharashtra_Kolhapur_Acute Diarrhoeal Disease,Maharashtra,Kolhapur,Acute Diarrhoeal Disease,2015,3,22,7.96e-05,9.0,303.572,16.7028412,74.2405329
Maharashtra_Kolhapur_Acute Diarrhoeal Disease,Maharashtra,Kolhapur,Acute Diarrhoeal Disease,2016,40,49,0.191976073,11.0,304.468,16.7028412,74.2405329
Maharashtra_Kolhapur_Acute Diarrhoeal Disease,Maharashtra,Kolhapur,Acute Diarrhoeal Disease,2016,42,47,0.02325286013,11.0,307.952,16.7028412,74.2405329
Maharashtra_Kolhapur_Acute Diarrhoeal Disease,Maharashtra,Kolhapur,Acute Diarrhoeal Disease,2017,26,25,0.2546117814,6.0,306.88,16.7028412,74.2405329
Maharashtra_Kolhapur_Acute Diarrhoeal Disease,Maharashtra,Kolhapur,Acute Diarrhoeal Disease,2017,30,41,0.2813078501,6.0,305.82,16.7028412,74.2405329
Maharashtra_Kolhapur_Acute Diarrhoeal Disease,Maharashtra,Kolhapur,Acute Diarrhoeal Disease,2017,39,107,0.717267795,5.0,304.32,16.7028412,74.2405329
Maharashtra_Kolhapur_Acute Diarrhoeal Disease,Maharashtra,Kolhapur,Acute Diarrhoeal Disease,2018,25,45,0.3794355528,5.0,307.3,16.7028412,74.2405329
Maharashtra_Kolhapur_Acute Diarrhoeal Disease,Maharashtra,Kolhapur,Acute Diarrhoeal Disease,2018,44,34,6.84e-05,9.0,307.64,16.7028412,74.2405329
Maharashtra_Kolhapur_Acute Diarrhoeal Disease,Maharashtra,Kolhapur,Acute Diarrhoeal Disease,2018,47,71,0.02303284138,9.0,306.264,16.7028412,74.2405329
Maharashtra_Kolhapur_Acute Diarrhoeal Disease,Maharashtra,Kolhapur,Acute Diarrhoeal Disease,2019,49,24,0.0006813859733,9.0,305.04400000000004,16.7028412,74.2405329
Maharashtra_Kolhapur_Acute Diarrhoeal Disease,Maharashtra,Kolhapur,Acute Diarrhoeal Disease,2020,7,56,0.000195932962,7.0,306.4766666,16.7028412,74.2405329
Maharashtra_Kolhapur_Acute Diarrhoeal Disease,Maharashtra,Kolhapur,Acute Diarrhoeal Disease,2020,17,607,0.1258905428,9.0,313.0666666,16.7028412,74.2405329
Maharashtra_Kolhapur_Acute Diarrhoeal Disease,Maharashtra,Kolhapur,Acute Diarrhoeal Disease,2020,26,39,0.9839975072,7.0,303.11,16.7028412,74.2405329
Maharashtra_Kolhapur_Acute Diarrhoeal Disease,Maharashtra,Kolhapur,Acute Diarrhoeal Disease,2020,52,72,6.87e-05,9.0,302.94,16.7028412,74.2405329
Maharashtra_Kolhapur_Acute Diarrhoeal Disease,Maharashtra,Kolhapur,Acute Diarrhoeal Disease,2021,32,215,0.1976845208,5.0,298.38,16.7028412,74.2405329
Maharashtra_Kolhapur_Acute Diarrhoeal Disease,Maharashtra,Kolhapur,Acute Diarrhoeal Disease,2021,43,103,0.008330392193,12.0,307.0233334,16.7028412,74.2405329
Maharashtra_Kolhapur_Acute Diarrhoeal Disease,Maharashtra,Kolhapur,Acute Diarrhoeal Disease,2021,49,29,0.1320448381,11.0,301.65500000000003,16.7028412,74.2405329
Maharashtra_Kolhapur_Acute Diarrhoeal Disease,Maharashtra,Kolhapur,Acute Diarrhoeal Disease,2021,51,12,0.003727146173,10.0,301.98,16.7028412,74.2405329
Maharashtra_Nagpur_Acute Diarrhoeal Disease,Maharashtra,Nagpur,Acute Diarrhoeal Disease,2010,10,81,0.02901093857,9.0,306.156,21.1498134,79.0820556
Maharashtra_Nagpur_Acute Diarrhoeal Disease,Maharashtra,Nagpur,Acute Diarrhoeal Disease,2010,42,115,2.37e-05,4.0,314.42,21.1498134,79.0820556
Maharashtra_Nagpur_Acute Diarrhoeal Disease,Maharashtra,Nagpur,Acute Diarrhoeal Disease,2012,36,40,0.2691498959,9.0,302.21,21.1498134,79.0820556
Maharashtra_Nagpur_Acute Diarrhoeal Disease,Maharashtra,Nagpur,Acute Diarrhoeal Disease,2014,4,71,0.01786249689,7.0,301.865,21.1498134,79.0820556
Maharashtra_Nagpur_Acute Diarrhoeal Disease,Maharashtra,Nagpur,Acute Diarrhoeal Disease,2014,24,14,0.0005298417508,9.0,320.46,21.1498134,79.0820556
Maharashtra_Nagpur_Acute Diarrhoeal Disease,Maharashtra,Nagpur,Acute Diarrhoeal Disease,2015,20,45,0.04343424485,4.0,317.052,21.1498134,79.0820556
Maharashtra_Nagpur_Acute Diarrhoeal Disease,Maharashtra,Nagpur,Acute Diarrhoeal Disease,2015,22,21,5.66e-05,4.0,322.78400000000005,21.1498134,79.0820556
Maharashtra_Nagpur_Acute Diarrhoeal Disease,Maharashtra,Nagpur,Acute Diarrhoeal Disease,2015,24,110,0.020987974490000002,3.3333333333333335,318.1884444666667,21.1498134,79.0820556
Maharashtra_Nagpur_Acute Diarrhoeal Disease,Maharashtra,Nagpur,Acute Diarrhoeal Disease,2015,26,16,0.6206740578,4.0,316.4666666,21.1498134,79.0820556
Maharashtra_Nagpur_Acute Diarrhoeal Disease,Maharashtra,Nagpur,Acute Diarrhoeal Disease,2015,35,31,0.2609805844,9.0,302.81,21.1498134,79.0820556
Maharashtra_Nagpur_Acute Diarrhoeal Disease,Maharashtra,Nagpur,Acute Diarrhoeal Disease,2016,11,15,0.06843597796,6.0,310.3766666,21.1498134,79.0820556
Maharashtra_Nagpur_Acute Diarrhoeal Disease,Maharashtra,Nagpur,Acute Diarrhoeal Disease,2016,19,55,0.05115920193,4.0,317.148,21.1498134,79.0820556
Maharashtra_Nagpur_Acute Diarrhoeal Disease,Maharashtra,Nagpur,Acute Diarrhoeal Disease,2016,21,194,0.002984117905,4.0,319.585,21.1498134,79.0820556
Maharashtra_Nagpur_Acute Diarrhoeal Disease,Maharashtra,Nagpur,Acute Diarrhoeal Disease,2016,22,208,4.87e-05,9.0,318.76,21.1498134,79.0820556
Maharashtra_Nagpur_Acute Diarrhoeal Disease,Maharashtra,Nagpur,Acute Diarrhoeal Disease,2016,25,16,8.08e-05,9.0,320.0833334,21.1498134,79.0820556
Maharashtra_Nagpur_Acute Diarrhoeal Disease,Maharashtra,Nagpur,Acute Diarrhoeal Disease,2017,26,100,0.1215240349,6.0,314.27,21.1498134,79.0820556
Maharashtra_Nagpur_Acute Diarrhoeal Disease,Maharashtra,Nagpur,Acute Diarrhoeal Disease,2017,45,27,0.001420990557,9.0,303.7966666,21.1498134,79.0820556
Maharashtra_Nagpur_Acute Diarrhoeal Disease,Maharashtra,Nagpur,Acute Diarrhoeal Disease,2018,46,89,1.83098139225,6.0,303.11,21.1498134,79.0820556
Maharashtra_Nagpur_Acute Diarrhoeal Disease,Maharashtra,Nagpur,Acute Diarrhoeal Disease,2018,50,91,9.5e-06,8.0,306.54,21.1498134,79.0820556
Maharashtra_Nagpur_Acute Diarrhoeal Disease,Maharashtra,Nagpur,Acute Diarrhoeal Disease,2019,32,12,1.345001103,9.0,303.11,21.1498134,79.0820556
Maharashtra_Nagpur_Acute Diarrhoeal Disease,Maharashtra,Nagpur,Acute Diarrhoeal Disease,2019,43,15,1.141478572,10.0,303.11,21.1498134,79.0820556
Maharashtra_Nagpur_Acute Diarrhoeal Disease,Maharashtra,Nagpur,Acute Diarrhoeal Disease,2022,22,41,0.03655443505,9.0,313.49333340000004,21.1498134,79.0820556
Maharashtra_Nagpur_Acute Diarrhoeal Disease,Maharashtra,Nagpur,Acute Diarrhoeal Disease,2022,24,47,0.1443727443,3.0,317.6,21.1498134,79.0820556
Maharashtra_Nanded_Acute Diarrhoeal Disease,Maharashtra,Nanded,Acute Diarrhoeal Disease,2010,10,20,5.7e-05,5.0,315.272,19.09400875,77.48319215
Maharashtra_Nanded_Acute Diarrhoeal Disease,Maharashtra,Nanded,Acute Diarrhoeal Disease,2010,19,18,0.039374373,3.0,320.725,19.09400875,77.48319215
Maharashtra_Nanded_Acute Diarrhoeal Disease,Maharashtra,Nanded,Acute Diarrhoeal Disease,2011,36,83,0.33677615935,9.5,302.485,19.09400875,77.48319215
Maharashtra_Nanded_Acute Diarrhoeal Disease,Maharashtra,Nanded,Acute Diarrhoeal Disease,2012,12,23,0.0005249597183,9.0,309.552,19.09400875,77.48319215
Maharashtra_Nanded_Acute Diarrhoeal Disease,Maharashtra,Nanded,Acute Diarrhoeal Disease,2012,31,27,0.4234094014,4.0,302.84000000000003,19.09400875,77.48319215
Maharashtra_Nanded_Acute Diarrhoeal Disease,Maharashtra,Nanded,Acute Diarrhoeal Disease,2012,33,20,0.5139689463,9.0,300.16,19.09400875,77.48319215
Maharashtra_Nanded_Acute Diarrhoeal Disease,Maharashtra,Nanded,Acute Diarrhoeal Disease,2012,35,224,0.6385518735,8.0,301.635,19.09400875,77.48319215
Maharashtra_Nanded_Acute Diarrhoeal Disease,Maharashtra,Nanded,Acute Diarrhoeal Disease,2012,37,25,0.1454081973,9.0,300.92,19.09400875,77.48319215
Maharashtra_Nanded_Acute Diarrhoeal Disease,Maharashtra,Nanded,Acute Diarrhoeal Disease,2013,19,23,0.003998651033,5.0,321.1766666,19.09400875,77.48319215
Maharashtra_Nanded_Acute Diarrhoeal Disease,Maharashtra,Nanded,Acute Diarrhoeal Disease,2013,46,18,6.08e-05,12.0,302.9466666,19.09400875,77.48319215
Maharashtra_Nanded_Acute Diarrhoeal Disease,Maharashtra,Nanded,Acute Diarrhoeal Disease,2015,30,41,0.02150634836,5.0,317.24,19.09400875,77.48319215
Maharashtra_Nanded_Acute Diarrhoeal Disease,Maharashtra,Nanded,Acute Diarrhoeal Disease,2015,40,38,0.5751277429,9.0,304.46500000000003,19.09400875,77.48319215
Maharashtra_Nanded_Acute Diarrhoeal Disease,Maharashtra,Nanded,Acute Diarrhoeal Disease,2016,3,40,2.19e-05,9.0,307.288,19.09400875,77.48319215
Maharashtra_Nanded_Acute Diarrhoeal Disease,Maharashtra,Nanded,Acute Diarrhoeal Disease,2018,20,56,5.65e-05,4.0,321.8933334,19.09400875,77.48319215
Maharashtra_Nanded_Acute Diarrhoeal Disease,Maharashtra,Nanded,Acute Diarrhoeal Disease,2018,22,34,0.01594669936,9.0,316.344,19.09400875,77.48319215
Maharashtra_Nanded_Acute Diarrhoeal Disease,Maharashtra,Nanded,Acute Diarrhoeal Disease,2018,24,38,0.09510552106,4.0,314.08,19.09400875,77.48319215
Maharashtra_Nashik_Acute Diarrhoeal Disease,Maharashtra,Nashik,Acute Diarrhoeal Disease,2010,20,102,0.003804857854,6.0,319.752,20.0112475,73.7902364
Maharashtra_Nashik_Acute Diarrhoeal Disease,Maharashtra,Nashik,Acute Diarrhoeal Disease,2010,23,126,0.1286181564,6.0,312.7833334,20.0112475,73.7902364
Maharashtra_Nashik_Acute Diarrhoeal Disease,Maharashtra,Nashik,Acute Diarrhoeal Disease,2010,26,235,1.424238524,9.0,306.62,20.0112475,73.7902364
Maharashtra_Nashik_Acute Diarrhoeal Disease,Maharashtra,Nashik,Acute Diarrhoeal Disease,2010,44,76,0.299518558,9.0,301.425,20.0112475,73.7902364
Maharashtra_Nashik_Acute Diarrhoeal Disease,Maharashtra,Nashik,Acute Diarrhoeal Disease,2011,20,57,0.003157393167,9.0,314.0233334,20.0112475,73.7902364
Maharashtra_Nashik_Acute Diarrhoeal Disease,Maharashtra,Nashik,Acute Diarrhoeal Disease,2011,23,126,0.5479577686,5.0,313.26,20.0112475,73.7902364
Maharashtra_Nashik_Acute Diarrhoeal Disease,Maharashtra,Nashik,Acute Diarrhoeal Disease,2011,38,31,0.3402822108,9.0,296.7066666,20.0112475,73.7902364
Maharashtra_Nashik_Acute Diarrhoeal Disease,Maharashtra,Nashik,Acute Diarrhoeal Disease,2011,39,31,0.3402822108,9.0,296.7066666,20.0112475,73.7902364
Maharashtra_Nashik_Acute Diarrhoeal Disease,Maharashtra,Nashik,Acute Diarrhoeal Disease,2011,44,117,0.2895619664,15.0,303.9666666,20.0112475,73.7902364
Maharashtra_Nashik_Acute Diarrhoeal Disease,Maharashtra,Nashik,Acute Diarrhoeal Disease,2012,13,90,8.84e-05,5.0,314.7833334,20.0112475,73.7902364
Maharashtra_Nashik_Acute Diarrhoeal Disease,Maharashtra,Nashik,Acute Diarrhoeal Disease,2012,27,82,0.2540485365,6.0,312.58,20.0112475,73.7902364
Maharashtra_Nashik_Acute Diarrhoeal Disease,Maharashtra,Nashik,Acute Diarrhoeal Disease,2012,40,46,0.1843024431,9.0,301.08,20.0112475,73.7902364
Maharashtra_Nashik_Acute Diarrhoeal Disease,Maharashtra,Nashik,Acute Diarrhoeal Disease,2012,41,12,0.7999218103,20.0,300.672,20.0112475,73.7902364
Maharashtra_Nashik_Acute Diarrhoeal Disease,Maharashtra,Nashik,Acute Diarrhoeal Disease,2013,30,62,1.402063445,9.0,303.11,20.0112475,73.7902364
Maharashtra_Nashik_Acute Diarrhoeal Disease,Maharashtra,Nashik,Acute Diarrhoeal Disease,2014,37,158,1.064333115,10.0,297.25,20.0112475,73.7902364
Maharashtra_Nashik_Acute Diarrhoeal Disease,Maharashtra,Nashik,Acute Diarrhoeal Disease,2015,29,71,0.3793102943,8.0,302.46500000000003,20.0112475,73.7902364
Maharashtra_Nashik_Acute Diarrhoeal Disease,Maharashtra,Nashik,Acute Diarrhoeal Disease,2016,21,409,0.02762493964,5.0,310.56,20.0112475,73.7902364
Maharashtra_Nashik_Acute Diarrhoeal Disease,Maharashtra,Nashik,Acute Diarrhoeal Disease,2016,23,158,0.07884598639,5.0,312.91200000000003,20.0112475,73.7902364
Maharashtra_Nashik_Acute Diarrhoeal Disease,Maharashtra,Nashik,Acute Diarrhoeal Disease,2016,28,87,1.1268116283,1.0,303.11,20.0112475,73.7902364
Maharashtra_Nashik_Acute Diarrhoeal Disease,Maharashtra,Nashik,Acute Diarrhoeal Disease,2016,29,68,0.05533802627,5.0,310.24333340000004,20.0112475,73.7902364
Maharashtra_Nashik_Acute Diarrhoeal Disease,Maharashtra,Nashik,Acute Diarrhoeal Disease,2017,39,33,0.7303078924,9.0,297.77500000000003,20.0112475,73.7902364
Maharashtra_Nashik_Acute Diarrhoeal Disease,Maharashtra,Nashik,Acute Diarrhoeal Disease,2017,47,251,3.38e-05,9.0,303.2033334,20.0112475,73.7902364
Maharashtra_Nashik_Acute Diarrhoeal Disease,Maharashtra,Nashik,Acute Diarrhoeal Disease,2018,27,75,1.073003287,2.0,304.89,20.0112475,73.7902364
Maharashtra_Nashik_Acute Diarrhoeal Disease,Maharashtra,Nashik,Acute Diarrhoeal Disease,2018,28,61,1.0244537,2.0,301.68,20.0112475,73.7902364
Maharashtra_Osmanabad_Acute Diarrhoeal Disease,Maharashtra,Osmanabad,Acute Diarrhoeal Disease,2009,1,23,0.01311970328,7.0,306.396,18.16984395,76.11796321
Maharashtra_Osmanabad_Acute Diarrhoeal Disease,Maharashtra,Osmanabad,Acute Diarrhoeal Disease,2011,42,27,0.2650476673,9.0,308.755,18.16984395,76.11796321
Maharashtra_Osmanabad_Acute Diarrhoeal Disease,Maharashtra,Osmanabad,Acute Diarrhoeal Disease,2012,49,65,0.001327137461,7.0,307.72,18.16984395,76.11796321
Maharashtra_Osmanabad_Acute Diarrhoeal Disease,Maharashtra,Osmanabad,Acute Diarrhoeal Disease,2012,50,102,0.01367871891,7.0,305.372,18.16984395,76.11796321
Maharashtra_Osmanabad_Acute Diarrhoeal Disease,Maharashtra,Osmanabad,Acute Diarrhoeal Disease,2013,32,16,1.102604394,5.0,303.11,18.16984395,76.11796321
Maharashtra_Osmanabad_Acute Diarrhoeal Disease,Maharashtra,Osmanabad,Acute Diarrhoeal Disease,2014,29,37,1.296024763,2.0,303.11,18.16984395,76.11796321
Maharashtra_Osmanabad_Acute Diarrhoeal Disease,Maharashtra,Osmanabad,Acute Diarrhoeal Disease,2014,30,37,0.4879185385,4.0,308.48,18.16984395,76.11796321
Maharashtra_Osmanabad_Acute Diarrhoeal Disease,Maharashtra,Osmanabad,Acute Diarrhoeal Disease,2016,23,55,0.05239834333,1.0,319.288,18.16984395,76.11796321
Maharashtra_Osmanabad_Acute Diarrhoeal Disease,Maharashtra,Osmanabad,Acute Diarrhoeal Disease,2016,40,31,0.3776196185,12.0,302.81,18.16984395,76.11796321
Maharashtra_Osmanabad_Acute Diarrhoeal Disease,Maharashtra,Osmanabad,Acute Diarrhoeal Disease,2017,25,368,0.4001070088,3.0,308.22,18.16984395,76.11796321
Maharashtra_Parbhani_Acute Diarrhoeal Disease,Maharashtra,Parbhani,Acute Diarrhoeal Disease,2010,28,61,2.304096889,2.0,303.56,19.29031365,76.60290343
Maharashtra_Parbhani_Acute Diarrhoeal Disease,Maharashtra,Parbhani,Acute Diarrhoeal Disease,2010,30,39,0.3678758775,9.0,305.39,19.29031365,76.60290343
Maharashtra_Parbhani_Acute Diarrhoeal Disease,Maharashtra,Parbhani,Acute Diarrhoeal Disease,2010,31,31,0.3396397973,4.0,306.43,19.29031365,76.60290343
Maharashtra_Parbhani_Acute Diarrhoeal Disease,Maharashtra,Parbhani,Acute Diarrhoeal Disease,2010,34,33,0.9712524736,3.0,303.11,19.29031365,76.60290343
Maharashtra_Parbhani_Acute Diarrhoeal Disease,Maharashtra,Parbhani,Acute Diarrhoeal Disease,2012,37,14,0.1991568221,9.0,302.61,19.29031365,76.60290343
Maharashtra_Parbhani_Acute Diarrhoeal Disease,Maharashtra,Parbhani,Acute Diarrhoeal Disease,2013,28,59,0.2134294921,2.0,303.11,19.29031365,76.60290343
Maharashtra_Parbhani_Acute Diarrhoeal Disease,Maharashtra,Parbhani,Acute Diarrhoeal Disease,2014,10,47,0.112009218,7.0,307.0,19.29031365,76.60290343
Maharashtra_Parbhani_Acute Diarrhoeal Disease,Maharashtra,Parbhani,Acute Diarrhoeal Disease,2014,46,32,0.08710501478,8.0,308.6,19.29031365,76.60290343
Maharashtra_Parbhani_Acute Diarrhoeal Disease,Maharashtra,Parbhani,Acute Diarrhoeal Disease,2015,16,24,0.3435382668,4.0,311.948,19.29031365,76.60290343
Maharashtra_Parbhani_Acute Diarrhoeal Disease,Maharashtra,Parbhani,Acute Diarrhoeal Disease,2016,18,25,0.05332568989,3.0,326.3,19.29031365,76.60290343
Maharashtra_Parbhani_Acute Diarrhoeal Disease,Maharashtra,Parbhani,Acute Diarrhoeal Disease,2016,19,127,0.06057607148,3.0,323.47,19.29031365,76.60290343
Maharashtra_Parbhani_Acute Diarrhoeal Disease,Maharashtra,Parbhani,Acute Diarrhoeal Disease,2018,23,35,0.1153558791,2.0,316.94,19.29031365,76.60290343
Maharashtra_Parbhani_Acute Diarrhoeal Disease,Maharashtra,Parbhani,Acute Diarrhoeal Disease,2020,53,66,0.06249646935,18.0,304.355,19.29031365,76.60290343
Maharashtra_Pune_Acute Diarrhoeal Disease,Maharashtra,Pune,Acute Diarrhoeal Disease,2010,13,131,4.61e-05,9.0,311.57,18.521428,73.8544541
Maharashtra_Pune_Acute Diarrhoeal Disease,Maharashtra,Pune,Acute Diarrhoeal Disease,2011,22,141,0.06051123648,5.0,312.2033334,18.521428,73.8544541
Maharashtra_Pune_Acute Diarrhoeal Disease,Maharashtra,Pune,Acute Diarrhoeal Disease,2011,26,311,0.5102087662,4.0,300.08,18.521428,73.8544541
Maharashtra_Pune_Acute Diarrhoeal Disease,Maharashtra,Pune,Acute Diarrhoeal Disease,2013,12,75,6.8e-05,5.0,315.1733334,18.521428,73.8544541
Maharashtra_Pune_Acute Diarrhoeal Disease,Maharashtra,Pune,Acute Diarrhoeal Disease,2013,43,50,0.1200245707,9.0,302.57,18.521428,73.8544541
Maharashtra_Pune_Acute Diarrhoeal Disease,Maharashtra,Pune,Acute Diarrhoeal Disease,2014,36,36,1.062114181,11.0,303.08,18.521428,73.8544541
Maharashtra_Pune_Acute Diarrhoeal Disease,Maharashtra,Pune,Acute Diarrhoeal Disease,2015,17,62,0.047574562495,7.0,309.2333334,18.521428,73.8544541
Maharashtra_Pune_Acute Diarrhoeal Disease,Maharashtra,Pune,Acute Diarrhoeal Disease,2015,23,10,0.09445700622,7.0,316.144,18.521428,73.8544541
Maharashtra_Pune_Acute Diarrhoeal Disease,Maharashtra,Pune,Acute Diarrhoeal Disease,2015,30,154,1.529572784,9.0,303.11,18.521428,73.8544541
Maharashtra_Pune_Acute Diarrhoeal Disease,Maharashtra,Pune,Acute Diarrhoeal Disease,2015,44,71,0.3250045805,9.5,302.4675,18.521428,73.8544541
Maharashtra_Pune_Acute Diarrhoeal Disease,Maharashtra,Pune,Acute Diarrhoeal Disease,2015,48,65,0.004464526676,12.0,305.125,18.521428,73.8544541
Maharashtra_Pune_Acute Diarrhoeal Disease,Maharashtra,Pune,Acute Diarrhoeal Disease,2016,23,32,0.08374067469,9.0,311.656,18.521428,73.8544541
Maharashtra_Pune_Acute Diarrhoeal Disease,Maharashtra,Pune,Acute Diarrhoeal Disease,2019,40,45,1.012672241,9.0,301.04,18.521428,73.8544541
Maharashtra_Pune_Acute Diarrhoeal Disease,Maharashtra,Pune,Acute Diarrhoeal Disease,2022,22,97,0.009360110755,6.0,310.9133334,18.521428,73.8544541
Maharashtra_Raigad_Acute Diarrhoeal Disease,Maharashtra,Raigad,Acute Diarrhoeal Disease,2010,27,12,0.5895926865,8.0,298.58,18.4928092,73.13807095
Maharashtra_Raigad_Acute Diarrhoeal Disease,Maharashtra,Raigad,Acute Diarrhoeal Disease,2010,42,12,0.723531365,9.0,300.80400000000003,18.4928092,73.13807095
Maharashtra_Raigad_Acute Diarrhoeal Disease,Maharashtra,Raigad,Acute Diarrhoeal Disease,2011,30,101,1.642483647,9.0,294.96,18.4928092,73.13807095
Maharashtra_Raigad_Acute Diarrhoeal Disease,Maharashtra,Raigad,Acute Diarrhoeal Disease,2011,32,29,3.780674599,9.0,303.11,18.4928092,73.13807095
Maharashtra_Raigad_Acute Diarrhoeal Disease,Maharashtra,Raigad,Acute Diarrhoeal Disease,2011,34,101,1.642483647,9.0,294.96,18.4928092,73.13807095
Maharashtra_Raigad_Acute Diarrhoeal Disease,Maharashtra,Raigad,Acute Diarrhoeal Disease,2011,42,89,0.5531600728,9.0,301.132,18.4928092,73.13807095
Maharashtra_Raigad_Acute Diarrhoeal Disease,Maharashtra,Raigad,Acute Diarrhoeal Disease,2011,50,27,0.04008321143,14.0,304.84000000000003,18.4928092,73.13807095
Maharashtra_Raigad_Acute Diarrhoeal Disease,Maharashtra,Raigad,Acute Diarrhoeal Disease,2012,8,18,9.47e-05,8.0,305.84000000000003,18.4928092,73.13807095
Maharashtra_Raigad_Acute Diarrhoeal Disease,Maharashtra,Raigad,Acute Diarrhoeal Disease,2012,28,59,1.448699344,7.0,303.11,18.4928092,73.13807095
Maharashtra_Raigad_Acute Diarrhoeal Disease,Maharashtra,Raigad,Acute Diarrhoeal Disease,2013,2,110,6.87e-05,9.0,303.4766666,18.4928092,73.13807095
Maharashtra_Raigad_Acute Diarrhoeal Disease,Maharashtra,Raigad,Acute Diarrhoeal Disease,2013,37,67,0.833964317,23.0,299.19,18.4928092,73.13807095
Maharashtra_Raigad_Acute Diarrhoeal Disease,Maharashtra,Raigad,Acute Diarrhoeal Disease,2014,1,49,0.08871151979,9.0,301.65000000000003,18.4928092,73.13807095
Maharashtra_Raigad_Acute Diarrhoeal Disease,Maharashtra,Raigad,Acute Diarrhoeal Disease,2014,3,49,0.08871151979,9.0,301.65000000000003,18.4928092,73.13807095
Maharashtra_Raigad_Acute Diarrhoeal Disease,Maharashtra,Raigad,Acute Diarrhoeal Disease,2016,47,33,0.00018983514565,21.0,303.673,18.4928092,73.13807095
Maharashtra_Raigad_Acute Diarrhoeal Disease,Maharashtra,Raigad,Acute Diarrhoeal Disease,2018,28,50,1.839173068,9.0,296.3,18.4928092,73.13807095
Maharashtra_Raigad_Acute Diarrhoeal Disease,Maharashtra,Raigad,Acute Diarrhoeal Disease,2019,22,53,0.003058341195,9.0,313.096,18.4928092,73.13807095
Maharashtra_Raigad_Acute Diarrhoeal Disease,Maharashtra,Raigad,Acute Diarrhoeal Disease,2019,42,32,1.857138872,19.0,298.57,18.4928092,73.13807095
Maharashtra_Ratnagiri_Acute Diarrhoeal Disease,Maharashtra,Ratnagiri,Acute Diarrhoeal Disease,2010,6,14,8.66e-05,9.0,306.204,17.2826079,73.4569787
Maharashtra_Ratnagiri_Acute Diarrhoeal Disease,Maharashtra,Ratnagiri,Acute Diarrhoeal Disease,2010,17,36,0.01240320211,9.0,310.06333340000003,17.2826079,73.4569787
Maharashtra_Ratnagiri_Acute Diarrhoeal Disease,Maharashtra,Ratnagiri,Acute Diarrhoeal Disease,2010,27,44,1.200794741,9.0,303.11,17.2826079,73.4569787
Maharashtra_Ratnagiri_Acute Diarrhoeal Disease,Maharashtra,Ratnagiri,Acute Diarrhoeal Disease,2010,39,7,2.05795466,15.0,299.2,17.2826079,73.4569787
Maharashtra_Ratnagiri_Acute Diarrhoeal Disease,Maharashtra,Ratnagiri,Acute Diarrhoeal Disease,2011,22,27,0.03939463256,9.0,307.845,17.2826079,73.4569787
Maharashtra_Ratnagiri_Acute Diarrhoeal Disease,Maharashtra,Ratnagiri,Acute Diarrhoeal Disease,2011,24,61,3.31889966,9.0,303.11,17.2826079,73.4569787
Maharashtra_Ratnagiri_Acute Diarrhoeal Disease,Maharashtra,Ratnagiri,Acute Diarrhoeal Disease,2012,39,22,0.4814278729,22.0,299.175,17.2826079,73.4569787
Maharashtra_Ratnagiri_Acute Diarrhoeal Disease,Maharashtra,Ratnagiri,Acute Diarrhoeal Disease,2012,42,15,1.267277546,31.0,301.74666659999997,17.2826079,73.4569787
Maharashtra_Ratnagiri_Acute Diarrhoeal Disease,Maharashtra,Ratnagiri,Acute Diarrhoeal Disease,2013,2,15,4.53e-05,13.0,303.764,17.2826079,73.4569787
Maharashtra_Ratnagiri_Acute Diarrhoeal Disease,Maharashtra,Ratnagiri,Acute Diarrhoeal Disease,2016,10,43,0.0008089942361,10.0,303.22,17.2826079,73.4569787
Maharashtra_Ratnagiri_Acute Diarrhoeal Disease,Maharashtra,Ratnagiri,Acute Diarrhoeal Disease,2016,47,25,0.0003980540511,23.0,305.2666666,17.2826079,73.4569787
Maharashtra_Ratnagiri_Acute Diarrhoeal Disease,Maharashtra,Ratnagiri,Acute Diarrhoeal Disease,2019,13,45,0.002829652269,9.0,310.1333334,17.2826079,73.4569787
Maharashtra_Ratnagiri_Acute Diarrhoeal Disease,Maharashtra,Ratnagiri,Acute Diarrhoeal Disease,2019,26,26,0.8088987118,9.0,303.75,17.2826079,73.4569787
Maharashtra_Sangli_Acute Diarrhoeal Disease,Maharashtra,Sangli,Acute Diarrhoeal Disease,2009,2,113,0.01937928842,7.0,302.6666666,17.1726928,74.58676543
Maharashtra_Sangli_Acute Diarrhoeal Disease,Maharashtra,Sangli,Acute Diarrhoeal Disease,2012,20,91,6.68e-05,6.0,315.932,17.1726928,74.58676543
Maharashtra_Sangli_Acute Diarrhoeal Disease,Maharashtra,Sangli,Acute Diarrhoeal Disease,2012,21,26,0.1345767349,6.0,316.564,17.1726928,74.58676543
Maharashtra_Sangli_Acute Diarrhoeal Disease,Maharashtra,Sangli,Acute Diarrhoeal Disease,2013,19,121,0.01163447596,6.0,317.98,17.1726928,74.58676543
Maharashtra_Sangli_Acute Diarrhoeal Disease,Maharashtra,Sangli,Acute Diarrhoeal Disease,2013,21,95,0.002632427695,5.0,319.584,17.1726928,74.58676543
Maharashtra_Sangli_Acute Diarrhoeal Disease,Maharashtra,Sangli,Acute Diarrhoeal Disease,2014,35,50,0.5778216892,12.0,303.32,17.1726928,74.58676543
Maharashtra_Sangli_Acute Diarrhoeal Disease,Maharashtra,Sangli,Acute Diarrhoeal Disease,2014,46,51,0.007838094787,9.0,302.1266666,17.1726928,74.58676543
Maharashtra_Sangli_Acute Diarrhoeal Disease,Maharashtra,Sangli,Acute Diarrhoeal Disease,2014,48,40,0.02274543003,11.0,302.3,17.1726928,74.58676543
Maharashtra_Sangli_Acute Diarrhoeal Disease,Maharashtra,Sangli,Acute Diarrhoeal Disease,2015,3,97,0.04524913359,8.0,301.89,17.1726928,74.58676543
Maharashtra_Sangli_Acute Diarrhoeal Disease,Maharashtra,Sangli,Acute Diarrhoeal Disease,2015,15,65,0.005531981028,9.0,309.0933334,17.1726928,74.58676543
Maharashtra_Sangli_Acute Diarrhoeal Disease,Maharashtra,Sangli,Acute Diarrhoeal Disease,2015,19,100,0.00036372122695000004,7.0,316.1383333,17.1726928,74.58676543
Maharashtra_Sangli_Acute Diarrhoeal Disease,Maharashtra,Sangli,Acute Diarrhoeal Disease,2015,27,57,0.07099890322,9.0,303.4066666,17.1726928,74.58676543
Maharashtra_Sangli_Acute Diarrhoeal Disease,Maharashtra,Sangli,Acute Diarrhoeal Disease,2016,25,68,0.02758685536,6.0,313.13599999999997,17.1726928,74.58676543
Maharashtra_Sangli_Acute Diarrhoeal Disease,Maharashtra,Sangli,Acute Diarrhoeal Disease,2017,36,40,0.225798301,16.0,298.975,17.1726928,74.58676543
Maharashtra_Sangli_Acute Diarrhoeal Disease,Maharashtra,Sangli,Acute Diarrhoeal Disease,2017,40,19,0.3238745326,18.0,302.74,17.1726928,74.58676543
Maharashtra_Sangli_Acute Diarrhoeal Disease,Maharashtra,Sangli,Acute Diarrhoeal Disease,2017,51,53,7.08e-05,9.0,303.904,17.1726928,74.58676543
Maharashtra_Sangli_Acute Diarrhoeal Disease,Maharashtra,Sangli,Acute Diarrhoeal Disease,2018,17,47,0.04937744584,6.0,313.9266666,17.1726928,74.58676543
Maharashtra_Sangli_Acute Diarrhoeal Disease,Maharashtra,Sangli,Acute Diarrhoeal Disease,2018,44,17,0.1624665616,9.0,300.192,17.1726928,74.58676543
Maharashtra_Sangli_Acute Diarrhoeal Disease,Maharashtra,Sangli,Acute Diarrhoeal Disease,2019,25,58,0.1024741058,6.0,303.785,17.1726928,74.58676543
Maharashtra_Sangli_Acute Diarrhoeal Disease,Maharashtra,Sangli,Acute Diarrhoeal Disease,2019,45,67,0.5456271629,9.0,300.62,17.1726928,74.58676543
Maharashtra_Satara_Acute Diarrhoeal Disease,Maharashtra,Satara,Acute Diarrhoeal Disease,2012,11,104,5.56e-05,3.0,316.94333340000003,17.63612885,74.29827808
Maharashtra_Satara_Acute Diarrhoeal Disease,Maharashtra,Satara,Acute Diarrhoeal Disease,2012,18,26,0.08421699515,3.0,317.348,17.63612885,74.29827808
Maharashtra_Satara_Acute Diarrhoeal Disease,Maharashtra,Satara,Acute Diarrhoeal Disease,2012,19,141,4.39e-05,9.0,317.468,17.63612885,74.29827808
Maharashtra_Satara_Acute Diarrhoeal Disease,Maharashtra,Satara,Acute Diarrhoeal Disease,2012,45,18,0.01435343425,9.0,309.348,17.63612885,74.29827808
Maharashtra_Satara_Acute Diarrhoeal Disease,Maharashtra,Satara,Acute Diarrhoeal Disease,2013,39,25,0.9205670216,8.0,305.0466666,17.63612885,74.29827808
Maharashtra_Satara_Acute Diarrhoeal Disease,Maharashtra,Satara,Acute Diarrhoeal Disease,2013,50,202,0.12851803500575001,9.0,306.42861113333333,17.63612885,74.29827808
Maharashtra_Satara_Acute Diarrhoeal Disease,Maharashtra,Satara,Acute Diarrhoeal Disease,2014,19,22,0.02217864855,4.0,316.3,17.63612885,74.29827808
Maharashtra_Satara_Acute Diarrhoeal Disease,Maharashtra,Satara,Acute Diarrhoeal Disease,2014,24,11,0.3485634345,5.0,311.045,17.63612885,74.29827808
Maharashtra_Satara_Acute Diarrhoeal Disease,Maharashtra,Satara,Acute Diarrhoeal Disease,2015,6,22,0.0002915643657,6.0,304.26,17.63612885,74.29827808
Maharashtra_Satara_Acute Diarrhoeal Disease,Maharashtra,Satara,Acute Diarrhoeal Disease,2015,29,56,0.08393104038,7.0,304.876,17.63612885,74.29827808
Maharashtra_Satara_Acute Diarrhoeal Disease,Maharashtra,Satara,Acute Diarrhoeal Disease,2017,18,71,0.0008892755354,4.0,321.63599999999997,17.63612885,74.29827808
Maharashtra_Satara_Acute Diarrhoeal Disease,Maharashtra,Satara,Acute Diarrhoeal Disease,2018,21,88,0.01421115729,4.0,319.172,17.63612885,74.29827808
Maharashtra_Satara_Acute Diarrhoeal Disease,Maharashtra,Satara,Acute Diarrhoeal Disease,2020,52,116,0.0006041071017,7.0,303.46,17.63612885,74.29827808
Maharashtra_Satara_Acute Diarrhoeal Disease,Maharashtra,Satara,Acute Diarrhoeal Disease,2021,12,80,0.002590515235,9.0,313.772,17.63612885,74.29827808
Maharashtra_Thane_Acute Diarrhoeal Disease,Maharashtra,Thane,Acute Diarrhoeal Disease,2009,40,13,0.4793444029,9.0,300.708,19.1943294,72.9701779
Maharashtra_Thane_Acute Diarrhoeal Disease,Maharashtra,Thane,Acute Diarrhoeal Disease,2010,2,17,0.0001655363444,12.0,301.324,19.1943294,72.9701779
Maharashtra_Thane_Acute Diarrhoeal Disease,Maharashtra,Thane,Acute Diarrhoeal Disease,2010,38,66,1.0763742874,13.0,300.78,19.1943294,72.9701779
Maharashtra_Thane_Acute Diarrhoeal Disease,Maharashtra,Thane,Acute Diarrhoeal Disease,2010,44,38,0.8108660347,14.0,299.1533334,19.1943294,72.9701779
Maharashtra_Thane_Acute Diarrhoeal Disease,Maharashtra,Thane,Acute Diarrhoeal Disease,2010,47,42,0.1680233347,21.0,300.6966666,19.1943294,72.9701779
Maharashtra_Thane_Acute Diarrhoeal Disease,Maharashtra,Thane,Acute Diarrhoeal Disease,2011,24,37,2.912180594,5.0,304.2,19.1943294,72.9701779
Maharashtra_Thane_Acute Diarrhoeal Disease,Maharashtra,Thane,Acute Diarrhoeal Disease,2011,28,45,1.7879052185000002,3.0,301.625,19.1943294,72.9701779
Maharashtra_Thane_Acute Diarrhoeal Disease,Maharashtra,Thane,Acute Diarrhoeal Disease,2011,39,11,0.2105254139,26.0,298.485,19.1943294,72.9701779
Maharashtra_Thane_Acute Diarrhoeal Disease,Maharashtra,Thane,Acute Diarrhoeal Disease,2012,31,20,1.136045968,5.0,303.11,19.1943294,72.9701779
Maharashtra_Thane_Acute Diarrhoeal Disease,Maharashtra,Thane,Acute Diarrhoeal Disease,2012,37,26,0.8231801478,4.0,301.0,19.1943294,72.9701779
Maharashtra_Thane_Acute Diarrhoeal Disease,Maharashtra,Thane,Acute Diarrhoeal Disease,2012,44,18,0.04724591337,9.0,303.612,19.1943294,72.9701779
Maharashtra_Thane_Acute Diarrhoeal Disease,Maharashtra,Thane,Acute Diarrhoeal Disease,2013,31,20,2.746087554,7.0,303.11,19.1943294,72.9701779
Maharashtra_Thane_Acute Diarrhoeal Disease,Maharashtra,Thane,Acute Diarrhoeal Disease,2013,42,42,0.31374256735,19.5,298.865,19.1943294,72.9701779
Maharashtra_Thane_Acute Diarrhoeal Disease,Maharashtra,Thane,Acute Diarrhoeal Disease,2013,47,14,0.0002849690279,16.0,302.86,19.1943294,72.9701779
Maharashtra_Thane_Acute Diarrhoeal Disease,Maharashtra,Thane,Acute Diarrhoeal Disease,2014,45,388,0.05834864708,17.0,304.84000000000003,19.1943294,72.9701779
Maharashtra_Thane_Acute Diarrhoeal Disease,Maharashtra,Thane,Acute Diarrhoeal Disease,2015,8,45,8.31e-05,7.0,311.276,19.1943294,72.9701779
Maharashtra_Thane_Acute Diarrhoeal Disease,Maharashtra,Thane,Acute Diarrhoeal Disease,2015,27,38,0.75721747905,11.0,301.6383333,19.1943294,72.9701779
Maharashtra_Thane_Acute Diarrhoeal Disease,Maharashtra,Thane,Acute Diarrhoeal Disease,2015,39,27,0.8165498895,29.0,299.68,19.1943294,72.9701779
Maharashtra_Thane_Acute Diarrhoeal Disease,Maharashtra,Thane,Acute Diarrhoeal Disease,2015,50,14,4.04e-05,14.0,305.088,19.1943294,72.9701779
Maharashtra_Thane_Acute Diarrhoeal Disease,Maharashtra,Thane,Acute Diarrhoeal Disease,2016,25,389,0.1076939772,6.0,312.46,19.1943294,72.9701779
Maharashtra_Thane_Acute Diarrhoeal Disease,Maharashtra,Thane,Acute Diarrhoeal Disease,2016,27,25,1.610617135,9.0,300.54,19.1943294,72.9701779
Maharashtra_Thane_Acute Diarrhoeal Disease,Maharashtra,Thane,Acute Diarrhoeal Disease,2016,29,36,0.7446004726,9.0,299.7,19.1943294,72.9701779
Maharashtra_Thane_Acute Diarrhoeal Disease,Maharashtra,Thane,Acute Diarrhoeal Disease,2018,44,30,0.08740005781,17.0,305.97,19.1943294,72.9701779
Maharashtra_Yavatmal_Acute Diarrhoeal Disease,Maharashtra,Yavatmal,Acute Diarrhoeal Disease,2011,32,3,0.6227914222,9.0,303.11,20.32570375,78.11691397
Maharashtra_Yavatmal_Acute Diarrhoeal Disease,Maharashtra,Yavatmal,Acute Diarrhoeal Disease,2012,18,19,0.0003987565128,3.0,324.428,20.32570375,78.11691397
Maharashtra_Yavatmal_Acute Diarrhoeal Disease,Maharashtra,Yavatmal,Acute Diarrhoeal Disease,2013,26,13,2.349035298,4.0,313.22,20.32570375,78.11691397
Maharashtra_Yavatmal_Acute Diarrhoeal Disease,Maharashtra,Yavatmal,Acute Diarrhoeal Disease,2013,28,26,2.074151107,3.0,303.11,20.32570375,78.11691397
Maharashtra_Yavatmal_Acute Diarrhoeal Disease,Maharashtra,Yavatmal,Acute Diarrhoeal Disease,2014,24,13,0.002039530443,3.0,320.14,20.32570375,78.11691397
Maharashtra_Yavatmal_Acute Diarrhoeal Disease,Maharashtra,Yavatmal,Acute Diarrhoeal Disease,2014,26,29,0.04908860659,9.0,317.33,20.32570375,78.11691397
Maharashtra_Yavatmal_Acute Diarrhoeal Disease,Maharashtra,Yavatmal,Acute Diarrhoeal Disease,2014,29,13,0.6203145699,4.0,303.11,20.32570375,78.11691397
Maharashtra_Yavatmal_Acute Diarrhoeal Disease,Maharashtra,Yavatmal,Acute Diarrhoeal Disease,2014,31,36,2.058495317,4.0,302.94,20.32570375,78.11691397
Maharashtra_Yavatmal_Acute Diarrhoeal Disease,Maharashtra,Yavatmal,Acute Diarrhoeal Disease,2015,25,10,0.1740159098,3.0,317.035,20.32570375,78.11691397
Maharashtra_Yavatmal_Acute Diarrhoeal Disease,Maharashtra,Yavatmal,Acute Diarrhoeal Disease,2015,26,58,0.5604884504,3.0,315.1066666,20.32570375,78.11691397
Maharashtra_Yavatmal_Acute Diarrhoeal Disease,Maharashtra,Yavatmal,Acute Diarrhoeal Disease,2015,27,15,0.8291251264,3.0,312.84000000000003,20.32570375,78.11691397
Maharashtra_Yavatmal_Acute Diarrhoeal Disease,Maharashtra,Yavatmal,Acute Diarrhoeal Disease,2015,28,11,3.608755405,3.0,303.11,20.32570375,78.11691397
Maharashtra_Yavatmal_Acute Diarrhoeal Disease,Maharashtra,Yavatmal,Acute Diarrhoeal Disease,2016,17,12,0.004241751111,9.0,324.6866666,20.32570375,78.11691397
Maharashtra_Yavatmal_Acute Diarrhoeal Disease,Maharashtra,Yavatmal,Acute Diarrhoeal Disease,2016,23,10,0.003747749167,2.0,319.7366666,20.32570375,78.11691397
Maharashtra_Yavatmal_Acute Diarrhoeal Disease,Maharashtra,Yavatmal,Acute Diarrhoeal Disease,2016,28,28,3.976915721,4.0,303.11,20.32570375,78.11691397
Maharashtra_Yavatmal_Acute Diarrhoeal Disease,Maharashtra,Yavatmal,Acute Diarrhoeal Disease,2016,31,5,0.8219405716,5.0,302.12,20.32570375,78.11691397
Maharashtra_Yavatmal_Acute Diarrhoeal Disease,Maharashtra,Yavatmal,Acute Diarrhoeal Disease,2016,35,10,0.08585386023,13.0,304.59000000000003,20.32570375,78.11691397
Maharashtra_Yavatmal_Acute Diarrhoeal Disease,Maharashtra,Yavatmal,Acute Diarrhoeal Disease,2016,37,21,0.1109686772,9.0,300.55,20.32570375,78.11691397
Maharashtra_Yavatmal_Acute Diarrhoeal Disease,Maharashtra,Yavatmal,Acute Diarrhoeal Disease,2018,18,6,5.27e-05,3.0,325.288,20.32570375,78.11691397
Maharashtra_Yavatmal_Acute Diarrhoeal Disease,Maharashtra,Yavatmal,Acute Diarrhoeal Disease,2018,29,15,3.103452802,9.0,303.11,20.32570375,78.11691397
Maharashtra_Yavatmal_Acute Diarrhoeal Disease,Maharashtra,Yavatmal,Acute Diarrhoeal Disease,2018,43,45,0.001045400082,12.0,306.7233334,20.32570375,78.11691397
Odisha_Angul_Acute Diarrhoeal Disease,Odisha,Angul,Acute Diarrhoeal Disease,2012,13,15,0.00103302346,10.0,308.244,20.8382426,85.0973949
Odisha_Angul_Acute Diarrhoeal Disease,Odisha,Angul,Acute Diarrhoeal Disease,2012,29,56,0.7375446873,9.0,302.16,20.8382426,85.0973949
Odisha_Angul_Acute Diarrhoeal Disease,Odisha,Angul,Acute Diarrhoeal Disease,2015,21,11,0.2688535281,13.0,307.5833334,20.8382426,85.0973949
Odisha_Angul_Acute Diarrhoeal Disease,Odisha,Angul,Acute Diarrhoeal Disease,2015,24,28,0.7398750288,9.0,303.11,20.8382426,85.0973949
Odisha_Angul_Acute Diarrhoeal Disease,Odisha,Angul,Acute Diarrhoeal Disease,2016,5,11,0.002582229118,9.0,302.65000000000003,20.8382426,85.0973949
Odisha_Angul_Acute Diarrhoeal Disease,Odisha,Angul,Acute Diarrhoeal Disease,2016,9,15,0.2796623121,8.0,301.8866666,20.8382426,85.0973949
Odisha_Angul_Acute Diarrhoeal Disease,Odisha,Angul,Acute Diarrhoeal Disease,2016,10,44,0.43118479235,8.0,301.46,20.8382426,85.0973949
Odisha_Angul_Acute Diarrhoeal Disease,Odisha,Angul,Acute Diarrhoeal Disease,2016,13,14,0.03501824232,12.0,308.1033334,20.8382426,85.0973949
Odisha_Angul_Acute Diarrhoeal Disease,Odisha,Angul,Acute Diarrhoeal Disease,2016,20,17,0.07235080712,9.0,311.476,20.8382426,85.0973949
Odisha_Angul_Acute Diarrhoeal Disease,Odisha,Angul,Acute Diarrhoeal Disease,2016,22,38,0.04249014706,14.0,307.2333334,20.8382426,85.0973949
Odisha_Angul_Acute Diarrhoeal Disease,Odisha,Angul,Acute Diarrhoeal Disease,2016,24,16,0.5049474974,14.0,307.65500000000003,20.8382426,85.0973949
Odisha_Angul_Acute Diarrhoeal Disease,Odisha,Angul,Acute Diarrhoeal Disease,2016,28,173,0.8012413571,8.0,284.48,20.8382426,85.0973949
Odisha_Angul_Acute Diarrhoeal Disease,Odisha,Angul,Acute Diarrhoeal Disease,2016,30,27,1.037714299,22.0,293.1,20.8382426,85.0973949
Odisha_Angul_Acute Diarrhoeal Disease,Odisha,Angul,Acute Diarrhoeal Disease,2016,46,13,0.0002377950375,9.0,301.024,20.8382426,85.0973949
Odisha_Angul_Acute Diarrhoeal Disease,Odisha,Angul,Acute Diarrhoeal Disease,2017,8,10,0.0002844856049,8.0,304.76,20.8382426,85.0973949
Odisha_Angul_Acute Diarrhoeal Disease,Odisha,Angul,Acute Diarrhoeal Disease,2019,6,14,5.94e-05,11.0,299.64,20.8382426,85.0973949
Odisha_Angul_Acute Diarrhoeal Disease,Odisha,Angul,Acute Diarrhoeal Disease,2019,24,8,0.4053507014,17.0,304.24666659999997,20.8382426,85.0973949
Odisha_Angul_Acute Diarrhoeal Disease,Odisha,Angul,Acute Diarrhoeal Disease,2019,28,14,2.743778799,5.0,287.04,20.8382426,85.0973949
Odisha_Angul_Acute Diarrhoeal Disease,Odisha,Angul,Acute Diarrhoeal Disease,2019,45,32,0.03743439854,23.0,300.768,20.8382426,85.0973949
Odisha_Balasore_Acute Diarrhoeal Disease,Odisha,Balasore,Acute Diarrhoeal Disease,2009,36,93,0.468034049,6.0,303.1,21.5002888,86.9202627
Odisha_Balasore_Acute Diarrhoeal Disease,Odisha,Balasore,Acute Diarrhoeal Disease,2009,41,30,0.1240680764,14.0,302.0833334,21.5002888,86.9202627
Odisha_Balasore_Acute Diarrhoeal Disease,Odisha,Balasore,Acute Diarrhoeal Disease,2011,44,85,0.01159805258,16.0,301.816,21.5002888,86.9202627
Odisha_Balasore_Acute Diarrhoeal Disease,Odisha,Balasore,Acute Diarrhoeal Disease,2012,29,28,0.9218556531,10.0,303.76,21.5002888,86.9202627
Odisha_Balasore_Acute Diarrhoeal Disease,Odisha,Balasore,Acute Diarrhoeal Disease,2014,26,17,1.765970552,4.0,308.82,21.5002888,86.9202627
Odisha_Balasore_Acute Diarrhoeal Disease,Odisha,Balasore,Acute Diarrhoeal Disease,2015,48,10,0.0002377126798,9.0,302.76,21.5002888,86.9202627
Odisha_Balasore_Acute Diarrhoeal Disease,Odisha,Balasore,Acute Diarrhoeal Disease,2019,33,35,0.6689835424,7.0,304.1533333,21.5002888,86.9202627
Odisha_Balasore_Acute Diarrhoeal Disease,Odisha,Balasore,Acute Diarrhoeal Disease,2019,34,18,3.3663224640000005,8.0,301.78499999999997,21.5002888,86.9202627
Odisha_Balasore_Acute Diarrhoeal Disease,Odisha,Balasore,Acute Diarrhoeal Disease,2019,48,14,5.82e-05,15.0,300.1566666,21.5002888,86.9202627
Odisha_Balasore_Acute Diarrhoeal Disease,Odisha,Balasore,Acute Diarrhoeal Disease,2020,37,6,0.5315676013,18.0,301.42400000000004,21.5002888,86.9202627
Odisha_Bargarh_Acute Diarrhoeal Disease,Odisha,Bargarh,Acute Diarrhoeal Disease,2009,31,76,5.293818651,9.0,300.98,21.3477634,83.65768299
Odisha_Bargarh_Acute Diarrhoeal Disease,Odisha,Bargarh,Acute Diarrhoeal Disease,2009,37,119,0.5239400168,14.0,301.62,21.3477634,83.65768299
Odisha_Bargarh_Acute Diarrhoeal Disease,Odisha,Bargarh,Acute Diarrhoeal Disease,2009,40,51,0.1957688529,17.0,301.31,21.3477634,83.65768299
Odisha_Bargarh_Acute Diarrhoeal Disease,Odisha,Bargarh,Acute Diarrhoeal Disease,2009,45,118,0.01136148284,18.0,301.4033334,21.3477634,83.65768299
Odisha_Bargarh_Acute Diarrhoeal Disease,Odisha,Bargarh,Acute Diarrhoeal Disease,2009,46,118,0.01136148284,18.0,301.4033334,21.3477634,83.65768299
Odisha_Bargarh_Acute Diarrhoeal Disease,Odisha,Bargarh,Acute Diarrhoeal Disease,2009,48,83,0.01708623678,18.0,301.80333340000004,21.3477634,83.65768299
Odisha_Bargarh_Acute Diarrhoeal Disease,Odisha,Bargarh,Acute Diarrhoeal Disease,2013,39,28,0.3964207375,16.0,301.0416667,21.3477634,83.65768299
Odisha_Bargarh_Acute Diarrhoeal Disease,Odisha,Bargarh,Acute Diarrhoeal Disease,2015,36,6,0.55682163,18.0,300.08,21.3477634,83.65768299
Odisha_Bargarh_Acute Diarrhoeal Disease,Odisha,Bargarh,Acute Diarrhoeal Disease,2015,37,19,0.2452482898,9.0,303.75333340000003,21.3477634,83.65768299
Odisha_Bargarh_Acute Diarrhoeal Disease,Odisha,Bargarh,Acute Diarrhoeal Disease,2015,49,17,8.51e-05,16.0,302.176,21.3477634,83.65768299
Odisha_Bargarh_Acute Diarrhoeal Disease,Odisha,Bargarh,Acute Diarrhoeal Disease,2016,38,58,0.2343972205,16.0,298.812,21.3477634,83.65768299
Odisha_Bargarh_Acute Diarrhoeal Disease,Odisha,Bargarh,Acute Diarrhoeal Disease,2021,46,28,0.05434392853,18.0,300.3,21.3477634,83.65768299
Odisha_Bolangir_Acute Diarrhoeal Disease,Odisha,Bolangir,Acute Diarrhoeal Disease,2009,44,28,5.63e-05,9.0,304.404,20.7502257,83.2499464
Odisha_Bolangir_Acute Diarrhoeal Disease,Odisha,Bolangir,Acute Diarrhoeal Disease,2009,47,73,0.1582881458,12.0,304.78000000000003,20.7502257,83.2499464
Odisha_Bolangir_Acute Diarrhoeal Disease,Odisha,Bolangir,Acute Diarrhoeal Disease,2011,30,25,0.7702000131,10.0,302.06,20.7502257,83.2499464
Odisha_Bolangir_Acute Diarrhoeal Disease,Odisha,Bolangir,Acute Diarrhoeal Disease,2016,35,21,0.3543965979,19.0,302.58,20.7502257,83.2499464
Odisha_Bolangir_Acute Diarrhoeal Disease,Odisha,Bolangir,Acute Diarrhoeal Disease,2017,7,24,3.96e-05,7.0,305.3533334,20.7502257,83.2499464
Odisha_Bolangir_Acute Diarrhoeal Disease,Odisha,Bolangir,Acute Diarrhoeal Disease,2017,21,19,0.03849393439,6.0,318.55333340000004,20.7502257,83.2499464
Odisha_Bolangir_Acute Diarrhoeal Disease,Odisha,Bolangir,Acute Diarrhoeal Disease,2017,22,5,0.03146495095,7.0,318.1966666,20.7502257,83.2499464
Odisha_Bolangir_Acute Diarrhoeal Disease,Odisha,Bolangir,Acute Diarrhoeal Disease,2019,29,30,0.3999535134,14.0,303.92,20.7502257,83.2499464
Odisha_Bolangir_Acute Diarrhoeal Disease,Odisha,Bolangir,Acute Diarrhoeal Disease,2019,36,84,0.6819343329,9.0,300.96,20.7502257,83.2499464
Odisha_Bolangir_Acute Diarrhoeal Disease,Odisha,Bolangir,Acute Diarrhoeal Disease,2020,20,52,0.0104204501,11.0,310.056,20.7502257,83.2499464
Odisha_Dhenkanal_Acute Diarrhoeal Disease,Odisha,Dhenkanal,Acute Diarrhoeal Disease,2011,8,24,0.0002887690815,9.0,304.6066666,20.75,85.5
Odisha_Dhenkanal_Acute Diarrhoeal Disease,Odisha,Dhenkanal,Acute Diarrhoeal Disease,2011,13,10,0.008788776216,10.0,309.5,20.75,85.5
Odisha_Dhenkanal_Acute Diarrhoeal Disease,Odisha,Dhenkanal,Acute Diarrhoeal Disease,2011,45,35,5.82e-05,16.0,303.22400000000005,20.75,85.5
Odisha_Dhenkanal_Acute Diarrhoeal Disease,Odisha,Dhenkanal,Acute Diarrhoeal Disease,2012,10,13,0.002864224012,10.0,307.11333340000004,20.75,85.5
Odisha_Dhenkanal_Acute Diarrhoeal Disease,Odisha,Dhenkanal,Acute Diarrhoeal Disease,2012,17,5,0.04012482251,9.0,310.8766666,20.75,85.5
Odisha_Dhenkanal_Acute Diarrhoeal Disease,Odisha,Dhenkanal,Acute Diarrhoeal Disease,2012,21,10,0.01931445449,9.0,308.492,20.75,85.5
Odisha_Dhenkanal_Acute Diarrhoeal Disease,Odisha,Dhenkanal,Acute Diarrhoeal Disease,2013,17,27,0.005547986148,8.0,313.74333340000004,20.75,85.5
Odisha_Dhenkanal_Acute Diarrhoeal Disease,Odisha,Dhenkanal,Acute Diarrhoeal Disease,2013,26,13,1.067872922,6.0,296.4133334,20.75,85.5
Odisha_Dhenkanal_Acute Diarrhoeal Disease,Odisha,Dhenkanal,Acute Diarrhoeal Disease,2013,27,15,1.067872922,6.0,296.4133334,20.75,85.5
Odisha_Dhenkanal_Acute Diarrhoeal Disease,Odisha,Dhenkanal,Acute Diarrhoeal Disease,2013,41,33,0.776260245,15.5,301.4653333,20.75,85.5
Odisha_Dhenkanal_Acute Diarrhoeal Disease,Odisha,Dhenkanal,Acute Diarrhoeal Disease,2013,42,10,1.410740945,22.0,299.1266666,20.75,85.5
Odisha_Dhenkanal_Acute Diarrhoeal Disease,Odisha,Dhenkanal,Acute Diarrhoeal Disease,2013,43,23,0.8389040294,9.0,300.48,20.75,85.5
Odisha_Dhenkanal_Acute Diarrhoeal Disease,Odisha,Dhenkanal,Acute Diarrhoeal Disease,2016,25,20,0.4454927403,12.0,303.11,20.75,85.5
Odisha_Dhenkanal_Acute Diarrhoeal Disease,Odisha,Dhenkanal,Acute Diarrhoeal Disease,2016,35,51,0.6400320895,9.0,302.90500000000003,20.75,85.5
Odisha_Dhenkanal_Acute Diarrhoeal Disease,Odisha,Dhenkanal,Acute Diarrhoeal Disease,2022,21,37,0.006900563323,16.0,305.02,20.75,85.5
Odisha_Ganjam_Acute Diarrhoeal Disease,Odisha,Ganjam,Acute Diarrhoeal Disease,2010,26,28,0.25084980455,9.0,305.57,19.4129711,85.04710406
Odisha_Ganjam_Acute Diarrhoeal Disease,Odisha,Ganjam,Acute Diarrhoeal Disease,2010,28,11,0.25084980455,9.0,300.93333340000004,19.4129711,85.04710406
Odisha_Ganjam_Acute Diarrhoeal Disease,Odisha,Ganjam,Acute Diarrhoeal Disease,2010,29,11,0.25084980455,9.0,300.93333340000004,19.4129711,85.04710406
Odisha_Ganjam_Acute Diarrhoeal Disease,Odisha,Ganjam,Acute Diarrhoeal Disease,2011,5,6,0.25084980455,9.0,301.248,19.4129711,85.04710406
Odisha_Ganjam_Acute Diarrhoeal Disease,Odisha,Ganjam,Acute Diarrhoeal Disease,2011,7,48,0.25084980455,8.5,302.9776667,19.4129711,85.04710406
Odisha_Ganjam_Acute Diarrhoeal Disease,Odisha,Ganjam,Acute Diarrhoeal Disease,2011,8,17,0.25084980455,9.0,302.456,19.4129711,85.04710406
Odisha_Ganjam_Acute Diarrhoeal Disease,Odisha,Ganjam,Acute Diarrhoeal Disease,2011,11,13,0.25084980455,12.0,305.24,19.4129711,85.04710406
Odisha_Ganjam_Acute Diarrhoeal Disease,Odisha,Ganjam,Acute Diarrhoeal Disease,2011,13,18,0.25084980455,9.0,304.964,19.4129711,85.04710406
Odisha_Ganjam_Acute Diarrhoeal Disease,Odisha,Ganjam,Acute Diarrhoeal Disease,2011,30,12,0.25084980455,9.0,304.05,19.4129711,85.04710406
Odisha_Ganjam_Acute Diarrhoeal Disease,Odisha,Ganjam,Acute Diarrhoeal Disease,2011,40,18,0.25084980455,19.0,301.95,19.4129711,85.04710406
Odisha_Ganjam_Acute Diarrhoeal Disease,Odisha,Ganjam,Acute Diarrhoeal Disease,2012,1,45,0.25084980455,9.0,298.0666666,19.4129711,85.04710406
Odisha_Ganjam_Acute Diarrhoeal Disease,Odisha,Ganjam,Acute Diarrhoeal Disease,2013,25,24,0.25084980455,11.5,301.5336667,19.4129711,85.04710406
Odisha_Ganjam_Acute Diarrhoeal Disease,Odisha,Ganjam,Acute Diarrhoeal Disease,2013,33,67,0.25084980455,6.0,303.90000000000003,19.4129711,85.04710406
Odisha_Ganjam_Acute Diarrhoeal Disease,Odisha,Ganjam,Acute Diarrhoeal Disease,2013,50,56,0.25084980455,9.0,299.848,19.4129711,85.04710406
Odisha_Ganjam_Acute Diarrhoeal Disease,Odisha,Ganjam,Acute Diarrhoeal Disease,2013,52,21,0.25084980455,9.0,300.0933334,19.4129711,85.04710406
Odisha_Ganjam_Acute Diarrhoeal Disease,Odisha,Ganjam,Acute Diarrhoeal Disease,2014,2,24,0.25084980455,9.0,299.916,19.4129711,85.04710406
Odisha_Ganjam_Acute Diarrhoeal Disease,Odisha,Ganjam,Acute Diarrhoeal Disease,2014,25,22,0.25084980455,8.0,303.2133334,19.4129711,85.04710406
Odisha_Ganjam_Acute Diarrhoeal Disease,Odisha,Ganjam,Acute Diarrhoeal Disease,2014,27,43,0.25084980455,3.0,306.83000000000004,19.4129711,85.04710406
Odisha_Ganjam_Acute Diarrhoeal Disease,Odisha,Ganjam,Acute Diarrhoeal Disease,2014,30,35,0.25084980455,0.0,303.015,19.4129711,85.04710406
Odisha_Ganjam_Acute Diarrhoeal Disease,Odisha,Ganjam,Acute Diarrhoeal Disease,2014,35,39,0.25084980455,9.0,303.0383333,19.4129711,85.04710406
Odisha_Ganjam_Acute Diarrhoeal Disease,Odisha,Ganjam,Acute Diarrhoeal Disease,2014,42,15,0.25084980455,10.0,300.476,19.4129711,85.04710406
Odisha_Ganjam_Acute Diarrhoeal Disease,Odisha,Ganjam,Acute Diarrhoeal Disease,2015,5,21,0.25084980455,9.0,298.7966666,19.4129711,85.04710406
Odisha_Ganjam_Acute Diarrhoeal Disease,Odisha,Ganjam,Acute Diarrhoeal Disease,2015,31,23,0.25084980455,11.0,306.56,19.4129711,85.04710406
Odisha_Ganjam_Acute Diarrhoeal Disease,Odisha,Ganjam,Acute Diarrhoeal Disease,2015,33,50,0.25084980455,9.0,305.25333340000003,19.4129711,85.04710406
Odisha_Ganjam_Acute Diarrhoeal Disease,Odisha,Ganjam,Acute Diarrhoeal Disease,2015,34,50,0.25084980455,9.0,305.25333340000003,19.4129711,85.04710406
Odisha_Ganjam_Acute Diarrhoeal Disease,Odisha,Ganjam,Acute Diarrhoeal Disease,2015,39,20,0.25084980455,9.0,301.83,19.4129711,85.04710406
Odisha_Ganjam_Acute Diarrhoeal Disease,Odisha,Ganjam,Acute Diarrhoeal Disease,2015,49,19,0.25084980455,9.0,300.53000000000003,19.4129711,85.04710406
Odisha_Ganjam_Acute Diarrhoeal Disease,Odisha,Ganjam,Acute Diarrhoeal Disease,2016,9,43,0.25084980455,9.0,303.11,19.4129711,85.04710406
Odisha_Ganjam_Acute Diarrhoeal Disease,Odisha,Ganjam,Acute Diarrhoeal Disease,2016,33,27,0.25084980455,1.0,303.11,19.4129711,85.04710406
Odisha_Ganjam_Acute Diarrhoeal Disease,Odisha,Ganjam,Acute Diarrhoeal Disease,2016,34,36,0.25084980455,6.0,303.87,19.4129711,85.04710406
Odisha_Ganjam_Acute Diarrhoeal Disease,Odisha,Ganjam,Acute Diarrhoeal Disease,2016,38,30,0.25084980455,10.0,303.11,19.4129711,85.04710406
Odisha_Ganjam_Acute Diarrhoeal Disease,Odisha,Ganjam,Acute Diarrhoeal Disease,2016,42,31,0.25084980455,22.0,301.075,19.4129711,85.04710406
Odisha_Ganjam_Acute Diarrhoeal Disease,Odisha,Ganjam,Acute Diarrhoeal Disease,2016,50,26,0.25084980455,9.0,300.4373333,19.4129711,85.04710406
Odisha_Ganjam_Acute Diarrhoeal Disease,Odisha,Ganjam,Acute Diarrhoeal Disease,2019,26,19,0.25084980455,9.0,303.99333340000004,19.4129711,85.04710406
Odisha_Ganjam_Acute Diarrhoeal Disease,Odisha,Ganjam,Acute Diarrhoeal Disease,2019,40,113,0.25084980455,5.0,297.14,19.4129711,85.04710406
Odisha_Ganjam_Acute Diarrhoeal Disease,Odisha,Ganjam,Acute Diarrhoeal Disease,2019,44,30,0.25084980455,10.0,296.34000000000003,19.4129711,85.04710406
Odisha_Ganjam_Acute Diarrhoeal Disease,Odisha,Ganjam,Acute Diarrhoeal Disease,2019,48,13,0.25084980455,9.0,300.59000000000003,19.4129711,85.04710406
Odisha_Ganjam_Acute Diarrhoeal Disease,Odisha,Ganjam,Acute Diarrhoeal Disease,2022,13,152,0.25084980455,10.0,303.97066670000004,19.4129711,85.04710406
Odisha_Ganjam_Acute Diarrhoeal Disease,Odisha,Ganjam,Acute Diarrhoeal Disease,2022,15,71,0.25084980455,12.0,302.78200000000004,19.4129711,85.04710406
Odisha_Ganjam_Acute Diarrhoeal Disease,Odisha,Ganjam,Acute Diarrhoeal Disease,2022,17,29,0.25084980455,11.0,306.316,19.4129711,85.04710406
Odisha_Ganjam_Acute Diarrhoeal Disease,Odisha,Ganjam,Acute Diarrhoeal Disease,2022,19,22,0.25084980455,11.0,302.8666666,19.4129711,85.04710406
Odisha_Kalahandi_Acute Diarrhoeal Disease,Odisha,Kalahandi,Acute Diarrhoeal Disease,2009,34,217,0.4728685269,13.0,303.11,19.75,83.0
Odisha_Kalahandi_Acute Diarrhoeal Disease,Odisha,Kalahandi,Acute Diarrhoeal Disease,2014,8,34,0.1591732195,9.0,302.18333340000004,19.75,83.0
Odisha_Kalahandi_Acute Diarrhoeal Disease,Odisha,Kalahandi,Acute Diarrhoeal Disease,2014,19,11,0.1956660513,10.0,311.6966666,19.75,83.0
Odisha_Kalahandi_Acute Diarrhoeal Disease,Odisha,Kalahandi,Acute Diarrhoeal Disease,2015,28,41,1.813556761,13.0,304.25,19.75,83.0
Odisha_Kalahandi_Acute Diarrhoeal Disease,Odisha,Kalahandi,Acute Diarrhoeal Disease,2015,39,25,0.9602309862,27.0,301.83,19.75,83.0
Odisha_Kalahandi_Acute Diarrhoeal Disease,Odisha,Kalahandi,Acute Diarrhoeal Disease,2016,31,8,0.4436268401,14.0,303.96,19.75,83.0
Odisha_Kalahandi_Acute Diarrhoeal Disease,Odisha,Kalahandi,Acute Diarrhoeal Disease,2016,32,15,0.8007640372,4.0,301.16,19.75,83.0
Odisha_Kalahandi_Acute Diarrhoeal Disease,Odisha,Kalahandi,Acute Diarrhoeal Disease,2016,35,61,1.302949747,4.0,303.11,19.75,83.0
Odisha_Kalahandi_Acute Diarrhoeal Disease,Odisha,Kalahandi,Acute Diarrhoeal Disease,2016,37,59,1.216044425,9.0,300.25,19.75,83.0
Odisha_Kalahandi_Acute Diarrhoeal Disease,Odisha,Kalahandi,Acute Diarrhoeal Disease,2016,40,20,0.8737518804,20.0,299.65000000000003,19.75,83.0
Odisha_Kalahandi_Acute Diarrhoeal Disease,Odisha,Kalahandi,Acute Diarrhoeal Disease,2016,41,20,0.8521047124,24.0,300.16,19.75,83.0
Odisha_Kalahandi_Acute Diarrhoeal Disease,Odisha,Kalahandi,Acute Diarrhoeal Disease,2018,10,11,0.0001871476855,8.0,308.4733334,19.75,83.0
Odisha_Kalahandi_Acute Diarrhoeal Disease,Odisha,Kalahandi,Acute Diarrhoeal Disease,2018,28,9,0.9829494613,2.0,303.11,19.75,83.0
Odisha_Kalahandi_Acute Diarrhoeal Disease,Odisha,Kalahandi,Acute Diarrhoeal Disease,2019,19,27,0.001358605569,10.0,314.2966666,19.75,83.0
Odisha_Kalahandi_Acute Diarrhoeal Disease,Odisha,Kalahandi,Acute Diarrhoeal Disease,2019,40,32,0.8651910099,9.0,302.13,19.75,83.0
Odisha_Kalahandi_Acute Diarrhoeal Disease,Odisha,Kalahandi,Acute Diarrhoeal Disease,2021,12,12,0.02773092518,8.0,310.964,19.75,83.0
Odisha_Khurda_Acute Diarrhoeal Disease,Odisha,Khurda,Acute Diarrhoeal Disease,2009,30,21,3.19228112,3.0,300.2,20.1540594,85.7086509
Odisha_Khurda_Acute Diarrhoeal Disease,Odisha,Khurda,Acute Diarrhoeal Disease,2010,10,57,0.001070282803,9.0,309.7333334,20.1540594,85.7086509
Odisha_Khurda_Acute Diarrhoeal Disease,Odisha,Khurda,Acute Diarrhoeal Disease,2015,27,24,0.4721058709,10.0,306.23,20.1540594,85.7086509
Odisha_Khurda_Acute Diarrhoeal Disease,Odisha,Khurda,Acute Diarrhoeal Disease,2016,18,18,0.02004142418,6.0,314.445,20.1540594,85.7086509
Odisha_Khurda_Acute Diarrhoeal Disease,Odisha,Khurda,Acute Diarrhoeal Disease,2016,38,32,1.011033747,15.0,298.705,20.1540594,85.7086509
Odisha_Khurda_Acute Diarrhoeal Disease,Odisha,Khurda,Acute Diarrhoeal Disease,2016,39,15,0.576476844,10.0,300.288,20.1540594,85.7086509
Odisha_Khurda_Acute Diarrhoeal Disease,Odisha,Khurda,Acute Diarrhoeal Disease,2016,40,63,1.112520106,20.0,300.39,20.1540594,85.7086509
Odisha_Khurda_Acute Diarrhoeal Disease,Odisha,Khurda,Acute Diarrhoeal Disease,2016,41,11,0.6148535484,20.0,297.0,20.1540594,85.7086509
Odisha_Khurda_Acute Diarrhoeal Disease,Odisha,Khurda,Acute Diarrhoeal Disease,2016,46,15,0.0001036839895,16.0,301.144,20.1540594,85.7086509
Odisha_Khurda_Acute Diarrhoeal Disease,Odisha,Khurda,Acute Diarrhoeal Disease,2016,48,15,0.0001036839895,16.0,301.144,20.1540594,85.7086509
Odisha_Khurda_Acute Diarrhoeal Disease,Odisha,Khurda,Acute Diarrhoeal Disease,2016,49,22,8.62e-05,9.0,301.49666659999997,20.1540594,85.7086509
Odisha_Khurda_Acute Diarrhoeal Disease,Odisha,Khurda,Acute Diarrhoeal Disease,2016,51,11,0.001289826525,9.0,300.0733334,20.1540594,85.7086509
Odisha_Khurda_Acute Diarrhoeal Disease,Odisha,Khurda,Acute Diarrhoeal Disease,2018,6,20,0.0001171678108,7.0,303.48,20.1540594,85.7086509
Odisha_Khurda_Acute Diarrhoeal Disease,Odisha,Khurda,Acute Diarrhoeal Disease,2019,36,16,1.355970819,7.0,300.8,20.1540594,85.7086509
Odisha_Koraput_Acute Diarrhoeal Disease,Odisha,Koraput,Acute Diarrhoeal Disease,2010,35,10,0.5560101106,13.0,300.86,18.7232023,82.60811828
Odisha_Koraput_Acute Diarrhoeal Disease,Odisha,Koraput,Acute Diarrhoeal Disease,2012,4,6,0.0001387414333,10.0,301.7266666,18.7232023,82.60811828
Odisha_Koraput_Acute Diarrhoeal Disease,Odisha,Koraput,Acute Diarrhoeal Disease,2013,4,12,0.0005158167415,11.0,301.948,18.7232023,82.60811828
Odisha_Koraput_Acute Diarrhoeal Disease,Odisha,Koraput,Acute Diarrhoeal Disease,2013,24,23,0.02501081263,15.0,308.556,18.7232023,82.60811828
Odisha_Koraput_Acute Diarrhoeal Disease,Odisha,Koraput,Acute Diarrhoeal Disease,2015,31,26,0.5358367367,9.0,303.11,18.7232023,82.60811828
Odisha_Koraput_Acute Diarrhoeal Disease,Odisha,Koraput,Acute Diarrhoeal Disease,2016,5,11,0.0001469061965,9.0,305.28000000000003,18.7232023,82.60811828
Odisha_Koraput_Acute Diarrhoeal Disease,Odisha,Koraput,Acute Diarrhoeal Disease,2016,21,30,0.6730653508,9.0,304.5733334,18.7232023,82.60811828
Odisha_Koraput_Acute Diarrhoeal Disease,Odisha,Koraput,Acute Diarrhoeal Disease,2016,30,14,1.146740569,9.0,303.36,18.7232023,82.60811828
Odisha_Koraput_Acute Diarrhoeal Disease,Odisha,Koraput,Acute Diarrhoeal Disease,2017,3,15,0.0003563634079,12.0,300.6866666,18.7232023,82.60811828
Odisha_Koraput_Acute Diarrhoeal Disease,Odisha,Koraput,Acute Diarrhoeal Disease,2017,5,21,0.02549084525,9.0,303.86,18.7232023,82.60811828
Odisha_Koraput_Acute Diarrhoeal Disease,Odisha,Koraput,Acute Diarrhoeal Disease,2017,6,1,0.02549084525,9.0,303.86,18.7232023,82.60811828
Odisha_Koraput_Acute Diarrhoeal Disease,Odisha,Koraput,Acute Diarrhoeal Disease,2017,10,7,7.1e-05,9.0,308.68,18.7232023,82.60811828
Odisha_Koraput_Acute Diarrhoeal Disease,Odisha,Koraput,Acute Diarrhoeal Disease,2017,14,13,0.0207547236,10.0,311.928,18.7232023,82.60811828
Odisha_Koraput_Acute Diarrhoeal Disease,Odisha,Koraput,Acute Diarrhoeal Disease,2017,16,27,0.0001505471389,9.0,312.9366666,18.7232023,82.60811828
Odisha_Koraput_Acute Diarrhoeal Disease,Odisha,Koraput,Acute Diarrhoeal Disease,2017,47,12,0.2547019761,9.0,297.94,18.7232023,82.60811828
Odisha_Koraput_Acute Diarrhoeal Disease,Odisha,Koraput,Acute Diarrhoeal Disease,2018,18,20,0.09129831504,15.0,308.49,18.7232023,82.60811828
Odisha_Koraput_Acute Diarrhoeal Disease,Odisha,Koraput,Acute Diarrhoeal Disease,2018,25,40,0.07753796441,12.0,303.676,18.7232023,82.60811828
Odisha_Koraput_Acute Diarrhoeal Disease,Odisha,Koraput,Acute Diarrhoeal Disease,2019,4,11,8.11e-05,12.0,299.68,18.7232023,82.60811828
Odisha_Koraput_Acute Diarrhoeal Disease,Odisha,Koraput,Acute Diarrhoeal Disease,2019,11,13,0.005392221548,10.0,306.388,18.7232023,82.60811828
Odisha_Koraput_Acute Diarrhoeal Disease,Odisha,Koraput,Acute Diarrhoeal Disease,2020,7,20,0.03922885498,12.0,300.85,18.7232023,82.60811828
Odisha_Koraput_Acute Diarrhoeal Disease,Odisha,Koraput,Acute Diarrhoeal Disease,2021,17,9,0.02873045432,9.0,310.112,18.7232023,82.60811828
Odisha_Koraput_Acute Diarrhoeal Disease,Odisha,Koraput,Acute Diarrhoeal Disease,2021,40,22,0.6516250059,9.0,299.14,18.7232023,82.60811828
Odisha_Koraput_Acute Diarrhoeal Disease,Odisha,Koraput,Acute Diarrhoeal Disease,2022,6,15,0.0004905797777,12.0,300.55666659999997,18.7232023,82.60811828
Odisha_Koraput_Acute Diarrhoeal Disease,Odisha,Koraput,Acute Diarrhoeal Disease,2022,11,41,0.0004851654548,9.0,307.552,18.7232023,82.60811828
Odisha_Koraput_Acute Diarrhoeal Disease,Odisha,Koraput,Acute Diarrhoeal Disease,2022,13,17,0.00033304763625,11.0,307.5626667,18.7232023,82.60811828
Odisha_Mayurbhanj_Acute Diarrhoeal Disease,Odisha,Mayurbhanj,Acute Diarrhoeal Disease,2010,18,17,0.2415507583,10.0,309.3333334,21.75,86.5
Odisha_Mayurbhanj_Acute Diarrhoeal Disease,Odisha,Mayurbhanj,Acute Diarrhoeal Disease,2011,8,19,0.0001059390447,10.0,304.1866666,21.75,86.5
Odisha_Mayurbhanj_Acute Diarrhoeal Disease,Odisha,Mayurbhanj,Acute Diarrhoeal Disease,2012,9,35,8.55e-05,10.0,306.0866666,21.75,86.5
Odisha_Mayurbhanj_Acute Diarrhoeal Disease,Odisha,Mayurbhanj,Acute Diarrhoeal Disease,2012,29,13,0.9934761258,6.0,303.11,21.75,86.5
Odisha_Mayurbhanj_Acute Diarrhoeal Disease,Odisha,Mayurbhanj,Acute Diarrhoeal Disease,2013,52,19,0.005317007482,12.0,299.2933334,21.75,86.5
Odisha_Mayurbhanj_Acute Diarrhoeal Disease,Odisha,Mayurbhanj,Acute Diarrhoeal Disease,2014,13,13,0.1308604665,9.0,303.95,21.75,86.5
Odisha_Mayurbhanj_Acute Diarrhoeal Disease,Odisha,Mayurbhanj,Acute Diarrhoeal Disease,2014,29,22,1.183433548,9.0,300.205,21.75,86.5
Odisha_Mayurbhanj_Acute Diarrhoeal Disease,Odisha,Mayurbhanj,Acute Diarrhoeal Disease,2015,34,32,0.8985001324,9.0,300.44,21.75,86.5
Odisha_Mayurbhanj_Acute Diarrhoeal Disease,Odisha,Mayurbhanj,Acute Diarrhoeal Disease,2015,47,13,5.75e-05,9.0,301.4066666,21.75,86.5
Odisha_Mayurbhanj_Acute Diarrhoeal Disease,Odisha,Mayurbhanj,Acute Diarrhoeal Disease,2016,23,23,0.3049264023,14.0,306.24,21.75,86.5
Odisha_Mayurbhanj_Acute Diarrhoeal Disease,Odisha,Mayurbhanj,Acute Diarrhoeal Disease,2016,46,28,1.590226785,11.0,303.11,21.75,86.5
Odisha_Mayurbhanj_Acute Diarrhoeal Disease,Odisha,Mayurbhanj,Acute Diarrhoeal Disease,2019,38,11,0.8635627956,10.0,300.54,21.75,86.5
Odisha_Mayurbhanj_Acute Diarrhoeal Disease,Odisha,Mayurbhanj,Acute Diarrhoeal Disease,2019,48,9,0.0004240180203,18.0,299.768,21.75,86.5
Odisha_Mayurbhanj_Acute Diarrhoeal Disease,Odisha,Mayurbhanj,Acute Diarrhoeal Disease,2021,24,18,1.686497547,14.0,303.11,21.75,86.5
Odisha_Mayurbhanj_Acute Diarrhoeal Disease,Odisha,Mayurbhanj,Acute Diarrhoeal Disease,2022,22,73,0.1835894759,14.0,304.444,21.75,86.5
Odisha_Nayagarh_Acute Diarrhoeal Disease,Odisha,Nayagarh,Acute Diarrhoeal Disease,2009,41,30,1.691448537,14.0,301.1,20.1160666,85.11195644
Odisha_Nayagarh_Acute Diarrhoeal Disease,Odisha,Nayagarh,Acute Diarrhoeal Disease,2011,32,47,0.1573681732,20.0,301.616,20.1160666,85.11195644
Odisha_Nayagarh_Acute Diarrhoeal Disease,Odisha,Nayagarh,Acute Diarrhoeal Disease,2011,50,45,0.1459894622,9.0,302.34000000000003,20.1160666,85.11195644
Odisha_Nayagarh_Acute Diarrhoeal Disease,Odisha,Nayagarh,Acute Diarrhoeal Disease,2012,4,15,0.0003786070689,12.0,300.468,20.1160666,85.11195644
Odisha_Nayagarh_Acute Diarrhoeal Disease,Odisha,Nayagarh,Acute Diarrhoeal Disease,2012,31,12,2.113635255,8.0,302.96,20.1160666,85.11195644
Odisha_Nayagarh_Acute Diarrhoeal Disease,Odisha,Nayagarh,Acute Diarrhoeal Disease,2013,49,13,0.03465340746,15.0,300.54,20.1160666,85.11195644
Odisha_Nayagarh_Acute Diarrhoeal Disease,Odisha,Nayagarh,Acute Diarrhoeal Disease,2015,26,30,0.3039016719,18.0,305.7666666,20.1160666,85.11195644
Odisha_Nayagarh_Acute Diarrhoeal Disease,Odisha,Nayagarh,Acute Diarrhoeal Disease,2016,30,37,1.0078808,19.0,298.5,20.1160666,85.11195644
Odisha_Nayagarh_Acute Diarrhoeal Disease,Odisha,Nayagarh,Acute Diarrhoeal Disease,2016,41,107,1.0997759244999998,19.0,299.634,20.1160666,85.11195644
Odisha_Nayagarh_Acute Diarrhoeal Disease,Odisha,Nayagarh,Acute Diarrhoeal Disease,2016,44,51,0.0659307424,25.0,300.82,20.1160666,85.11195644
Odisha_Nayagarh_Acute Diarrhoeal Disease,Odisha,Nayagarh,Acute Diarrhoeal Disease,2016,48,21,5e-05,18.0,300.9633334,20.1160666,85.11195644
Odisha_Nayagarh_Acute Diarrhoeal Disease,Odisha,Nayagarh,Acute Diarrhoeal Disease,2017,2,13,0.005766175295,9.0,300.312,20.1160666,85.11195644
Odisha_Nayagarh_Acute Diarrhoeal Disease,Odisha,Nayagarh,Acute Diarrhoeal Disease,2018,37,12,1.339343988,26.0,301.77,20.1160666,85.11195644
Odisha_Nayagarh_Acute Diarrhoeal Disease,Odisha,Nayagarh,Acute Diarrhoeal Disease,2021,17,31,0.01201217272,9.0,312.47,20.1160666,85.11195644
Odisha_Puri_Acute Diarrhoeal Disease,Odisha,Puri,Acute Diarrhoeal Disease,2009,46,11,8.24e-05,14.0,301.62,19.8076083,85.8252538
Odisha_Puri_Acute Diarrhoeal Disease,Odisha,Puri,Acute Diarrhoeal Disease,2011,1,20,4.94e-05,7.0,297.7766666,19.8076083,85.8252538
Odisha_Puri_Acute Diarrhoeal Disease,Odisha,Puri,Acute Diarrhoeal Disease,2011,5,16,0.003510294645,9.0,301.388,19.8076083,85.8252538
Odisha_Puri_Acute Diarrhoeal Disease,Odisha,Puri,Acute Diarrhoeal Disease,2011,7,23,0.002781365426,7.0,301.4366666,19.8076083,85.8252538
Odisha_Puri_Acute Diarrhoeal Disease,Odisha,Puri,Acute Diarrhoeal Disease,2011,9,16,4.09e-05,11.0,303.76,19.8076083,85.8252538
Odisha_Puri_Acute Diarrhoeal Disease,Odisha,Puri,Acute Diarrhoeal Disease,2011,11,41,0.0001944522698,11.0,307.8533334,19.8076083,85.8252538
Odisha_Puri_Acute Diarrhoeal Disease,Odisha,Puri,Acute Diarrhoeal Disease,2011,17,12,0.1703237418,8.0,306.46,19.8076083,85.8252538
Odisha_Puri_Acute Diarrhoeal Disease,Odisha,Puri,Acute Diarrhoeal Disease,2011,25,26,1.512027125,9.0,307.1066666,19.8076083,85.8252538
Odisha_Puri_Acute Diarrhoeal Disease,Odisha,Puri,Acute Diarrhoeal Disease,2013,50,22,0.001953338867,14.0,301.1033334,19.8076083,85.8252538
Odisha_Puri_Acute Diarrhoeal Disease,Odisha,Puri,Acute Diarrhoeal Disease,2014,3,78,0.0062348152615,9.0,299.70799999999997,19.8076083,85.8252538
Odisha_Puri_Acute Diarrhoeal Disease,Odisha,Puri,Acute Diarrhoeal Disease,2014,8,22,0.0001345098266,9.0,304.97,19.8076083,85.8252538
Odisha_Puri_Acute Diarrhoeal Disease,Odisha,Puri,Acute Diarrhoeal Disease,2014,19,21,0.02652885219,8.0,311.384,19.8076083,85.8252538
Odisha_Puri_Acute Diarrhoeal Disease,Odisha,Puri,Acute Diarrhoeal Disease,2014,30,12,1.050874439,5.0,300.90000000000003,19.8076083,85.8252538
Odisha_Puri_Acute Diarrhoeal Disease,Odisha,Puri,Acute Diarrhoeal Disease,2015,24,11,0.1981705839,7.0,308.72,19.8076083,85.8252538
Odisha_Puri_Acute Diarrhoeal Disease,Odisha,Puri,Acute Diarrhoeal Disease,2016,3,11,0.000293769061,7.0,296.99666659999997,19.8076083,85.8252538
Odisha_Puri_Acute Diarrhoeal Disease,Odisha,Puri,Acute Diarrhoeal Disease,2021,5,350,0.003205307448,9.0,301.12,19.8076083,85.8252538
Punjab_Hoshiarpur_Cholera,Punjab,Hoshiarpur,Cholera,2012,30,45,0.1160651696,16.0,303.27500000000003,31.60857425,75.84644247
Punjab_Hoshiarpur_Cholera,Punjab,Hoshiarpur,Cholera,2012,32,80,1.148769571,20.0,298.8266666,31.60857425,75.84644247
Punjab_Hoshiarpur_Cholera,Punjab,Hoshiarpur,Cholera,2014,30,86,0.5101043947,9.0,305.85,31.60857425,75.84644247
Punjab_Hoshiarpur_Cholera,Punjab,Hoshiarpur,Cholera,2015,35,18,0.5658128235,21.0,300.4666666,31.60857425,75.84644247
Punjab_Hoshiarpur_Cholera,Punjab,Hoshiarpur,Cholera,2016,35,34,0.2459495337,23.0,302.15000000000003,31.60857425,75.84644247
Punjab_Hoshiarpur_Cholera,Punjab,Hoshiarpur,Cholera,2018,29,355,1.003500193,12.0,302.785,31.60857425,75.84644247
Punjab_Hoshiarpur_Cholera,Punjab,Hoshiarpur,Cholera,2018,40,22,3.174566892,9.0,299.93,31.60857425,75.84644247
Punjab_Hoshiarpur_Cholera,Punjab,Hoshiarpur,Cholera,2019,11,98,0.2177767322,9.0,296.14,31.60857425,75.84644247
Punjab_Hoshiarpur_Cholera,Punjab,Hoshiarpur,Cholera,2019,35,72,0.1590550786,9.0,303.22,31.60857425,75.84644247
Punjab_Hoshiarpur_Cholera,Punjab,Hoshiarpur,Cholera,2019,37,123,0.1801431669,9.0,301.04,31.60857425,75.84644247
Punjab_Jalandhar_Acute Diarrhoeal Disease,Punjab,Jalandhar,Acute Diarrhoeal Disease,2009,33,116,0.1552191933,12.0,302.06,31.29201065,75.56805772
Punjab_Jalandhar_Acute Diarrhoeal Disease,Punjab,Jalandhar,Acute Diarrhoeal Disease,2010,28,202,1.013256608,8.0,302.964,31.29201065,75.56805772
Punjab_Jalandhar_Acute Diarrhoeal Disease,Punjab,Jalandhar,Acute Diarrhoeal Disease,2010,29,202,1.013256608,8.0,302.964,31.29201065,75.56805772
Punjab_Jalandhar_Acute Diarrhoeal Disease,Punjab,Jalandhar,Acute Diarrhoeal Disease,2010,34,14,0.8519237656,15.0,298.31,31.29201065,75.56805772
Punjab_Jalandhar_Acute Diarrhoeal Disease,Punjab,Jalandhar,Acute Diarrhoeal Disease,2011,12,96,0.0003064361425,13.0,301.19333340000003,31.29201065,75.56805772
Punjab_Jalandhar_Acute Diarrhoeal Disease,Punjab,Jalandhar,Acute Diarrhoeal Disease,2011,20,35,0.3009952221,4.0,311.09000000000003,31.29201065,75.56805772
Punjab_Jalandhar_Acute Diarrhoeal Disease,Punjab,Jalandhar,Acute Diarrhoeal Disease,2011,22,54,0.4916258805,5.0,306.788,31.29201065,75.56805772
Punjab_Jalandhar_Acute Diarrhoeal Disease,Punjab,Jalandhar,Acute Diarrhoeal Disease,2011,23,169,0.4916258805,5.0,306.788,31.29201065,75.56805772
Punjab_Jalandhar_Acute Diarrhoeal Disease,Punjab,Jalandhar,Acute Diarrhoeal Disease,2013,34,99,0.3261515992,22.0,302.065,31.29201065,75.56805772
Punjab_Jalandhar_Acute Diarrhoeal Disease,Punjab,Jalandhar,Acute Diarrhoeal Disease,2015,37,12,0.01932411427,19.0,303.37333340000004,31.29201065,75.56805772
Punjab_Jalandhar_Acute Diarrhoeal Disease,Punjab,Jalandhar,Acute Diarrhoeal Disease,2016,22,20,0.003103500839,4.0,314.46,31.29201065,75.56805772
Punjab_Jalandhar_Acute Diarrhoeal Disease,Punjab,Jalandhar,Acute Diarrhoeal Disease,2016,31,54,0.07575980691,17.0,303.188,31.29201065,75.56805772
Punjab_Jalandhar_Acute Diarrhoeal Disease,Punjab,Jalandhar,Acute Diarrhoeal Disease,2018,30,10,0.9107250577,11.0,300.48,31.29201065,75.56805772
Punjab_Jalandhar_Acute Diarrhoeal Disease,Punjab,Jalandhar,Acute Diarrhoeal Disease,2020,3,57,0.4007016984,9.0,284.015,31.29201065,75.56805772
Punjab_Ludhiana_Cholera,Punjab,Ludhiana,Cholera,2010,32,4,0.2159989875,7.0,301.4066666,30.9090157,75.851601
Punjab_Ludhiana_Cholera,Punjab,Ludhiana,Cholera,2011,29,7,0.0841842583,12.0,304.45,30.9090157,75.851601
Punjab_Ludhiana_Cholera,Punjab,Ludhiana,Cholera,2013,36,15,0.08945550733,9.0,300.3566666,30.9090157,75.851601
Punjab_Ludhiana_Cholera,Punjab,Ludhiana,Cholera,2014,30,63,0.2257159692,10.0,304.5666666,30.9090157,75.851601
Punjab_Ludhiana_Cholera,Punjab,Ludhiana,Cholera,2014,33,10,0.3254602861,17.0,301.436,30.9090157,75.851601
Punjab_Ludhiana_Cholera,Punjab,Ludhiana,Cholera,2015,31,414,0.3646139887,16.0,302.02500000000003,30.9090157,75.851601
Punjab_Ludhiana_Cholera,Punjab,Ludhiana,Cholera,2017,25,86,0.4262215264,5.0,308.59000000000003,30.9090157,75.851601
Punjab_Ludhiana_Cholera,Punjab,Ludhiana,Cholera,2017,28,171,0.3141627469,9.0,302.276,30.9090157,75.851601
Punjab_Ludhiana_Cholera,Punjab,Ludhiana,Cholera,2017,30,106,0.3380100873,13.0,303.344,30.9090157,75.851601
Punjab_Ludhiana_Cholera,Punjab,Ludhiana,Cholera,2017,32,459,0.2742482473,19.0,301.36,30.9090157,75.851601
Punjab_Ludhiana_Cholera,Punjab,Ludhiana,Cholera,2018,29,66,1.017620334,9.0,303.14,30.9090157,75.851601
Punjab_Ludhiana_Cholera,Punjab,Ludhiana,Cholera,2018,35,38,0.1693048074,9.0,299.216,30.9090157,75.851601
Punjab_Ludhiana_Cholera,Punjab,Ludhiana,Cholera,2018,44,87,1.01585313585,14.5,302.19666670000004,30.9090157,75.851601
Punjab_Patiala_Acute Diarrhoeal Disease,Punjab,Patiala,Acute Diarrhoeal Disease,2012,21,30,0.003398637663,3.0,315.1866666,30.2090874,76.33987209
Punjab_Patiala_Acute Diarrhoeal Disease,Punjab,Patiala,Acute Diarrhoeal Disease,2012,33,18,0.4128820429,9.0,301.548,30.2090874,76.33987209
Punjab_Patiala_Acute Diarrhoeal Disease,Punjab,Patiala,Acute Diarrhoeal Disease,2013,28,12,0.2895728397,5.0,305.595,30.2090874,76.33987209
Punjab_Patiala_Acute Diarrhoeal Disease,Punjab,Patiala,Acute Diarrhoeal Disease,2017,19,22,0.01948679743,9.0,311.54400000000004,30.2090874,76.33987209
Punjab_Patiala_Acute Diarrhoeal Disease,Punjab,Patiala,Acute Diarrhoeal Disease,2018,33,71,1.170283469,10.0,303.11,30.2090874,76.33987209
Punjab_Patiala_Acute Diarrhoeal Disease,Punjab,Patiala,Acute Diarrhoeal Disease,2018,38,19,0.003788368621,9.0,301.24333340000004,30.2090874,76.33987209
Punjab_Patiala_Acute Diarrhoeal Disease,Punjab,Patiala,Acute Diarrhoeal Disease,2021,3,41,0.002698492666,16.0,291.34000000000003,30.2090874,76.33987209
Punjab_Patiala_Acute Diarrhoeal Disease,Punjab,Patiala,Acute Diarrhoeal Disease,2021,26,20,0.02640826338,4.0,306.4133334,30.2090874,76.33987209
Punjab_Patiala_Acute Diarrhoeal Disease,Punjab,Patiala,Acute Diarrhoeal Disease,2021,44,49,0.002883805667,4.0,299.76,30.2090874,76.33987209
Punjab_Patiala_Acute Diarrhoeal Disease,Punjab,Patiala,Acute Diarrhoeal Disease,2022,21,218,0.0004382394791,5.0,311.5233334,30.2090874,76.33987209
Punjab_Patiala_Acute Diarrhoeal Disease,Punjab,Patiala,Acute Diarrhoeal Disease,2022,24,283,0.01315846829,3.0,312.0266666,30.2090874,76.33987209
Punjab_S.A.S Nagar_Acute Diarrhoeal Disease,Punjab,S.A.S Nagar,Acute Diarrhoeal Disease,2010,28,100,0.4547184123,10.0,301.505,30.7041168,76.7176885
Punjab_S.A.S Nagar_Acute Diarrhoeal Disease,Punjab,S.A.S Nagar,Acute Diarrhoeal Disease,2010,29,100,0.4547184123,10.0,301.505,30.7041168,76.7176885
Punjab_S.A.S Nagar_Acute Diarrhoeal Disease,Punjab,S.A.S Nagar,Acute Diarrhoeal Disease,2012,24,306,0.0101183431,5.0,312.4943333,30.7041168,76.7176885
Punjab_S.A.S Nagar_Acute Diarrhoeal Disease,Punjab,S.A.S Nagar,Acute Diarrhoeal Disease,2015,17,40,0.06508126192,9.0,303.476,30.7041168,76.7176885
Punjab_S.A.S Nagar_Acute Diarrhoeal Disease,Punjab,S.A.S Nagar,Acute Diarrhoeal Disease,2015,42,18,0.01927856949,13.0,302.93,30.7041168,76.7176885
Punjab_S.A.S Nagar_Acute Diarrhoeal Disease,Punjab,S.A.S Nagar,Acute Diarrhoeal Disease,2018,27,18,0.4432133977,9.0,302.77,30.7041168,76.7176885
Punjab_S.A.S Nagar_Acute Diarrhoeal Disease,Punjab,S.A.S Nagar,Acute Diarrhoeal Disease,2018,52,12,7.52e-05,12.0,290.5233334,30.7041168,76.7176885
Punjab_S.A.S Nagar_Acute Diarrhoeal Disease,Punjab,S.A.S Nagar,Acute Diarrhoeal Disease,2019,7,8,0.7055489849,12.0,290.188,30.7041168,76.7176885
Punjab_S.A.S Nagar_Acute Diarrhoeal Disease,Punjab,S.A.S Nagar,Acute Diarrhoeal Disease,2019,16,18,0.3997254864,8.0,306.5466666,30.7041168,76.7176885
Punjab_S.A.S Nagar_Acute Diarrhoeal Disease,Punjab,S.A.S Nagar,Acute Diarrhoeal Disease,2019,30,24,0.2836651093,14.0,304.1333334,30.7041168,76.7176885
Punjab_S.A.S Nagar_Acute Diarrhoeal Disease,Punjab,S.A.S Nagar,Acute Diarrhoeal Disease,2019,32,10,0.7007146467,14.0,303.85,30.7041168,76.7176885
Punjab_S.A.S Nagar_Acute Diarrhoeal Disease,Punjab,S.A.S Nagar,Acute Diarrhoeal Disease,2019,39,129,0.2011654714,22.0,300.184,30.7041168,76.7176885
Punjab_S.A.S Nagar_Acute Diarrhoeal Disease,Punjab,S.A.S Nagar,Acute Diarrhoeal Disease,2019,40,129,0.7506370687,16.0,299.225,30.7041168,76.7176885
Punjab_S.A.S Nagar_Acute Diarrhoeal Disease,Punjab,S.A.S Nagar,Acute Diarrhoeal Disease,2019,42,14,0.01480053379,16.0,302.2333334,30.7041168,76.7176885
Punjab_S.A.S Nagar_Acute Diarrhoeal Disease,Punjab,S.A.S Nagar,Acute Diarrhoeal Disease,2021,36,138,0.230550585,9.0,303.05,30.7041168,76.7176885
Punjab_S.A.S Nagar_Acute Diarrhoeal Disease,Punjab,S.A.S Nagar,Acute Diarrhoeal Disease,2021,40,15,0.04597623432,15.0,302.2866666,30.7041168,76.7176885
Punjab_S.A.S Nagar_Acute Diarrhoeal Disease,Punjab,S.A.S Nagar,Acute Diarrhoeal Disease,2021,41,26,0.0002589841601,13.0,305.0,30.7041168,76.7176885
Punjab_S.A.S Nagar_Acute Diarrhoeal Disease,Punjab,S.A.S Nagar,Acute Diarrhoeal Disease,2022,18,113,0.00900936075,6.0,309.4233334,30.7041168,76.7176885
Punjab_S.A.S Nagar_Acute Diarrhoeal Disease,Punjab,S.A.S Nagar,Acute Diarrhoeal Disease,2022,19,18,0.03361474363,7.0,307.8933334,30.7041168,76.7176885
Rajasthan_Banswara_Acute Diarrhoeal Disease,Rajasthan,Banswara,Acute Diarrhoeal Disease,2009,27,60,0.2818631478,9.0,311.40000000000003,23.4929453,74.34983641
Rajasthan_Banswara_Acute Diarrhoeal Disease,Rajasthan,Banswara,Acute Diarrhoeal Disease,2012,34,125,5.292548855,4.0,303.11,23.4929453,74.34983641
Rajasthan_Banswara_Acute Diarrhoeal Disease,Rajasthan,Banswara,Acute Diarrhoeal Disease,2015,22,24,0.0004038102313,4.0,316.5133334,23.4929453,74.34983641
Rajasthan_Banswara_Acute Diarrhoeal Disease,Rajasthan,Banswara,Acute Diarrhoeal Disease,2016,14,23,0.0001459912797,4.0,317.79,23.4929453,74.34983641
Rajasthan_Banswara_Acute Diarrhoeal Disease,Rajasthan,Banswara,Acute Diarrhoeal Disease,2016,17,22,0.0001052297926,9.0,320.48400000000004,23.4929453,74.34983641
Rajasthan_Banswara_Acute Diarrhoeal Disease,Rajasthan,Banswara,Acute Diarrhoeal Disease,2016,18,32,0.06217404038,4.0,319.1,23.4929453,74.34983641
Rajasthan_Banswara_Acute Diarrhoeal Disease,Rajasthan,Banswara,Acute Diarrhoeal Disease,2016,19,32,0.06217404038,4.0,319.1,23.4929453,74.34983641
Rajasthan_Banswara_Acute Diarrhoeal Disease,Rajasthan,Banswara,Acute Diarrhoeal Disease,2016,31,9,1.74784395,1.0,303.11,23.4929453,74.34983641
Rajasthan_Banswara_Acute Diarrhoeal Disease,Rajasthan,Banswara,Acute Diarrhoeal Disease,2017,12,100,7.63e-05,6.0,311.0666666,23.4929453,74.34983641
Rajasthan_Banswara_Acute Diarrhoeal Disease,Rajasthan,Banswara,Acute Diarrhoeal Disease,2017,17,29,0.003079595399,4.0,314.69599999999997,23.4929453,74.34983641
Rajasthan_Banswara_Acute Diarrhoeal Disease,Rajasthan,Banswara,Acute Diarrhoeal Disease,2017,32,8,0.1941433319,10.0,299.7,23.4929453,74.34983641
Rajasthan_Banswara_Acute Diarrhoeal Disease,Rajasthan,Banswara,Acute Diarrhoeal Disease,2018,17,52,0.0003921304463,4.0,319.5233334,23.4929453,74.34983641
Rajasthan_Dungarpur_Acute Diarrhoeal Disease,Rajasthan,Dungarpur,Acute Diarrhoeal Disease,2012,15,322,9.65e-05,5.0,317.0133334,23.666667,73.75
Rajasthan_Dungarpur_Acute Diarrhoeal Disease,Rajasthan,Dungarpur,Acute Diarrhoeal Disease,2014,19,20,0.0003565337076,5.0,320.828,23.666667,73.75
Rajasthan_Dungarpur_Acute Diarrhoeal Disease,Rajasthan,Dungarpur,Acute Diarrhoeal Disease,2015,40,52,0.003910761975,16.0,304.6033334,23.666667,73.75
Rajasthan_Dungarpur_Acute Diarrhoeal Disease,Rajasthan,Dungarpur,Acute Diarrhoeal Disease,2016,21,11,0.0002796120097,9.0,317.952,23.666667,73.75
Rajasthan_Dungarpur_Acute Diarrhoeal Disease,Rajasthan,Dungarpur,Acute Diarrhoeal Disease,2016,28,14,1.681400847,4.0,304.8,23.666667,73.75
Rajasthan_Dungarpur_Acute Diarrhoeal Disease,Rajasthan,Dungarpur,Acute Diarrhoeal Disease,2016,30,34,0.9021193803,3.0,303.11,23.666667,73.75
Rajasthan_Dungarpur_Acute Diarrhoeal Disease,Rajasthan,Dungarpur,Acute Diarrhoeal Disease,2016,32,25,2.146028616,9.0,303.11,23.666667,73.75
Rajasthan_Dungarpur_Acute Diarrhoeal Disease,Rajasthan,Dungarpur,Acute Diarrhoeal Disease,2017,28,10,0.643086119,6.0,283.3,23.666667,73.75
Rajasthan_Dungarpur_Acute Diarrhoeal Disease,Rajasthan,Dungarpur,Acute Diarrhoeal Disease,2017,44,191,4.77e-05,11.0,308.4066666,23.666667,73.75
Rajasthan_Dungarpur_Acute Diarrhoeal Disease,Rajasthan,Dungarpur,Acute Diarrhoeal Disease,2018,33,10,0.0001177763051,4.0,319.01,23.666667,73.75
Tamil Nadu_Cuddalore_Acute Diarrhoeal Disease,Tamil Nadu,Cuddalore,Acute Diarrhoeal Disease,2009,28,34,0.1377319061,6.0,309.67,11.7564329,79.7634644
Tamil Nadu_Cuddalore_Acute Diarrhoeal Disease,Tamil Nadu,Cuddalore,Acute Diarrhoeal Disease,2010,19,27,0.001728863208,7.0,309.095,11.7564329,79.7634644
Tamil Nadu_Cuddalore_Acute Diarrhoeal Disease,Tamil Nadu,Cuddalore,Acute Diarrhoeal Disease,2010,36,51,2.003332569,12.0,303.11,11.7564329,79.7634644
Tamil Nadu_Cuddalore_Acute Diarrhoeal Disease,Tamil Nadu,Cuddalore,Acute Diarrhoeal Disease,2010,42,14,0.6060789019,9.0,304.35,11.7564329,79.7634644
Tamil Nadu_Cuddalore_Acute Diarrhoeal Disease,Tamil Nadu,Cuddalore,Acute Diarrhoeal Disease,2010,45,37,0.4391386606,8.0,304.67,11.7564329,79.7634644
Tamil Nadu_Cuddalore_Acute Diarrhoeal Disease,Tamil Nadu,Cuddalore,Acute Diarrhoeal Disease,2010,51,11,1.479400296,9.0,297.26,11.7564329,79.7634644
Tamil Nadu_Cuddalore_Acute Diarrhoeal Disease,Tamil Nadu,Cuddalore,Acute Diarrhoeal Disease,2011,19,28,0.04302878099,9.0,308.944,11.7564329,79.7634644
Tamil Nadu_Cuddalore_Acute Diarrhoeal Disease,Tamil Nadu,Cuddalore,Acute Diarrhoeal Disease,2011,26,31,0.1460372828,9.0,309.02500000000003,11.7564329,79.7634644
Tamil Nadu_Cuddalore_Acute Diarrhoeal Disease,Tamil Nadu,Cuddalore,Acute Diarrhoeal Disease,2012,23,31,0.06080490984,7.0,310.54,11.7564329,79.7634644
Tamil Nadu_Cuddalore_Acute Diarrhoeal Disease,Tamil Nadu,Cuddalore,Acute Diarrhoeal Disease,2013,25,33,0.04156357207,9.0,285.48,11.7564329,79.7634644
Tamil Nadu_Cuddalore_Acute Diarrhoeal Disease,Tamil Nadu,Cuddalore,Acute Diarrhoeal Disease,2013,42,11,0.1238680207,9.0,306.1333334,11.7564329,79.7634644
Tamil Nadu_Cuddalore_Acute Diarrhoeal Disease,Tamil Nadu,Cuddalore,Acute Diarrhoeal Disease,2014,44,83,0.8588027256,9.0,300.325,11.7564329,79.7634644
Tamil Nadu_Cuddalore_Acute Diarrhoeal Disease,Tamil Nadu,Cuddalore,Acute Diarrhoeal Disease,2015,2,90,0.1011246013,9.0,301.316,11.7564329,79.7634644
Tamil Nadu_Cuddalore_Acute Diarrhoeal Disease,Tamil Nadu,Cuddalore,Acute Diarrhoeal Disease,2016,18,17,0.00789764028,8.0,311.55,11.7564329,79.7634644
Tamil Nadu_Cuddalore_Acute Diarrhoeal Disease,Tamil Nadu,Cuddalore,Acute Diarrhoeal Disease,2017,1,32,0.03167776122,11.0,303.1966666,11.7564329,79.7634644
Tamil Nadu_Cuddalore_Acute Diarrhoeal Disease,Tamil Nadu,Cuddalore,Acute Diarrhoeal Disease,2019,43,49,0.9259456486,8.0,303.11,11.7564329,79.7634644
Tamil Nadu_Dindigul_Acute Diarrhoeal Disease,Tamil Nadu,Dindigul,Acute Diarrhoeal Disease,2010,8,112,0.0007620685002,10.0,305.6,10.3303299,78.06739791
Tamil Nadu_Dindigul_Acute Diarrhoeal Disease,Tamil Nadu,Dindigul,Acute Diarrhoeal Disease,2010,16,19,0.01524021493,9.0,313.04,10.3303299,78.06739791
Tamil Nadu_Dindigul_Acute Diarrhoeal Disease,Tamil Nadu,Dindigul,Acute Diarrhoeal Disease,2010,49,22,1.336285699,4.0,299.68,10.3303299,78.06739791
Tamil Nadu_Dindigul_Acute Diarrhoeal Disease,Tamil Nadu,Dindigul,Acute Diarrhoeal Disease,2011,32,13,0.3488107081,10.0,310.2,10.3303299,78.06739791
Tamil Nadu_Dindigul_Acute Diarrhoeal Disease,Tamil Nadu,Dindigul,Acute Diarrhoeal Disease,2011,50,15,0.1354393511,12.0,300.63,10.3303299,78.06739791
Tamil Nadu_Dindigul_Acute Diarrhoeal Disease,Tamil Nadu,Dindigul,Acute Diarrhoeal Disease,2012,2,12,0.09089114209,10.0,299.4233334,10.3303299,78.06739791
Tamil Nadu_Dindigul_Acute Diarrhoeal Disease,Tamil Nadu,Dindigul,Acute Diarrhoeal Disease,2012,21,28,0.174143296,13.0,305.148,10.3303299,78.06739791
Tamil Nadu_Dindigul_Acute Diarrhoeal Disease,Tamil Nadu,Dindigul,Acute Diarrhoeal Disease,2012,32,16,0.04182149426,9.0,310.84000000000003,10.3303299,78.06739791
Tamil Nadu_Dindigul_Acute Diarrhoeal Disease,Tamil Nadu,Dindigul,Acute Diarrhoeal Disease,2016,12,25,0.0008165524709,9.0,310.48,10.3303299,78.06739791
Tamil Nadu_Dindigul_Acute Diarrhoeal Disease,Tamil Nadu,Dindigul,Acute Diarrhoeal Disease,2018,29,56,0.2364849897,9.0,309.66,10.3303299,78.06739791
Tamil Nadu_Krishnagiri_Acute Diarrhoeal Disease,Tamil Nadu,Krishnagiri,Acute Diarrhoeal Disease,2010,17,35,0.04607911174,7.0,309.46,12.5188835,78.2206536
Tamil Nadu_Krishnagiri_Acute Diarrhoeal Disease,Tamil Nadu,Krishnagiri,Acute Diarrhoeal Disease,2010,19,24,0.1981429391,9.0,309.585,12.5188835,78.2206536
Tamil Nadu_Krishnagiri_Acute Diarrhoeal Disease,Tamil Nadu,Krishnagiri,Acute Diarrhoeal Disease,2012,17,11,0.003494631922,9.0,313.42400000000004,12.5188835,78.2206536
Tamil Nadu_Krishnagiri_Acute Diarrhoeal Disease,Tamil Nadu,Krishnagiri,Acute Diarrhoeal Disease,2012,22,110,0.04517766227,11.0,303.4358333,12.5188835,78.2206536
Tamil Nadu_Krishnagiri_Acute Diarrhoeal Disease,Tamil Nadu,Krishnagiri,Acute Diarrhoeal Disease,2013,16,26,0.003534351908,7.0,312.408,12.5188835,78.2206536
Tamil Nadu_Krishnagiri_Acute Diarrhoeal Disease,Tamil Nadu,Krishnagiri,Acute Diarrhoeal Disease,2013,40,13,0.002749145822,9.0,305.732,12.5188835,78.2206536
Tamil Nadu_Krishnagiri_Acute Diarrhoeal Disease,Tamil Nadu,Krishnagiri,Acute Diarrhoeal Disease,2014,21,19,0.1968196772,9.0,306.79200000000003,12.5188835,78.2206536
Tamil Nadu_Krishnagiri_Acute Diarrhoeal Disease,Tamil Nadu,Krishnagiri,Acute Diarrhoeal Disease,2014,32,11,0.08581389102,6.0,303.11,12.5188835,78.2206536
Tamil Nadu_Krishnagiri_Acute Diarrhoeal Disease,Tamil Nadu,Krishnagiri,Acute Diarrhoeal Disease,2015,34,17,0.2335807501,10.0,310.96,12.5188835,78.2206536
Tamil Nadu_Krishnagiri_Acute Diarrhoeal Disease,Tamil Nadu,Krishnagiri,Acute Diarrhoeal Disease,2017,18,32,0.01496514999,9.0,312.2866666,12.5188835,78.2206536
Tamil Nadu_Madurai_Acute Diarrhoeal Disease,Tamil Nadu,Madurai,Acute Diarrhoeal Disease,2011,5,10,0.007762837172,8.0,302.52500000000003,9.9261153,78.1140983
Tamil Nadu_Madurai_Acute Diarrhoeal Disease,Tamil Nadu,Madurai,Acute Diarrhoeal Disease,2011,6,15,0.002687165159,8.0,305.2133334,9.9261153,78.1140983
Tamil Nadu_Madurai_Acute Diarrhoeal Disease,Tamil Nadu,Madurai,Acute Diarrhoeal Disease,2011,22,9,0.2091158931,9.0,313.58,9.9261153,78.1140983
Tamil Nadu_Madurai_Acute Diarrhoeal Disease,Tamil Nadu,Madurai,Acute Diarrhoeal Disease,2012,30,61,0.1028386753,9.0,311.04,9.9261153,78.1140983
Tamil Nadu_Madurai_Acute Diarrhoeal Disease,Tamil Nadu,Madurai,Acute Diarrhoeal Disease,2014,4,45,0.011833386264999999,7.0,304.2025,9.9261153,78.1140983
Tamil Nadu_Madurai_Acute Diarrhoeal Disease,Tamil Nadu,Madurai,Acute Diarrhoeal Disease,2014,31,20,0.04261313763,5.0,316.39,9.9261153,78.1140983
Tamil Nadu_Madurai_Acute Diarrhoeal Disease,Tamil Nadu,Madurai,Acute Diarrhoeal Disease,2015,33,11,0.06073192508,8.0,314.98,9.9261153,78.1140983
Tamil Nadu_Madurai_Acute Diarrhoeal Disease,Tamil Nadu,Madurai,Acute Diarrhoeal Disease,2015,35,46,0.02360255829,8.0,309.54,9.9261153,78.1140983
Tamil Nadu_Madurai_Acute Diarrhoeal Disease,Tamil Nadu,Madurai,Acute Diarrhoeal Disease,2016,42,35,0.1283348373,7.0,309.5266666,9.9261153,78.1140983
Tamil Nadu_Madurai_Acute Diarrhoeal Disease,Tamil Nadu,Madurai,Acute Diarrhoeal Disease,2017,27,33,0.1377638188,5.0,316.84000000000003,9.9261153,78.1140983
Tamil Nadu_Madurai_Acute Diarrhoeal Disease,Tamil Nadu,Madurai,Acute Diarrhoeal Disease,2019,7,41,0.1070984761,5.0,307.46500000000003,9.9261153,78.1140983
Tamil Nadu_Madurai_Acute Diarrhoeal Disease,Tamil Nadu,Madurai,Acute Diarrhoeal Disease,2021,42,21,0.2064460402,9.0,310.44,9.9261153,78.1140983
Tamil Nadu_Salem_Acute Diarrhoeal Disease,Tamil Nadu,Salem,Acute Diarrhoeal Disease,2009,28,12,0.7144459837,9.0,311.0,11.0600516,77.0679581
Tamil Nadu_Salem_Acute Diarrhoeal Disease,Tamil Nadu,Salem,Acute Diarrhoeal Disease,2010,20,14,0.2914340506,8.0,309.84000000000003,11.0600516,77.0679581
Tamil Nadu_Salem_Acute Diarrhoeal Disease,Tamil Nadu,Salem,Acute Diarrhoeal Disease,2011,18,13,0.1690344056,10.0,303.44,11.0600516,77.0679581
Tamil Nadu_Salem_Acute Diarrhoeal Disease,Tamil Nadu,Salem,Acute Diarrhoeal Disease,2012,33,86,1.176260731,7.0,303.11,11.0600516,77.0679581
Tamil Nadu_Salem_Acute Diarrhoeal Disease,Tamil Nadu,Salem,Acute Diarrhoeal Disease,2014,30,20,0.0728804288,6.0,302.7133334,11.0600516,77.0679581
Tamil Nadu_Salem_Acute Diarrhoeal Disease,Tamil Nadu,Salem,Acute Diarrhoeal Disease,2014,34,150,0.7223715104,9.0,308.92,11.0600516,77.0679581
Tamil Nadu_Salem_Acute Diarrhoeal Disease,Tamil Nadu,Salem,Acute Diarrhoeal Disease,2015,47,20,0.4925684909,4.0,301.12,11.0600516,77.0679581
Tamil Nadu_Salem_Acute Diarrhoeal Disease,Tamil Nadu,Salem,Acute Diarrhoeal Disease,2017,9,20,0.00044786498854999996,7.0,310.84749999999997,11.0600516,77.0679581
Tamil Nadu_Salem_Acute Diarrhoeal Disease,Tamil Nadu,Salem,Acute Diarrhoeal Disease,2017,13,14,0.02025262231,8.0,314.1,11.0600516,77.0679581
Tamil Nadu_Salem_Acute Diarrhoeal Disease,Tamil Nadu,Salem,Acute Diarrhoeal Disease,2017,15,16,0.0191757263,6.0,311.445,11.0600516,77.0679581
Tamil Nadu_Salem_Acute Diarrhoeal Disease,Tamil Nadu,Salem,Acute Diarrhoeal Disease,2018,7,48,0.3704065416,9.0,305.264,11.0600516,77.0679581
Tamil Nadu_Salem_Acute Diarrhoeal Disease,Tamil Nadu,Salem,Acute Diarrhoeal Disease,2021,47,13,0.419424465,10.0,299.325,11.0600516,77.0679581
Tamil Nadu_Thanjavur_Acute Diarrhoeal Disease,Tamil Nadu,Thanjavur,Acute Diarrhoeal Disease,2009,27,32,0.137618034,9.0,312.97,10.7860267,79.1381497
Tamil Nadu_Thanjavur_Acute Diarrhoeal Disease,Tamil Nadu,Thanjavur,Acute Diarrhoeal Disease,2010,50,4,1.911279191,7.0,300.36,10.7860267,79.1381497
Tamil Nadu_Thanjavur_Acute Diarrhoeal Disease,Tamil Nadu,Thanjavur,Acute Diarrhoeal Disease,2011,4,66,0.009439082476,9.0,303.0133334,10.7860267,79.1381497
Tamil Nadu_Thanjavur_Acute Diarrhoeal Disease,Tamil Nadu,Thanjavur,Acute Diarrhoeal Disease,2011,8,18,0.01659719939,8.0,305.6433334,10.7860267,79.1381497
Tamil Nadu_Thanjavur_Acute Diarrhoeal Disease,Tamil Nadu,Thanjavur,Acute Diarrhoeal Disease,2011,28,25,0.09185294468,6.0,310.8666666,10.7860267,79.1381497
Tamil Nadu_Thanjavur_Acute Diarrhoeal Disease,Tamil Nadu,Thanjavur,Acute Diarrhoeal Disease,2011,50,32,0.05632934196,9.0,300.37,10.7860267,79.1381497
Tamil Nadu_Thanjavur_Acute Diarrhoeal Disease,Tamil Nadu,Thanjavur,Acute Diarrhoeal Disease,2012,9,19,0.0004408192248,8.0,309.332,10.7860267,79.1381497
Tamil Nadu_Thanjavur_Acute Diarrhoeal Disease,Tamil Nadu,Thanjavur,Acute Diarrhoeal Disease,2012,10,29,0.0004408192248,8.0,309.332,10.7860267,79.1381497
Tamil Nadu_Thanjavur_Acute Diarrhoeal Disease,Tamil Nadu,Thanjavur,Acute Diarrhoeal Disease,2012,21,72,0.1342329424,7.0,311.07,10.7860267,79.1381497
Tamil Nadu_Thanjavur_Acute Diarrhoeal Disease,Tamil Nadu,Thanjavur,Acute Diarrhoeal Disease,2013,28,45,0.08412576544,4.0,303.11,10.7860267,79.1381497
Tamil Nadu_Thanjavur_Acute Diarrhoeal Disease,Tamil Nadu,Thanjavur,Acute Diarrhoeal Disease,2016,23,15,0.4507535239,8.0,313.17,10.7860267,79.1381497
Tamil Nadu_Thanjavur_Acute Diarrhoeal Disease,Tamil Nadu,Thanjavur,Acute Diarrhoeal Disease,2018,14,68,0.007168373219,6.0,313.145,10.7860267,79.1381497
Tamil Nadu_Thanjavur_Acute Diarrhoeal Disease,Tamil Nadu,Thanjavur,Acute Diarrhoeal Disease,2018,30,10,0.03713612888,9.0,313.2,10.7860267,79.1381497
Tamil Nadu_Thanjavur_Acute Diarrhoeal Disease,Tamil Nadu,Thanjavur,Acute Diarrhoeal Disease,2018,31,15,0.126728941,6.0,310.33,10.7860267,79.1381497
Tamil Nadu_Thanjavur_Acute Diarrhoeal Disease,Tamil Nadu,Thanjavur,Acute Diarrhoeal Disease,2020,8,61,0.01945987739,9.0,308.735,10.7860267,79.1381497
Tamil Nadu_Thanjavur_Acute Diarrhoeal Disease,Tamil Nadu,Thanjavur,Acute Diarrhoeal Disease,2020,27,57,0.2544956103,7.0,311.48,10.7860267,79.1381497
Tamil Nadu_Thanjavur_Acute Diarrhoeal Disease,Tamil Nadu,Thanjavur,Acute Diarrhoeal Disease,2022,22,9,0.1644044216,9.0,310.305,10.7860267,79.1381497
Tamil Nadu_Tiruvannamalai_Acute Diarrhoeal Disease,Tamil Nadu,Tiruvannamalai,Acute Diarrhoeal Disease,2009,52,13,0.2505485455,9.0,296.54,12.22721295,79.07015555
Tamil Nadu_Tiruvannamalai_Acute Diarrhoeal Disease,Tamil Nadu,Tiruvannamalai,Acute Diarrhoeal Disease,2010,15,29,0.008206570204,7.0,312.01,12.22721295,79.07015555
Tamil Nadu_Tiruvannamalai_Acute Diarrhoeal Disease,Tamil Nadu,Tiruvannamalai,Acute Diarrhoeal Disease,2010,25,10,0.5326681065,7.0,303.11,12.22721295,79.07015555
Tamil Nadu_Tiruvannamalai_Acute Diarrhoeal Disease,Tamil Nadu,Tiruvannamalai,Acute Diarrhoeal Disease,2010,28,18,0.2311447628,11.0,310.78000000000003,12.22721295,79.07015555
Tamil Nadu_Tiruvannamalai_Acute Diarrhoeal Disease,Tamil Nadu,Tiruvannamalai,Acute Diarrhoeal Disease,2010,44,35,0.1619395694,13.0,304.91200000000003,12.22721295,79.07015555
Tamil Nadu_Tiruvannamalai_Acute Diarrhoeal Disease,Tamil Nadu,Tiruvannamalai,Acute Diarrhoeal Disease,2011,8,22,0.2452633783,9.0,302.415,12.22721295,79.07015555
Tamil Nadu_Tiruvannamalai_Acute Diarrhoeal Disease,Tamil Nadu,Tiruvannamalai,Acute Diarrhoeal Disease,2011,37,11,0.2335127029,10.0,306.3866666,12.22721295,79.07015555
Tamil Nadu_Tiruvannamalai_Acute Diarrhoeal Disease,Tamil Nadu,Tiruvannamalai,Acute Diarrhoeal Disease,2012,24,21,0.1398941167,9.0,309.2266666,12.22721295,79.07015555
Tamil Nadu_Tiruvannamalai_Acute Diarrhoeal Disease,Tamil Nadu,Tiruvannamalai,Acute Diarrhoeal Disease,2013,47,13,0.4448974126,13.0,298.39,12.22721295,79.07015555
Tamil Nadu_Tiruvannamalai_Acute Diarrhoeal Disease,Tamil Nadu,Tiruvannamalai,Acute Diarrhoeal Disease,2015,38,21,0.005526542963,11.0,310.0733334,12.22721295,79.07015555
Tamil Nadu_Tiruvannamalai_Acute Diarrhoeal Disease,Tamil Nadu,Tiruvannamalai,Acute Diarrhoeal Disease,2015,51,14,0.08547666771,8.0,299.336,12.22721295,79.07015555
Tamil Nadu_Tiruvannamalai_Acute Diarrhoeal Disease,Tamil Nadu,Tiruvannamalai,Acute Diarrhoeal Disease,2017,7,55,0.01086650283,9.0,305.96,12.22721295,79.07015555
Tamil Nadu_Tiruvannamalai_Acute Diarrhoeal Disease,Tamil Nadu,Tiruvannamalai,Acute Diarrhoeal Disease,2017,33,46,0.3997835747,8.0,301.88,12.22721295,79.07015555
Tamil Nadu_Tiruvannamalai_Acute Diarrhoeal Disease,Tamil Nadu,Tiruvannamalai,Acute Diarrhoeal Disease,2019,49,16,0.4837179754,12.0,299.49333340000004,12.22721295,79.07015555
Tamil Nadu_Tiruvannamalai_Acute Diarrhoeal Disease,Tamil Nadu,Tiruvannamalai,Acute Diarrhoeal Disease,2020,7,31,0.02488543113,10.0,302.396,12.22721295,79.07015555
Tamil Nadu_Vellore_Acute Diarrhoeal Disease,Tamil Nadu,Vellore,Acute Diarrhoeal Disease,2009,45,15,0.402067569,10.0,303.5,12.7948109,79.0006411
Tamil Nadu_Vellore_Acute Diarrhoeal Disease,Tamil Nadu,Vellore,Acute Diarrhoeal Disease,2010,14,17,0.0002419117117,7.0,311.24,12.7948109,79.0006411
Tamil Nadu_Vellore_Acute Diarrhoeal Disease,Tamil Nadu,Vellore,Acute Diarrhoeal Disease,2010,20,12,0.009212822525,7.0,310.415,12.7948109,79.0006411
Tamil Nadu_Vellore_Acute Diarrhoeal Disease,Tamil Nadu,Vellore,Acute Diarrhoeal Disease,2010,24,11,0.2716898918,11.0,301.04,12.7948109,79.0006411
Tamil Nadu_Vellore_Acute Diarrhoeal Disease,Tamil Nadu,Vellore,Acute Diarrhoeal Disease,2011,24,18,0.07847968235,11.0,308.992,12.7948109,79.0006411
Tamil Nadu_Vellore_Acute Diarrhoeal Disease,Tamil Nadu,Vellore,Acute Diarrhoeal Disease,2013,29,15,0.1356743049,3.0,303.11,12.7948109,79.0006411
Tamil Nadu_Vellore_Acute Diarrhoeal Disease,Tamil Nadu,Vellore,Acute Diarrhoeal Disease,2015,50,11,0.1240609589,9.0,297.1333334,12.7948109,79.0006411
Tamil Nadu_Vellore_Acute Diarrhoeal Disease,Tamil Nadu,Vellore,Acute Diarrhoeal Disease,2017,28,13,0.05852103832,9.0,307.48,12.7948109,79.0006411
Tamil Nadu_Vellore_Acute Diarrhoeal Disease,Tamil Nadu,Vellore,Acute Diarrhoeal Disease,2018,38,21,0.2668336276,16.0,304.22,12.7948109,79.0006411
Tamil Nadu_Vellore_Acute Diarrhoeal Disease,Tamil Nadu,Vellore,Acute Diarrhoeal Disease,2021,42,28,0.5468101684,17.0,303.285,12.7948109,79.0006411
Tamil Nadu_Vellore_Acute Diarrhoeal Disease,Tamil Nadu,Vellore,Acute Diarrhoeal Disease,2021,48,5,0.6062372998,8.0,297.32,12.7948109,79.0006411
Tamil Nadu_Vellore_Acute Diarrhoeal Disease,Tamil Nadu,Vellore,Acute Diarrhoeal Disease,2022,18,15,0.1129625705,10.0,306.572,12.7948109,79.0006411
Tamil Nadu_Vellore_Acute Diarrhoeal Disease,Tamil Nadu,Vellore,Acute Diarrhoeal Disease,2022,19,15,0.1081991632,10.0,308.48400000000004,12.7948109,79.0006411
Tamil Nadu_Villupuram_Acute Diarrhoeal Disease,Tamil Nadu,Villupuram,Acute Diarrhoeal Disease,2009,46,37,1.607367175,5.0,296.6,11.9415377,79.4861469
Tamil Nadu_Villupuram_Acute Diarrhoeal Disease,Tamil Nadu,Villupuram,Acute Diarrhoeal Disease,2010,4,11,0.02355016768,9.0,301.18,11.9415377,79.4861469
Tamil Nadu_Villupuram_Acute Diarrhoeal Disease,Tamil Nadu,Villupuram,Acute Diarrhoeal Disease,2010,16,38,0.00244840763,8.0,308.28400000000005,11.9415377,79.4861469
Tamil Nadu_Villupuram_Acute Diarrhoeal Disease,Tamil Nadu,Villupuram,Acute Diarrhoeal Disease,2010,17,12,0.01903197394,8.0,309.30400000000003,11.9415377,79.4861469
Tamil Nadu_Villupuram_Acute Diarrhoeal Disease,Tamil Nadu,Villupuram,Acute Diarrhoeal Disease,2010,21,14,0.0880913051,9.0,310.5,11.9415377,79.4861469
Tamil Nadu_Villupuram_Acute Diarrhoeal Disease,Tamil Nadu,Villupuram,Acute Diarrhoeal Disease,2010,28,10,0.2144749053,10.0,309.4733334,11.9415377,79.4861469
Tamil Nadu_Villupuram_Acute Diarrhoeal Disease,Tamil Nadu,Villupuram,Acute Diarrhoeal Disease,2010,33,14,0.03249150183,8.0,306.64,11.9415377,79.4861469
Tamil Nadu_Villupuram_Acute Diarrhoeal Disease,Tamil Nadu,Villupuram,Acute Diarrhoeal Disease,2010,48,20,0.8495832581,8.0,301.64,11.9415377,79.4861469
Tamil Nadu_Villupuram_Acute Diarrhoeal Disease,Tamil Nadu,Villupuram,Acute Diarrhoeal Disease,2010,51,18,1.670485842,10.0,297.1,11.9415377,79.4861469
Tamil Nadu_Villupuram_Acute Diarrhoeal Disease,Tamil Nadu,Villupuram,Acute Diarrhoeal Disease,2010,52,10,0.05213908584,12.0,299.57599999999996,11.9415377,79.4861469
Tamil Nadu_Villupuram_Acute Diarrhoeal Disease,Tamil Nadu,Villupuram,Acute Diarrhoeal Disease,2011,2,12,0.335652031,9.0,298.5266666,11.9415377,79.4861469
Tamil Nadu_Villupuram_Acute Diarrhoeal Disease,Tamil Nadu,Villupuram,Acute Diarrhoeal Disease,2011,5,12,0.01182924502,9.0,301.928,11.9415377,79.4861469
Tamil Nadu_Villupuram_Acute Diarrhoeal Disease,Tamil Nadu,Villupuram,Acute Diarrhoeal Disease,2011,32,13,0.08046590516,9.0,303.11,11.9415377,79.4861469
Tamil Nadu_Villupuram_Acute Diarrhoeal Disease,Tamil Nadu,Villupuram,Acute Diarrhoeal Disease,2011,46,21,0.2480165043,13.0,301.86,11.9415377,79.4861469
Tamil Nadu_Villupuram_Acute Diarrhoeal Disease,Tamil Nadu,Villupuram,Acute Diarrhoeal Disease,2012,31,14,0.005562222011,9.0,309.755,11.9415377,79.4861469
Tamil Nadu_Villupuram_Acute Diarrhoeal Disease,Tamil Nadu,Villupuram,Acute Diarrhoeal Disease,2013,35,36,0.03939331949,11.0,306.30400000000003,11.9415377,79.4861469
Tamil Nadu_Villupuram_Acute Diarrhoeal Disease,Tamil Nadu,Villupuram,Acute Diarrhoeal Disease,2017,30,54,0.06536877034,9.0,311.732,11.9415377,79.4861469
Tamil Nadu_Villupuram_Acute Diarrhoeal Disease,Tamil Nadu,Villupuram,Acute Diarrhoeal Disease,2018,24,36,0.2189262954,8.0,312.48,11.9415377,79.4861469
Tamil Nadu_Villupuram_Acute Diarrhoeal Disease,Tamil Nadu,Villupuram,Acute Diarrhoeal Disease,2020,8,5,0.0003017665283,8.0,307.492,11.9415377,79.4861469
Tamil Nadu_Virudhunagar_Acute Diarrhoeal Disease,Tamil Nadu,Virudhunagar,Acute Diarrhoeal Disease,2009,29,20,0.3250132791,4.0,314.2666666,9.5208936,77.8784564
Tamil Nadu_Virudhunagar_Acute Diarrhoeal Disease,Tamil Nadu,Virudhunagar,Acute Diarrhoeal Disease,2010,15,12,0.0009794524482,5.0,316.2266666,9.5208936,77.8784564
Tamil Nadu_Virudhunagar_Acute Diarrhoeal Disease,Tamil Nadu,Virudhunagar,Acute Diarrhoeal Disease,2010,24,36,0.2630083229,3.0,316.32,9.5208936,77.8784564
Tamil Nadu_Virudhunagar_Acute Diarrhoeal Disease,Tamil Nadu,Virudhunagar,Acute Diarrhoeal Disease,2010,32,12,0.4509067222,4.0,303.11,9.5208936,77.8784564
Tamil Nadu_Virudhunagar_Acute Diarrhoeal Disease,Tamil Nadu,Virudhunagar,Acute Diarrhoeal Disease,2011,23,17,0.03158357145,7.0,314.315,9.5208936,77.8784564
Tamil Nadu_Virudhunagar_Acute Diarrhoeal Disease,Tamil Nadu,Virudhunagar,Acute Diarrhoeal Disease,2011,25,50,0.03158357145,7.0,314.315,9.5208936,77.8784564
Tamil Nadu_Virudhunagar_Acute Diarrhoeal Disease,Tamil Nadu,Virudhunagar,Acute Diarrhoeal Disease,2012,3,26,0.00110089784,10.0,302.10400000000004,9.5208936,77.8784564
Tamil Nadu_Virudhunagar_Acute Diarrhoeal Disease,Tamil Nadu,Virudhunagar,Acute Diarrhoeal Disease,2012,19,21,0.2172936417,6.0,308.295,9.5208936,77.8784564
Tamil Nadu_Virudhunagar_Acute Diarrhoeal Disease,Tamil Nadu,Virudhunagar,Acute Diarrhoeal Disease,2012,27,30,0.02502542013,5.0,312.2066666,9.5208936,77.8784564
Tamil Nadu_Virudhunagar_Acute Diarrhoeal Disease,Tamil Nadu,Virudhunagar,Acute Diarrhoeal Disease,2016,28,77,0.09810245649,5.0,316.6733334,9.5208936,77.8784564
Tamil Nadu_Virudhunagar_Acute Diarrhoeal Disease,Tamil Nadu,Virudhunagar,Acute Diarrhoeal Disease,2017,20,20,0.1281874512,9.0,312.595,9.5208936,77.8784564
Tamil Nadu_Virudhunagar_Acute Diarrhoeal Disease,Tamil Nadu,Virudhunagar,Acute Diarrhoeal Disease,2018,40,45,0.546553799,9.0,312.2733334,9.5208936,77.8784564
Telangana_Adilabad_Acute Diarrhoeal Disease,Telangana,Adilabad,Acute Diarrhoeal Disease,2009,25,33,0.002598334048,4.0,318.28000000000003,19.5,78.5
Telangana_Adilabad_Acute Diarrhoeal Disease,Telangana,Adilabad,Acute Diarrhoeal Disease,2009,28,25,0.6635440951,3.0,303.11,19.5,78.5
Telangana_Adilabad_Acute Diarrhoeal Disease,Telangana,Adilabad,Acute Diarrhoeal Disease,2009,29,20,1.135072207,8.0,300.40000000000003,19.5,78.5
Telangana_Adilabad_Acute Diarrhoeal Disease,Telangana,Adilabad,Acute Diarrhoeal Disease,2009,34,18,0.1080349058,10.0,306.75,19.5,78.5
Telangana_Adilabad_Acute Diarrhoeal Disease,Telangana,Adilabad,Acute Diarrhoeal Disease,2009,35,25,1.286497663,9.0,303.08,19.5,78.5
Telangana_Adilabad_Acute Diarrhoeal Disease,Telangana,Adilabad,Acute Diarrhoeal Disease,2009,37,12,0.803600477,17.0,293.71,19.5,78.5
Telangana_Adilabad_Acute Diarrhoeal Disease,Telangana,Adilabad,Acute Diarrhoeal Disease,2009,38,12,0.2833241041,21.0,301.40000000000003,19.5,78.5
Telangana_Adilabad_Acute Diarrhoeal Disease,Telangana,Adilabad,Acute Diarrhoeal Disease,2010,24,67,0.008853658437,3.0,321.2233334,19.5,78.5
Telangana_Adilabad_Acute Diarrhoeal Disease,Telangana,Adilabad,Acute Diarrhoeal Disease,2010,28,30,0.1208336402,7.0,300.42,19.5,78.5
Telangana_Adilabad_Acute Diarrhoeal Disease,Telangana,Adilabad,Acute Diarrhoeal Disease,2010,29,30,0.1208336402,7.0,300.42,19.5,78.5
Telangana_Adilabad_Acute Diarrhoeal Disease,Telangana,Adilabad,Acute Diarrhoeal Disease,2010,35,17,0.7283672143,5.0,303.11,19.5,78.5
Telangana_Adilabad_Acute Diarrhoeal Disease,Telangana,Adilabad,Acute Diarrhoeal Disease,2011,21,32,0.0181271038,4.0,317.78000000000003,19.5,78.5
Telangana_Adilabad_Acute Diarrhoeal Disease,Telangana,Adilabad,Acute Diarrhoeal Disease,2016,29,126,3.456844338,9.0,303.11,19.5,78.5
Telangana_Adilabad_Acute Diarrhoeal Disease,Telangana,Adilabad,Acute Diarrhoeal Disease,2017,20,18,0.05207400162,4.0,321.0333334,19.5,78.5
Telangana_Adilabad_Acute Diarrhoeal Disease,Telangana,Adilabad,Acute Diarrhoeal Disease,2018,27,17,0.3123038618,9.0,307.51,19.5,78.5
Telangana_Adilabad_Acute Diarrhoeal Disease,Telangana,Adilabad,Acute Diarrhoeal Disease,2018,34,12,1.383005458,7.0,303.11,19.5,78.5
Telangana_Adilabad_Acute Diarrhoeal Disease,Telangana,Adilabad,Acute Diarrhoeal Disease,2019,35,51,1.224324813,9.0,304.52,19.5,78.5
Telangana_Adilabad_Acute Diarrhoeal Disease,Telangana,Adilabad,Acute Diarrhoeal Disease,2020,24,40,0.1657612636,4.0,315.264,19.5,78.5
Telangana_Khammam_Acute Diarrhoeal Disease,Telangana,Khammam,Acute Diarrhoeal Disease,2009,50,51,0.0002191727025,13.0,303.512,17.5,80.333333
Telangana_Khammam_Acute Diarrhoeal Disease,Telangana,Khammam,Acute Diarrhoeal Disease,2010,9,45,0.02373097727,12.0,307.365,17.5,80.333333
Telangana_Khammam_Acute Diarrhoeal Disease,Telangana,Khammam,Acute Diarrhoeal Disease,2010,25,15,0.521019932,5.0,303.11,17.5,80.333333
Telangana_Khammam_Acute Diarrhoeal Disease,Telangana,Khammam,Acute Diarrhoeal Disease,2011,6,127,5.96e-05,11.0,302.8433334,17.5,80.333333
Telangana_Khammam_Acute Diarrhoeal Disease,Telangana,Khammam,Acute Diarrhoeal Disease,2011,27,23,0.2141278393,7.0,312.58,17.5,80.333333
Telangana_Khammam_Acute Diarrhoeal Disease,Telangana,Khammam,Acute Diarrhoeal Disease,2012,24,15,0.1640880779,9.0,314.43,17.5,80.333333
Telangana_Khammam_Acute Diarrhoeal Disease,Telangana,Khammam,Acute Diarrhoeal Disease,2013,46,10,0.001717888786,20.0,301.656,17.5,80.333333
Telangana_Khammam_Acute Diarrhoeal Disease,Telangana,Khammam,Acute Diarrhoeal Disease,2014,27,17,0.3368025453,8.0,314.12,17.5,80.333333
Telangana_Khammam_Acute Diarrhoeal Disease,Telangana,Khammam,Acute Diarrhoeal Disease,2016,27,7,0.5223220101,9.0,303.11,17.5,80.333333
Telangana_Khammam_Acute Diarrhoeal Disease,Telangana,Khammam,Acute Diarrhoeal Disease,2016,37,7,0.5223220101,9.0,303.11,17.5,80.333333
Telangana_Mahabubnagar_Acute Diarrhoeal Disease,Telangana,Mahabubnagar,Acute Diarrhoeal Disease,2010,11,16,4.61e-05,9.0,314.308,16.69656855,77.95911462
Telangana_Mahabubnagar_Acute Diarrhoeal Disease,Telangana,Mahabubnagar,Acute Diarrhoeal Disease,2012,34,24,0.03926480943,8.0,307.7733334,16.69656855,77.95911462
Telangana_Mahabubnagar_Acute Diarrhoeal Disease,Telangana,Mahabubnagar,Acute Diarrhoeal Disease,2012,36,22,0.9550196404,7.0,303.11,16.69656855,77.95911462
Telangana_Mahabubnagar_Acute Diarrhoeal Disease,Telangana,Mahabubnagar,Acute Diarrhoeal Disease,2013,33,16,0.2247113055,6.0,307.32,16.69656855,77.95911462
Telangana_Mahabubnagar_Acute Diarrhoeal Disease,Telangana,Mahabubnagar,Acute Diarrhoeal Disease,2013,37,40,0.2215723677,12.0,304.77,16.69656855,77.95911462
Telangana_Mahabubnagar_Acute Diarrhoeal Disease,Telangana,Mahabubnagar,Acute Diarrhoeal Disease,2013,48,26,0.04224998922,10.0,304.17,16.69656855,77.95911462
Telangana_Mahabubnagar_Acute Diarrhoeal Disease,Telangana,Mahabubnagar,Acute Diarrhoeal Disease,2014,27,21,0.1305878941,4.0,311.9666666,16.69656855,77.95911462
Telangana_Mahabubnagar_Acute Diarrhoeal Disease,Telangana,Mahabubnagar,Acute Diarrhoeal Disease,2015,10,35,0.00712550435,5.0,313.536,16.69656855,77.95911462
Telangana_Mahabubnagar_Acute Diarrhoeal Disease,Telangana,Mahabubnagar,Acute Diarrhoeal Disease,2015,32,40,0.06186586537,6.0,310.23,16.69656855,77.95911462
Telangana_Mahabubnagar_Acute Diarrhoeal Disease,Telangana,Mahabubnagar,Acute Diarrhoeal Disease,2016,27,13,0.5848840212,2.0,303.11,16.69656855,77.95911462
Telangana_Mahabubnagar_Acute Diarrhoeal Disease,Telangana,Mahabubnagar,Acute Diarrhoeal Disease,2016,28,41,0.4885946754,9.0,303.11,16.69656855,77.95911462
Telangana_Mahabubnagar_Acute Diarrhoeal Disease,Telangana,Mahabubnagar,Acute Diarrhoeal Disease,2016,39,30,1.477629048,4.0,303.11,16.69656855,77.95911462
Telangana_Medak_Acute Diarrhoeal Disease,Telangana,Medak,Acute Diarrhoeal Disease,2009,32,10,0.04898724345,9.0,308.75333340000003,17.9375095,78.21174499
Telangana_Medak_Acute Diarrhoeal Disease,Telangana,Medak,Acute Diarrhoeal Disease,2010,20,10,0.001396034577,4.0,314.78400000000005,17.9375095,78.21174499
Telangana_Medak_Acute Diarrhoeal Disease,Telangana,Medak,Acute Diarrhoeal Disease,2010,23,138,0.00592557077,4.0,316.1393333,17.9375095,78.21174499
Telangana_Medak_Acute Diarrhoeal Disease,Telangana,Medak,Acute Diarrhoeal Disease,2010,31,31,0.8967460869,9.0,303.11,17.9375095,78.21174499
Telangana_Medak_Acute Diarrhoeal Disease,Telangana,Medak,Acute Diarrhoeal Disease,2010,33,31,0.8967460869,9.0,303.11,17.9375095,78.21174499
Telangana_Medak_Acute Diarrhoeal Disease,Telangana,Medak,Acute Diarrhoeal Disease,2010,42,10,0.2200512556,12.0,301.07,17.9375095,78.21174499
Telangana_Medak_Acute Diarrhoeal Disease,Telangana,Medak,Acute Diarrhoeal Disease,2011,23,10,0.2225436022,4.0,313.256,17.9375095,78.21174499
Telangana_Medak_Acute Diarrhoeal Disease,Telangana,Medak,Acute Diarrhoeal Disease,2011,25,28,0.1089427438,5.0,308.4133334,17.9375095,78.21174499
Telangana_Medak_Acute Diarrhoeal Disease,Telangana,Medak,Acute Diarrhoeal Disease,2011,33,10,0.1016172701,8.0,291.03000000000003,17.9375095,78.21174499
Telangana_Medak_Acute Diarrhoeal Disease,Telangana,Medak,Acute Diarrhoeal Disease,2012,12,39,8.48e-05,9.0,316.6333334,17.9375095,78.21174499
Telangana_Medak_Acute Diarrhoeal Disease,Telangana,Medak,Acute Diarrhoeal Disease,2012,35,34,0.4892417684,13.0,302.41,17.9375095,78.21174499
Telangana_Medak_Acute Diarrhoeal Disease,Telangana,Medak,Acute Diarrhoeal Disease,2013,37,40,0.05473104478,13.0,301.84000000000003,17.9375095,78.21174499
Telangana_Medak_Acute Diarrhoeal Disease,Telangana,Medak,Acute Diarrhoeal Disease,2013,40,11,0.02767450989,9.0,301.24666659999997,17.9375095,78.21174499
Telangana_Medak_Acute Diarrhoeal Disease,Telangana,Medak,Acute Diarrhoeal Disease,2014,39,14,0.2963973753,10.0,304.22,17.9375095,78.21174499
Telangana_Medak_Acute Diarrhoeal Disease,Telangana,Medak,Acute Diarrhoeal Disease,2016,36,16,0.1910501586,14.0,303.225,17.9375095,78.21174499
Telangana_Medak_Acute Diarrhoeal Disease,Telangana,Medak,Acute Diarrhoeal Disease,2016,38,10,0.3950823454,10.0,297.1866666,17.9375095,78.21174499
Telangana_Medak_Acute Diarrhoeal Disease,Telangana,Medak,Acute Diarrhoeal Disease,2016,39,42,1.1206297506,9.5,301.82500000000005,17.9375095,78.21174499
Telangana_Medak_Acute Diarrhoeal Disease,Telangana,Medak,Acute Diarrhoeal Disease,2016,40,35,0.4295015829,13.0,300.12,17.9375095,78.21174499
Telangana_Medak_Acute Diarrhoeal Disease,Telangana,Medak,Acute Diarrhoeal Disease,2016,43,43,2.3500000000000002e-05,12.0,304.3593333,17.9375095,78.21174499
Telangana_Medak_Acute Diarrhoeal Disease,Telangana,Medak,Acute Diarrhoeal Disease,2016,48,57,1.1206297506,9.5,301.82500000000005,17.9375095,78.21174499
Telangana_Medak_Acute Diarrhoeal Disease,Telangana,Medak,Acute Diarrhoeal Disease,2018,6,172,4.17e-05,5.0,306.81333340000003,17.9375095,78.21174499
Telangana_Nizamabad_Acute Diarrhoeal Disease,Telangana,Nizamabad,Acute Diarrhoeal Disease,2009,30,23,0.8527514312,7.0,302.27,18.75,78.25
Telangana_Nizamabad_Acute Diarrhoeal Disease,Telangana,Nizamabad,Acute Diarrhoeal Disease,2009,43,245,0.01806527296,15.0,305.396,18.75,78.25
Telangana_Nizamabad_Acute Diarrhoeal Disease,Telangana,Nizamabad,Acute Diarrhoeal Disease,2012,12,13,2.62e-05,7.0,311.2066666,18.75,78.25
Telangana_Nizamabad_Acute Diarrhoeal Disease,Telangana,Nizamabad,Acute Diarrhoeal Disease,2013,21,97,0.002620412488,4.0,316.3433334,18.75,78.25
Telangana_Nizamabad_Acute Diarrhoeal Disease,Telangana,Nizamabad,Acute Diarrhoeal Disease,2013,23,102,0.3572437525,4.0,311.66,18.75,78.25
Telangana_Nizamabad_Acute Diarrhoeal Disease,Telangana,Nizamabad,Acute Diarrhoeal Disease,2013,28,12,0.4735748811,6.0,303.6,18.75,78.25
Telangana_Nizamabad_Acute Diarrhoeal Disease,Telangana,Nizamabad,Acute Diarrhoeal Disease,2014,23,27,0.005093628783,9.0,313.68,18.75,78.25
Telangana_Nizamabad_Acute Diarrhoeal Disease,Telangana,Nizamabad,Acute Diarrhoeal Disease,2016,2,80,3.46e-05,9.0,304.66,18.75,78.25
Telangana_Nizamabad_Acute Diarrhoeal Disease,Telangana,Nizamabad,Acute Diarrhoeal Disease,2016,32,54,0.551274374,9.0,297.34000000000003,18.75,78.25
Telangana_Nizamabad_Acute Diarrhoeal Disease,Telangana,Nizamabad,Acute Diarrhoeal Disease,2017,27,18,0.4665800098,9.0,315.83,18.75,78.25
Telangana_Nizamabad_Acute Diarrhoeal Disease,Telangana,Nizamabad,Acute Diarrhoeal Disease,2018,12,158,0.05867749867,9.0,307.24,18.75,78.25
Telangana_Nizamabad_Acute Diarrhoeal Disease,Telangana,Nizamabad,Acute Diarrhoeal Disease,2018,44,27,0.008511625856,11.0,305.4866666,18.75,78.25
Telangana_Nizamabad_Acute Diarrhoeal Disease,Telangana,Nizamabad,Acute Diarrhoeal Disease,2018,46,27,5.68e-05,10.0,306.86,18.75,78.25
Telangana_Warangal_Acute Diarrhoeal Disease,Telangana,Warangal,Acute Diarrhoeal Disease,2010,17,30,0.01763627921,4.0,316.37333340000004,17.9820644,79.5970954
Telangana_Warangal_Acute Diarrhoeal Disease,Telangana,Warangal,Acute Diarrhoeal Disease,2010,24,50,0.02102580763,3.0,318.12,17.9820644,79.5970954
Telangana_Warangal_Acute Diarrhoeal Disease,Telangana,Warangal,Acute Diarrhoeal Disease,2010,27,10,0.2134803996,5.0,307.1333334,17.9820644,79.5970954
Telangana_Warangal_Acute Diarrhoeal Disease,Telangana,Warangal,Acute Diarrhoeal Disease,2010,28,10,0.2134803996,5.0,307.1333334,17.9820644,79.5970954
Telangana_Warangal_Acute Diarrhoeal Disease,Telangana,Warangal,Acute Diarrhoeal Disease,2010,31,30,1.182017417,7.0,303.11,17.9820644,79.5970954
Telangana_Warangal_Acute Diarrhoeal Disease,Telangana,Warangal,Acute Diarrhoeal Disease,2010,34,50,0.7501316857,9.0,305.7933334,17.9820644,79.5970954
Telangana_Warangal_Acute Diarrhoeal Disease,Telangana,Warangal,Acute Diarrhoeal Disease,2010,35,25,0.9176228001,9.0,302.2,17.9820644,79.5970954
Telangana_Warangal_Acute Diarrhoeal Disease,Telangana,Warangal,Acute Diarrhoeal Disease,2010,38,51,1.656995705,9.0,298.96,17.9820644,79.5970954
Telangana_Warangal_Acute Diarrhoeal Disease,Telangana,Warangal,Acute Diarrhoeal Disease,2010,45,13,0.684105454,14.0,301.07,17.9820644,79.5970954
Telangana_Warangal_Acute Diarrhoeal Disease,Telangana,Warangal,Acute Diarrhoeal Disease,2011,31,20,0.6781850556,6.0,303.3266666,17.9820644,79.5970954
Telangana_Warangal_Acute Diarrhoeal Disease,Telangana,Warangal,Acute Diarrhoeal Disease,2011,32,54,0.05604376418,8.0,307.1,17.9820644,79.5970954
Telangana_Warangal_Acute Diarrhoeal Disease,Telangana,Warangal,Acute Diarrhoeal Disease,2011,36,17,0.7258221073,9.0,302.38,17.9820644,79.5970954
Telangana_Warangal_Acute Diarrhoeal Disease,Telangana,Warangal,Acute Diarrhoeal Disease,2012,30,92,1.712991938,5.0,303.11,17.9820644,79.5970954
Uttar Pradesh_Chandauli_Acute Diarrhoeal Disease,Uttar Pradesh,Chandauli,Acute Diarrhoeal Disease,2012,25,15,5.87e-05,9.0,313.34000000000003,25.1265777,83.24965577
Uttar Pradesh_Chandauli_Acute Diarrhoeal Disease,Uttar Pradesh,Chandauli,Acute Diarrhoeal Disease,2013,41,62,0.5949853484666666,11.0,300.9062222666667,25.1265777,83.24965577
Uttar Pradesh_Chandauli_Acute Diarrhoeal Disease,Uttar Pradesh,Chandauli,Acute Diarrhoeal Disease,2014,36,17,0.2721729072,17.0,302.844,25.1265777,83.24965577
Uttar Pradesh_Chandauli_Acute Diarrhoeal Disease,Uttar Pradesh,Chandauli,Acute Diarrhoeal Disease,2015,30,37,0.4928741399,9.0,302.51,25.1265777,83.24965577
Uttar Pradesh_Chandauli_Acute Diarrhoeal Disease,Uttar Pradesh,Chandauli,Acute Diarrhoeal Disease,2015,33,18,0.2436842786,18.0,300.69,25.1265777,83.24965577
Uttar Pradesh_Chandauli_Acute Diarrhoeal Disease,Uttar Pradesh,Chandauli,Acute Diarrhoeal Disease,2015,34,60,0.4310155255,8.5,308.972,25.1265777,83.24965577
Uttar Pradesh_Chandauli_Acute Diarrhoeal Disease,Uttar Pradesh,Chandauli,Acute Diarrhoeal Disease,2015,36,89,0.7040311155,19.0,300.6866666,25.1265777,83.24965577
Uttar Pradesh_Chandauli_Acute Diarrhoeal Disease,Uttar Pradesh,Chandauli,Acute Diarrhoeal Disease,2015,37,20,0.02130153649,20.0,302.10400000000004,25.1265777,83.24965577
Uttar Pradesh_Chandauli_Acute Diarrhoeal Disease,Uttar Pradesh,Chandauli,Acute Diarrhoeal Disease,2015,39,19,0.4236238031,9.0,303.82,25.1265777,83.24965577
Uttar Pradesh_Chandauli_Acute Diarrhoeal Disease,Uttar Pradesh,Chandauli,Acute Diarrhoeal Disease,2016,21,36,0.04507422306,5.0,315.82,25.1265777,83.24965577
Uttar Pradesh_Chandauli_Acute Diarrhoeal Disease,Uttar Pradesh,Chandauli,Acute Diarrhoeal Disease,2016,30,12,0.839618801,12.0,303.11,25.1265777,83.24965577
Uttar Pradesh_Chandauli_Acute Diarrhoeal Disease,Uttar Pradesh,Chandauli,Acute Diarrhoeal Disease,2016,36,360,0.7297517599,9.333333333333334,303.75,25.1265777,83.24965577
Uttar Pradesh_Chandauli_Acute Diarrhoeal Disease,Uttar Pradesh,Chandauli,Acute Diarrhoeal Disease,2016,39,56,1.3414024509999998,13.0,300.32666666666665,25.1265777,83.24965577
Uttar Pradesh_Chandauli_Acute Diarrhoeal Disease,Uttar Pradesh,Chandauli,Acute Diarrhoeal Disease,2016,42,71,0.47334107989999996,26.0,301.89700000000005,25.1265777,83.24965577
Uttar Pradesh_Chandauli_Acute Diarrhoeal Disease,Uttar Pradesh,Chandauli,Acute Diarrhoeal Disease,2017,20,13,0.06106084845,6.0,315.43,25.1265777,83.24965577
Uttar Pradesh_Chandauli_Acute Diarrhoeal Disease,Uttar Pradesh,Chandauli,Acute Diarrhoeal Disease,2017,32,76,1.9801743062000001,5.0,303.27750000000003,25.1265777,83.24965577
Uttar Pradesh_Chandauli_Acute Diarrhoeal Disease,Uttar Pradesh,Chandauli,Acute Diarrhoeal Disease,2017,40,11,0.3127235689,17.0,303.37,25.1265777,83.24965577
Uttar Pradesh_Chandauli_Acute Diarrhoeal Disease,Uttar Pradesh,Chandauli,Acute Diarrhoeal Disease,2018,23,17,0.04421720051,6.0,311.496,25.1265777,83.24965577
Uttar Pradesh_Chandauli_Acute Diarrhoeal Disease,Uttar Pradesh,Chandauli,Acute Diarrhoeal Disease,2019,42,96,0.65744078486,14.8,300.7828,25.1265777,83.24965577
Uttar Pradesh_Chandauli_Acute Diarrhoeal Disease,Uttar Pradesh,Chandauli,Acute Diarrhoeal Disease,2021,42,38,0.5887707151,19.0,301.548,25.1265777,83.24965577
Uttar Pradesh_Chandauli_Acute Diarrhoeal Disease,Uttar Pradesh,Chandauli,Acute Diarrhoeal Disease,2021,45,24,8.66e-05,14.0,301.456,25.1265777,83.24965577
Uttar Pradesh_Ghazipur_Acute Diarrhoeal Disease,Uttar Pradesh,Ghazipur,Acute Diarrhoeal Disease,2009,33,13,0.1365757659,6.0,305.22,25.6035084,83.50745405
Uttar Pradesh_Ghazipur_Acute Diarrhoeal Disease,Uttar Pradesh,Ghazipur,Acute Diarrhoeal Disease,2009,36,23,0.7481644209,9.0,303.1,25.6035084,83.50745405
Uttar Pradesh_Ghazipur_Acute Diarrhoeal Disease,Uttar Pradesh,Ghazipur,Acute Diarrhoeal Disease,2010,25,15,0.002565244546,3.0,311.688,25.6035084,83.50745405
Uttar Pradesh_Ghazipur_Acute Diarrhoeal Disease,Uttar Pradesh,Ghazipur,Acute Diarrhoeal Disease,2010,33,7,0.4952042744,4.0,303.11,25.6035084,83.50745405
Uttar Pradesh_Ghazipur_Acute Diarrhoeal Disease,Uttar Pradesh,Ghazipur,Acute Diarrhoeal Disease,2011,34,12,1.199552044,4.0,261.5,25.6035084,83.50745405
Uttar Pradesh_Ghazipur_Acute Diarrhoeal Disease,Uttar Pradesh,Ghazipur,Acute Diarrhoeal Disease,2011,38,30,0.406454022,9.0,300.38,25.6035084,83.50745405
Uttar Pradesh_Ghazipur_Acute Diarrhoeal Disease,Uttar Pradesh,Ghazipur,Acute Diarrhoeal Disease,2017,32,18,0.7597186379,9.0,303.11,25.6035084,83.50745405
Uttar Pradesh_Ghazipur_Acute Diarrhoeal Disease,Uttar Pradesh,Ghazipur,Acute Diarrhoeal Disease,2017,34,14,0.3769483589,12.0,303.23,25.6035084,83.50745405
Uttar Pradesh_Ghazipur_Acute Diarrhoeal Disease,Uttar Pradesh,Ghazipur,Acute Diarrhoeal Disease,2019,30,12,1.071848138,6.0,308.97,25.6035084,83.50745405
Uttar Pradesh_Ghazipur_Acute Diarrhoeal Disease,Uttar Pradesh,Ghazipur,Acute Diarrhoeal Disease,2021,42,43,0.01547625056,18.0,302.932,25.6035084,83.50745405
Uttar Pradesh_Ghazipur_Acute Diarrhoeal Disease,Uttar Pradesh,Ghazipur,Acute Diarrhoeal Disease,2021,43,10,0.359198172,9.0,301.7133334,25.6035084,83.50745405
Uttar Pradesh_Ghazipur_Acute Diarrhoeal Disease,Uttar Pradesh,Ghazipur,Acute Diarrhoeal Disease,2021,45,9,0.0001084777241,9.0,301.172,25.6035084,83.50745405
Uttar Pradesh_Lucknow_Acute Diarrhoeal Disease,Uttar Pradesh,Lucknow,Acute Diarrhoeal Disease,2009,43,47,2.62e-05,9.0,303.588,26.8420098,80.94785711
Uttar Pradesh_Lucknow_Acute Diarrhoeal Disease,Uttar Pradesh,Lucknow,Acute Diarrhoeal Disease,2010,17,43,0.0001121594501,4.0,311.7333334,26.8420098,80.94785711
Uttar Pradesh_Lucknow_Acute Diarrhoeal Disease,Uttar Pradesh,Lucknow,Acute Diarrhoeal Disease,2012,28,26,1.401348153,9.0,305.74,26.8420098,80.94785711
Uttar Pradesh_Lucknow_Acute Diarrhoeal Disease,Uttar Pradesh,Lucknow,Acute Diarrhoeal Disease,2012,30,30,0.2318804346,7.0,302.91,26.8420098,80.94785711
Uttar Pradesh_Lucknow_Acute Diarrhoeal Disease,Uttar Pradesh,Lucknow,Acute Diarrhoeal Disease,2012,31,20,1.81531669,9.0,303.11,26.8420098,80.94785711
Uttar Pradesh_Lucknow_Acute Diarrhoeal Disease,Uttar Pradesh,Lucknow,Acute Diarrhoeal Disease,2012,33,29,1.132204714,9.0,303.08,26.8420098,80.94785711
Uttar Pradesh_Lucknow_Acute Diarrhoeal Disease,Uttar Pradesh,Lucknow,Acute Diarrhoeal Disease,2013,15,12,0.001357264057,6.0,309.94,26.8420098,80.94785711
Uttar Pradesh_Lucknow_Acute Diarrhoeal Disease,Uttar Pradesh,Lucknow,Acute Diarrhoeal Disease,2014,1,17,0.0004688717545,6.0,290.86,26.8420098,80.94785711
Uttar Pradesh_Lucknow_Acute Diarrhoeal Disease,Uttar Pradesh,Lucknow,Acute Diarrhoeal Disease,2014,14,11,0.0005369273635,7.0,305.3666666,26.8420098,80.94785711
Uttar Pradesh_Lucknow_Acute Diarrhoeal Disease,Uttar Pradesh,Lucknow,Acute Diarrhoeal Disease,2015,29,17,1.010651082,9.0,303.11,26.8420098,80.94785711
Uttar Pradesh_Lucknow_Acute Diarrhoeal Disease,Uttar Pradesh,Lucknow,Acute Diarrhoeal Disease,2015,37,12,0.0515453984,13.0,302.73,26.8420098,80.94785711
Uttar Pradesh_Lucknow_Acute Diarrhoeal Disease,Uttar Pradesh,Lucknow,Acute Diarrhoeal Disease,2015,38,19,0.1901439083,13.0,305.935,26.8420098,80.94785711
Uttar Pradesh_Lucknow_Acute Diarrhoeal Disease,Uttar Pradesh,Lucknow,Acute Diarrhoeal Disease,2015,41,10,5.44e-05,12.0,307.16,26.8420098,80.94785711
Uttar Pradesh_Lucknow_Acute Diarrhoeal Disease,Uttar Pradesh,Lucknow,Acute Diarrhoeal Disease,2016,25,10,0.8302538979,9.0,314.64,26.8420098,80.94785711
Uttar Pradesh_Lucknow_Acute Diarrhoeal Disease,Uttar Pradesh,Lucknow,Acute Diarrhoeal Disease,2021,33,73,0.2987519879,12.0,303.1,26.8420098,80.94785711
Uttar Pradesh_Lucknow_Acute Diarrhoeal Disease,Uttar Pradesh,Lucknow,Acute Diarrhoeal Disease,2021,41,12,0.03974676226,14.0,302.67,26.8420098,80.94785711
Uttar Pradesh_Lucknow_Acute Diarrhoeal Disease,Uttar Pradesh,Lucknow,Acute Diarrhoeal Disease,2021,43,20,0.006125706605,10.0,301.7166666,26.8420098,80.94785711
Uttar Pradesh_Mirzapur_Acute Diarrhoeal Disease,Uttar Pradesh,Mirzapur,Acute Diarrhoeal Disease,2011,32,51,1.392780375,4.0,301.96,25.1010477,82.62574936
Uttar Pradesh_Mirzapur_Acute Diarrhoeal Disease,Uttar Pradesh,Mirzapur,Acute Diarrhoeal Disease,2014,30,12,0.5395933643,6.0,304.0733334,25.1010477,82.62574936
Uttar Pradesh_Mirzapur_Acute Diarrhoeal Disease,Uttar Pradesh,Mirzapur,Acute Diarrhoeal Disease,2016,31,43,0.7607275653,9.0,303.11,25.1010477,82.62574936
Uttar Pradesh_Mirzapur_Acute Diarrhoeal Disease,Uttar Pradesh,Mirzapur,Acute Diarrhoeal Disease,2016,33,9,0.6055965656,9.0,302.82,25.1010477,82.62574936
Uttar Pradesh_Mirzapur_Acute Diarrhoeal Disease,Uttar Pradesh,Mirzapur,Acute Diarrhoeal Disease,2016,34,40,3.390064787,3.0,303.11,25.1010477,82.62574936
Uttar Pradesh_Mirzapur_Acute Diarrhoeal Disease,Uttar Pradesh,Mirzapur,Acute Diarrhoeal Disease,2016,40,56,0.6320282972,22.0,302.0875,25.1010477,82.62574936
Uttar Pradesh_Mirzapur_Acute Diarrhoeal Disease,Uttar Pradesh,Mirzapur,Acute Diarrhoeal Disease,2017,19,69,0.001518857119,9.0,318.1066666,25.1010477,82.62574936
Uttar Pradesh_Mirzapur_Acute Diarrhoeal Disease,Uttar Pradesh,Mirzapur,Acute Diarrhoeal Disease,2017,22,25,0.107414924,9.0,314.32,25.1010477,82.62574936
Uttar Pradesh_Mirzapur_Acute Diarrhoeal Disease,Uttar Pradesh,Mirzapur,Acute Diarrhoeal Disease,2017,26,16,0.2017533802,5.0,312.312,25.1010477,82.62574936
Uttar Pradesh_Mirzapur_Acute Diarrhoeal Disease,Uttar Pradesh,Mirzapur,Acute Diarrhoeal Disease,2017,41,85,0.2245114684,16.0,304.195,25.1010477,82.62574936
Uttar Pradesh_Mirzapur_Acute Diarrhoeal Disease,Uttar Pradesh,Mirzapur,Acute Diarrhoeal Disease,2022,20,12,0.0004174087149,4.0,313.0,25.1010477,82.62574936
Uttar Pradesh_Siddharth Nagar_Acute Diarrhoeal Disease,Uttar Pradesh,Siddharth Nagar,Acute Diarrhoeal Disease,2009,31,9,0.4175227936,9.0,304.02500000000003,27.25264095,82.86964796
Uttar Pradesh_Siddharth Nagar_Acute Diarrhoeal Disease,Uttar Pradesh,Siddharth Nagar,Acute Diarrhoeal Disease,2014,38,16,0.270232543,15.0,300.976,27.25264095,82.86964796
Uttar Pradesh_Siddharth Nagar_Acute Diarrhoeal Disease,Uttar Pradesh,Siddharth Nagar,Acute Diarrhoeal Disease,2014,42,17,0.01986413341,9.0,301.53000000000003,27.25264095,82.86964796
Uttar Pradesh_Siddharth Nagar_Acute Diarrhoeal Disease,Uttar Pradesh,Siddharth Nagar,Acute Diarrhoeal Disease,2015,31,37,0.2366803124,8.0,303.11,27.25264095,82.86964796
Uttar Pradesh_Siddharth Nagar_Acute Diarrhoeal Disease,Uttar Pradesh,Siddharth Nagar,Acute Diarrhoeal Disease,2016,30,3,0.2673979473,4.0,303.11,27.25264095,82.86964796
Uttar Pradesh_Siddharth Nagar_Acute Diarrhoeal Disease,Uttar Pradesh,Siddharth Nagar,Acute Diarrhoeal Disease,2016,34,7,0.6261146988,13.0,303.3666666,27.25264095,82.86964796
Uttar Pradesh_Siddharth Nagar_Acute Diarrhoeal Disease,Uttar Pradesh,Siddharth Nagar,Acute Diarrhoeal Disease,2017,7,15,0.01254942549,9.0,294.652,27.25264095,82.86964796
Uttar Pradesh_Siddharth Nagar_Acute Diarrhoeal Disease,Uttar Pradesh,Siddharth Nagar,Acute Diarrhoeal Disease,2017,14,16,0.004839875014,8.0,303.5166666,27.25264095,82.86964796
Uttar Pradesh_Siddharth Nagar_Acute Diarrhoeal Disease,Uttar Pradesh,Siddharth Nagar,Acute Diarrhoeal Disease,2018,44,75,1.1567036991,13.0,291.2633333333333,27.25264095,82.86964796
Uttar Pradesh_Siddharth Nagar_Acute Diarrhoeal Disease,Uttar Pradesh,Siddharth Nagar,Acute Diarrhoeal Disease,2019,33,9,0.7824356537,9.0,300.79,27.25264095,82.86964796
Uttar Pradesh_Siddharth Nagar_Acute Diarrhoeal Disease,Uttar Pradesh,Siddharth Nagar,Acute Diarrhoeal Disease,2021,43,24,0.1597301369,9.0,300.395,27.25264095,82.86964796
Uttar Pradesh_Siddharth Nagar_Acute Diarrhoeal Disease,Uttar Pradesh,Siddharth Nagar,Acute Diarrhoeal Disease,2022,22,30,0.05871040047,5.0,308.695,27.25264095,82.86964796
West Bengal_Bankura_Acute Diarrhoeal Disease,West Bengal,Bankura,Acute Diarrhoeal Disease,2009,39,36,0.4479642155,9.0,301.32,23.13195425,87.2073972
West Bengal_Bankura_Acute Diarrhoeal Disease,West Bengal,Bankura,Acute Diarrhoeal Disease,2009,40,46,0.4479642155,9.0,301.32,23.13195425,87.2073972
West Bengal_Bankura_Acute Diarrhoeal Disease,West Bengal,Bankura,Acute Diarrhoeal Disease,2010,41,10,0.04128890433,14.0,303.48,23.13195425,87.2073972
West Bengal_Bankura_Acute Diarrhoeal Disease,West Bengal,Bankura,Acute Diarrhoeal Disease,2010,48,65,0.017908695914,7.5,302.177,23.13195425,87.2073972
West Bengal_Bankura_Acute Diarrhoeal Disease,West Bengal,Bankura,Acute Diarrhoeal Disease,2010,49,46,0.02695467721,8.0,302.524,23.13195425,87.2073972
West Bengal_Bankura_Acute Diarrhoeal Disease,West Bengal,Bankura,Acute Diarrhoeal Disease,2011,6,52,8.24e-05,5.0,302.03000000000003,23.13195425,87.2073972
West Bengal_Bankura_Acute Diarrhoeal Disease,West Bengal,Bankura,Acute Diarrhoeal Disease,2011,7,11,8.37e-05,5.0,304.9866666,23.13195425,87.2073972
West Bengal_Bankura_Acute Diarrhoeal Disease,West Bengal,Bankura,Acute Diarrhoeal Disease,2011,8,11,8.37e-05,5.0,304.9866666,23.13195425,87.2073972
West Bengal_Bankura_Acute Diarrhoeal Disease,West Bengal,Bankura,Acute Diarrhoeal Disease,2011,14,77,0.13420260973333334,8.0,308.772,23.13195425,87.2073972
West Bengal_Bankura_Acute Diarrhoeal Disease,West Bengal,Bankura,Acute Diarrhoeal Disease,2011,25,158,1.91880019,8.0,302.375,23.13195425,87.2073972
West Bengal_Bankura_Acute Diarrhoeal Disease,West Bengal,Bankura,Acute Diarrhoeal Disease,2011,28,36,0.8836813648,5.0,303.11,23.13195425,87.2073972
West Bengal_Bankura_Acute Diarrhoeal Disease,West Bengal,Bankura,Acute Diarrhoeal Disease,2011,32,123,2.217227749,2.0,303.11,23.13195425,87.2073972
West Bengal_Bankura_Acute Diarrhoeal Disease,West Bengal,Bankura,Acute Diarrhoeal Disease,2011,33,170,1.0344268206,8.0,300.97111113333335,23.13195425,87.2073972
West Bengal_Bankura_Acute Diarrhoeal Disease,West Bengal,Bankura,Acute Diarrhoeal Disease,2011,34,131,0.7765780646,9.0,300.6,23.13195425,87.2073972
West Bengal_Bankura_Acute Diarrhoeal Disease,West Bengal,Bankura,Acute Diarrhoeal Disease,2011,36,170,1.2061900782333332,10.0,300.92555553333335,23.13195425,87.2073972
West Bengal_Bankura_Acute Diarrhoeal Disease,West Bengal,Bankura,Acute Diarrhoeal Disease,2011,37,301,1.02516743212,8.2,301.154,23.13195425,87.2073972
West Bengal_Bankura_Acute Diarrhoeal Disease,West Bengal,Bankura,Acute Diarrhoeal Disease,2011,38,279,0.901318374725,7.5,302.0675,23.13195425,87.2073972
West Bengal_Bankura_Acute Diarrhoeal Disease,West Bengal,Bankura,Acute Diarrhoeal Disease,2011,39,134,0.5920549818,16.0,300.62,23.13195425,87.2073972
West Bengal_Bankura_Acute Diarrhoeal Disease,West Bengal,Bankura,Acute Diarrhoeal Disease,2011,41,70,0.05755053315,9.0,302.255,23.13195425,87.2073972
West Bengal_Bankura_Acute Diarrhoeal Disease,West Bengal,Bankura,Acute Diarrhoeal Disease,2011,42,74,0.05755053315,9.0,302.255,23.13195425,87.2073972
West Bengal_Bankura_Acute Diarrhoeal Disease,West Bengal,Bankura,Acute Diarrhoeal Disease,2011,45,25,8.05e-05,8.0,301.935,23.13195425,87.2073972
West Bengal_Bankura_Acute Diarrhoeal Disease,West Bengal,Bankura,Acute Diarrhoeal Disease,2012,18,97,0.1378234793,8.0,308.0466666,23.13195425,87.2073972
West Bengal_Bankura_Acute Diarrhoeal Disease,West Bengal,Bankura,Acute Diarrhoeal Disease,2012,28,39,0.7840985681,9.0,300.88,23.13195425,87.2073972
West Bengal_Bankura_Acute Diarrhoeal Disease,West Bengal,Bankura,Acute Diarrhoeal Disease,2012,37,67,0.9683097494,13.0,303.42,23.13195425,87.2073972
West Bengal_Bankura_Acute Diarrhoeal Disease,West Bengal,Bankura,Acute Diarrhoeal Disease,2013,20,37,0.3590028731,9.0,307.344,23.13195425,87.2073972
West Bengal_Bankura_Acute Diarrhoeal Disease,West Bengal,Bankura,Acute Diarrhoeal Disease,2013,28,105,0.1753418573,9.0,301.69,23.13195425,87.2073972
West Bengal_Bankura_Acute Diarrhoeal Disease,West Bengal,Bankura,Acute Diarrhoeal Disease,2013,32,57,1.428228436,7.0,300.08,23.13195425,87.2073972
West Bengal_Bankura_Acute Diarrhoeal Disease,West Bengal,Bankura,Acute Diarrhoeal Disease,2013,35,149,1.639160936,13.0,300.93333340000004,23.13195425,87.2073972
West Bengal_Bankura_Acute Diarrhoeal Disease,West Bengal,Bankura,Acute Diarrhoeal Disease,2013,36,42,1.566363452,13.0,301.2266667,23.13195425,87.2073972
West Bengal_Bankura_Acute Diarrhoeal Disease,West Bengal,Bankura,Acute Diarrhoeal Disease,2013,39,80,0.5188650462,19.0,299.26,23.13195425,87.2073972
West Bengal_Bankura_Acute Diarrhoeal Disease,West Bengal,Bankura,Acute Diarrhoeal Disease,2013,40,132,0.5188650462,19.0,299.26,23.13195425,87.2073972
West Bengal_Bankura_Acute Diarrhoeal Disease,West Bengal,Bankura,Acute Diarrhoeal Disease,2013,41,88,0.99244534,9.0,301.11333340000004,23.13195425,87.2073972
West Bengal_Bankura_Acute Diarrhoeal Disease,West Bengal,Bankura,Acute Diarrhoeal Disease,2013,42,120,0.652650422,13.333333333333334,299.21066666666667,23.13195425,87.2073972
West Bengal_Bankura_Acute Diarrhoeal Disease,West Bengal,Bankura,Acute Diarrhoeal Disease,2013,44,71,0.7104558902666667,13.333333333333334,299.6055555333333,23.13195425,87.2073972
West Bengal_Bankura_Acute Diarrhoeal Disease,West Bengal,Bankura,Acute Diarrhoeal Disease,2013,46,80,0.006270543453,10.0,300.144,23.13195425,87.2073972
West Bengal_Bankura_Acute Diarrhoeal Disease,West Bengal,Bankura,Acute Diarrhoeal Disease,2013,48,28,4.12e-05,8.0,298.6433334,23.13195425,87.2073972
West Bengal_Bankura_Acute Diarrhoeal Disease,West Bengal,Bankura,Acute Diarrhoeal Disease,2014,23,29,0.7871395027,10.0,306.0866666,23.13195425,87.2073972
West Bengal_Bankura_Acute Diarrhoeal Disease,West Bengal,Bankura,Acute Diarrhoeal Disease,2014,27,53,2.404066103,9.5,303.11,23.13195425,87.2073972
West Bengal_Bankura_Acute Diarrhoeal Disease,West Bengal,Bankura,Acute Diarrhoeal Disease,2014,29,23,1.918596591,9.0,303.11,23.13195425,87.2073972
West Bengal_Bankura_Acute Diarrhoeal Disease,West Bengal,Bankura,Acute Diarrhoeal Disease,2015,32,117,1.8518079109999999,8.5,301.21000000000004,23.13195425,87.2073972
West Bengal_Bankura_Acute Diarrhoeal Disease,West Bengal,Bankura,Acute Diarrhoeal Disease,2015,35,37,0.5257462925,12.0,302.8666667,23.13195425,87.2073972
West Bengal_Bankura_Acute Diarrhoeal Disease,West Bengal,Bankura,Acute Diarrhoeal Disease,2015,38,72,0.6735439485,11.0,300.95,23.13195425,87.2073972
West Bengal_Bankura_Acute Diarrhoeal Disease,West Bengal,Bankura,Acute Diarrhoeal Disease,2015,39,181,0.6735439485,11.0,300.95,23.13195425,87.2073972
West Bengal_Bankura_Acute Diarrhoeal Disease,West Bengal,Bankura,Acute Diarrhoeal Disease,2016,13,50,0.002279863416,6.0,311.01,23.13195425,87.2073972
West Bengal_Bankura_Acute Diarrhoeal Disease,West Bengal,Bankura,Acute Diarrhoeal Disease,2016,19,30,0.06224836321,6.0,311.04400000000004,23.13195425,87.2073972
West Bengal_Bankura_Acute Diarrhoeal Disease,West Bengal,Bankura,Acute Diarrhoeal Disease,2016,20,66,0.3035211539,7.0,312.19599999999997,23.13195425,87.2073972
West Bengal_Bankura_Acute Diarrhoeal Disease,West Bengal,Bankura,Acute Diarrhoeal Disease,2016,22,54,0.30293219345,10.0,306.18666670000005,23.13195425,87.2073972
West Bengal_Bankura_Acute Diarrhoeal Disease,West Bengal,Bankura,Acute Diarrhoeal Disease,2016,23,93,0.3697414052,10.0,304.45,23.13195425,87.2073972
West Bengal_Bankura_Acute Diarrhoeal Disease,West Bengal,Bankura,Acute Diarrhoeal Disease,2016,24,65,0.5233663577,10.0,301.19,23.13195425,87.2073972
West Bengal_Bankura_Acute Diarrhoeal Disease,West Bengal,Bankura,Acute Diarrhoeal Disease,2016,36,49,0.3177472798,13.0,303.12,23.13195425,87.2073972
West Bengal_Bankura_Acute Diarrhoeal Disease,West Bengal,Bankura,Acute Diarrhoeal Disease,2016,41,121,0.1556593242,19.0,299.824,23.13195425,87.2073972
West Bengal_Bankura_Acute Diarrhoeal Disease,West Bengal,Bankura,Acute Diarrhoeal Disease,2017,46,101,2.9e-05,10.0,300.0066666,23.13195425,87.2073972
West Bengal_Bankura_Acute Diarrhoeal Disease,West Bengal,Bankura,Acute Diarrhoeal Disease,2019,15,83,0.09626971162,7.0,309.34000000000003,23.13195425,87.2073972
West Bengal_Bankura_Cholera,West Bengal,Bankura,Cholera,2011,33,165,2.217227749,2.0,303.11,23.13195425,87.2073972
West Bengal_Bankura_Cholera,West Bengal,Bankura,Cholera,2011,35,73,0.933028728,9.0,300.21,23.13195425,87.2073972
West Bengal_Bankura_Cholera,West Bengal,Bankura,Cholera,2011,36,189,2.217227749,2.0,303.11,23.13195425,87.2073972
West Bengal_Bankura_Cholera,West Bengal,Bankura,Cholera,2012,19,56,0.1957883956,9.0,308.1266666,23.13195425,87.2073972
West Bengal_Bankura_Cholera,West Bengal,Bankura,Cholera,2012,30,127,0.65984518415,8.0,302.33500000000004,23.13195425,87.2073972
West Bengal_Bankura_Cholera,West Bengal,Bankura,Cholera,2012,36,90,0.7397642436,13.0,303.11,23.13195425,87.2073972
West Bengal_Bankura_Cholera,West Bengal,Bankura,Cholera,2012,44,61,0.2224849364,8.0,301.61333340000004,23.13195425,87.2073972
West Bengal_Bankura_Cholera,West Bengal,Bankura,Cholera,2013,20,70,0.3584283449,8.0,309.3833334,23.13195425,87.2073972
West Bengal_Bankura_Cholera,West Bengal,Bankura,Cholera,2013,34,82,1.10650385,9.0,303.38,23.13195425,87.2073972
West Bengal_Bankura_Cholera,West Bengal,Bankura,Cholera,2013,40,39,0.5879064888,16.0,302.3866666,23.13195425,87.2073972
West Bengal_Bankura_Cholera,West Bengal,Bankura,Cholera,2013,44,136,0.2187652661,15.0,300.42,23.13195425,87.2073972
West Bengal_Bankura_Cholera,West Bengal,Bankura,Cholera,2013,45,196,0.21937535875,12.0,300.6133333,23.13195425,87.2073972
West Bengal_Bankura_Cholera,West Bengal,Bankura,Cholera,2015,34,34,0.6686845086,6.0,302.64,23.13195425,87.2073972
West Bengal_Bankura_Cholera,West Bengal,Bankura,Cholera,2015,36,62,0.6996552503,9.0,301.52,23.13195425,87.2073972
West Bengal_Bankura_Cholera,West Bengal,Bankura,Cholera,2016,19,122,0.08036036783,6.0,315.344,23.13195425,87.2073972
West Bengal_Bankura_Cholera,West Bengal,Bankura,Cholera,2016,20,122,0.08036036783,6.0,315.344,23.13195425,87.2073972
West Bengal_Bankura_Cholera,West Bengal,Bankura,Cholera,2016,22,49,0.3320668232,9.0,307.27500000000003,23.13195425,87.2073972
West Bengal_Bankura_Cholera,West Bengal,Bankura,Cholera,2016,25,56,0.5233663577,10.0,301.19,23.13195425,87.2073972
West Bengal_Bankura_Cholera,West Bengal,Bankura,Cholera,2016,26,56,0.5233663577,10.0,301.19,23.13195425,87.2073972
West Bengal_Birbhum_Acute Diarrhoeal Disease,West Bengal,Birbhum,Acute Diarrhoeal Disease,2010,28,33,1.0097516782,8.0,304.12,24.0,87.583333
West Bengal_Birbhum_Acute Diarrhoeal Disease,West Bengal,Birbhum,Acute Diarrhoeal Disease,2010,34,37,1.118796396,9.0,303.11,24.0,87.583333
West Bengal_Birbhum_Acute Diarrhoeal Disease,West Bengal,Birbhum,Acute Diarrhoeal Disease,2010,36,32,0.5289607512,6.0,303.11,24.0,87.583333
West Bengal_Birbhum_Acute Diarrhoeal Disease,West Bengal,Birbhum,Acute Diarrhoeal Disease,2010,38,33,0.3474999999,14.0,301.56,24.0,87.583333
West Bengal_Birbhum_Acute Diarrhoeal Disease,West Bengal,Birbhum,Acute Diarrhoeal Disease,2010,48,46,0.04555250344,9.0,303.165,24.0,87.583333
West Bengal_Birbhum_Acute Diarrhoeal Disease,West Bengal,Birbhum,Acute Diarrhoeal Disease,2011,26,55,1.554170713,2.0,303.11,24.0,87.583333
West Bengal_Birbhum_Acute Diarrhoeal Disease,West Bengal,Birbhum,Acute Diarrhoeal Disease,2011,39,41,1.492180517,9.0,300.24,24.0,87.583333
West Bengal_Birbhum_Acute Diarrhoeal Disease,West Bengal,Birbhum,Acute Diarrhoeal Disease,2011,47,34,0.02658370427,8.0,303.108,24.0,87.583333
West Bengal_Birbhum_Acute Diarrhoeal Disease,West Bengal,Birbhum,Acute Diarrhoeal Disease,2013,28,351,0.34938895436666667,7.0,303.5166666666667,24.0,87.583333
West Bengal_Birbhum_Acute Diarrhoeal Disease,West Bengal,Birbhum,Acute Diarrhoeal Disease,2013,29,34,0.1215814293,9.0,303.11,24.0,87.583333
West Bengal_Birbhum_Acute Diarrhoeal Disease,West Bengal,Birbhum,Acute Diarrhoeal Disease,2013,31,51,0.2398459689,8.0,303.44,24.0,87.583333
West Bengal_Birbhum_Acute Diarrhoeal Disease,West Bengal,Birbhum,Acute Diarrhoeal Disease,2013,34,104,0.4098052525,3.0,298.87,24.0,87.583333
West Bengal_Birbhum_Acute Diarrhoeal Disease,West Bengal,Birbhum,Acute Diarrhoeal Disease,2013,35,68,1.032777006,7.0,303.11,24.0,87.583333
West Bengal_Birbhum_Acute Diarrhoeal Disease,West Bengal,Birbhum,Acute Diarrhoeal Disease,2013,36,42,0.8185598586,7.0,304.62,24.0,87.583333
West Bengal_Birbhum_Acute Diarrhoeal Disease,West Bengal,Birbhum,Acute Diarrhoeal Disease,2013,38,330,0.52100184475,13.0,301.9666667,24.0,87.583333
West Bengal_Birbhum_Acute Diarrhoeal Disease,West Bengal,Birbhum,Acute Diarrhoeal Disease,2013,44,67,0.21819151209666665,11.666666666666666,299.9535555333334,24.0,87.583333
West Bengal_Birbhum_Acute Diarrhoeal Disease,West Bengal,Birbhum,Acute Diarrhoeal Disease,2013,47,30,4.81e-05,9.0,300.4566666,24.0,87.583333
West Bengal_Birbhum_Acute Diarrhoeal Disease,West Bengal,Birbhum,Acute Diarrhoeal Disease,2013,51,122,8.27e-05,5.0,297.804,24.0,87.583333
West Bengal_Birbhum_Acute Diarrhoeal Disease,West Bengal,Birbhum,Acute Diarrhoeal Disease,2014,16,30,0.03832914537,8.0,311.652,24.0,87.583333
West Bengal_Birbhum_Acute Diarrhoeal Disease,West Bengal,Birbhum,Acute Diarrhoeal Disease,2014,31,115,0.6493171162,6.0,305.04,24.0,87.583333
West Bengal_Birbhum_Acute Diarrhoeal Disease,West Bengal,Birbhum,Acute Diarrhoeal Disease,2014,36,32,0.7284770323,9.0,302.16,24.0,87.583333
West Bengal_Birbhum_Acute Diarrhoeal Disease,West Bengal,Birbhum,Acute Diarrhoeal Disease,2015,20,77,0.1001214283,8.0,304.34000000000003,24.0,87.583333
West Bengal_Birbhum_Acute Diarrhoeal Disease,West Bengal,Birbhum,Acute Diarrhoeal Disease,2015,31,31,0.979236586,6.0,306.68,24.0,87.583333
West Bengal_Birbhum_Acute Diarrhoeal Disease,West Bengal,Birbhum,Acute Diarrhoeal Disease,2015,34,19,0.6843670933,9.0,303.17,24.0,87.583333
West Bengal_Birbhum_Acute Diarrhoeal Disease,West Bengal,Birbhum,Acute Diarrhoeal Disease,2016,11,33,0.05428874424,9.0,306.71500000000003,24.0,87.583333
West Bengal_Birbhum_Acute Diarrhoeal Disease,West Bengal,Birbhum,Acute Diarrhoeal Disease,2016,28,41,1.557949462,5.0,303.11,24.0,87.583333
West Bengal_Birbhum_Acute Diarrhoeal Disease,West Bengal,Birbhum,Acute Diarrhoeal Disease,2016,30,59,0.7985850383,3.0,303.11,24.0,87.583333
West Bengal_Birbhum_Acute Diarrhoeal Disease,West Bengal,Birbhum,Acute Diarrhoeal Disease,2017,35,97,0.8089144552,18.0,296.27,24.0,87.583333
West Bengal_Birbhum_Acute Diarrhoeal Disease,West Bengal,Birbhum,Acute Diarrhoeal Disease,2019,4,51,6.93e-05,6.0,297.82,24.0,87.583333
West Bengal_Birbhum_Acute Diarrhoeal Disease,West Bengal,Birbhum,Acute Diarrhoeal Disease,2021,22,51,1.111215294,9.0,301.78000000000003,24.0,87.583333
West Bengal_Birbhum_Acute Diarrhoeal Disease,West Bengal,Birbhum,Acute Diarrhoeal Disease,2021,25,35,0.9983273238,9.0,297.26,24.0,87.583333
West Bengal_Birbhum_Acute Diarrhoeal Disease,West Bengal,Birbhum,Acute Diarrhoeal Disease,2021,27,27,0.9184439755,7.0,302.72,24.0,87.583333
West Bengal_Birbhum_Acute Diarrhoeal Disease,West Bengal,Birbhum,Acute Diarrhoeal Disease,2021,42,38,0.6824351099,24.0,304.15000000000003,24.0,87.583333
West Bengal_Birbhum_Cholera,West Bengal,Birbhum,Cholera,2011,33,155,1.804068677,7.0,303.11,24.0,87.583333
West Bengal_Birbhum_Cholera,West Bengal,Birbhum,Cholera,2011,34,278,1.1547868207333334,7.666666666666667,302.58,24.0,87.583333
West Bengal_Birbhum_Cholera,West Bengal,Birbhum,Cholera,2011,36,206,1.804068677,7.0,303.11,24.0,87.583333
West Bengal_Birbhum_Cholera,West Bengal,Birbhum,Cholera,2011,38,36,0.5190254608,12.0,301.56,24.0,87.583333
West Bengal_Birbhum_Cholera,West Bengal,Birbhum,Cholera,2012,28,74,0.6296381912,5.0,302.57,24.0,87.583333
West Bengal_Birbhum_Cholera,West Bengal,Birbhum,Cholera,2012,33,19,0.5199324555,6.0,301.74,24.0,87.583333
West Bengal_Birbhum_Cholera,West Bengal,Birbhum,Cholera,2013,26,126,0.7894428198,9.0,305.21,24.0,87.583333
West Bengal_Birbhum_Cholera,West Bengal,Birbhum,Cholera,2014,14,31,2.95e-05,9.0,310.144,24.0,87.583333
West Bengal_Birbhum_Cholera,West Bengal,Birbhum,Cholera,2018,45,166,0.0066210123515,15.5,302.2846667,24.0,87.583333
West Bengal_Birbhum_Cholera,West Bengal,Birbhum,Cholera,2021,25,51,0.9983273238,9.0,297.26,24.0,87.583333
West Bengal_Burdwan_Acute Diarrhoeal Disease,West Bengal,Burdwan,Acute Diarrhoeal Disease,2010,33,97,0.508871035,5.0,303.11,23.2495714,87.8681751
West Bengal_Burdwan_Acute Diarrhoeal Disease,West Bengal,Burdwan,Acute Diarrhoeal Disease,2010,51,61,0.1642041764,5.0,299.84000000000003,23.2495714,87.8681751
West Bengal_Burdwan_Acute Diarrhoeal Disease,West Bengal,Burdwan,Acute Diarrhoeal Disease,2011,10,40,9.79e-05,5.0,308.132,23.2495714,87.8681751
West Bengal_Burdwan_Acute Diarrhoeal Disease,West Bengal,Burdwan,Acute Diarrhoeal Disease,2011,16,118,0.09735155277,12.0,306.99333340000004,23.2495714,87.8681751
West Bengal_Burdwan_Acute Diarrhoeal Disease,West Bengal,Burdwan,Acute Diarrhoeal Disease,2011,17,152,0.04750040655,9.0,306.72,23.2495714,87.8681751
West Bengal_Burdwan_Acute Diarrhoeal Disease,West Bengal,Burdwan,Acute Diarrhoeal Disease,2011,22,45,0.14060984285,9.5,305.18933330000004,23.2495714,87.8681751
West Bengal_Burdwan_Acute Diarrhoeal Disease,West Bengal,Burdwan,Acute Diarrhoeal Disease,2011,25,242,2.189853628,6.5,306.40999999999997,23.2495714,87.8681751
West Bengal_Burdwan_Acute Diarrhoeal Disease,West Bengal,Burdwan,Acute Diarrhoeal Disease,2011,26,101,1.322711214,9.0,310.18,23.2495714,87.8681751
West Bengal_Burdwan_Acute Diarrhoeal Disease,West Bengal,Burdwan,Acute Diarrhoeal Disease,2011,30,42,0.65990774725,7.5,300.53,23.2495714,87.8681751
West Bengal_Burdwan_Acute Diarrhoeal Disease,West Bengal,Burdwan,Acute Diarrhoeal Disease,2011,33,32,2.577542082,8.0,303.11,23.2495714,87.8681751
West Bengal_Burdwan_Acute Diarrhoeal Disease,West Bengal,Burdwan,Acute Diarrhoeal Disease,2011,34,48,0.8904316685,9.0,302.14,23.2495714,87.8681751
West Bengal_Burdwan_Acute Diarrhoeal Disease,West Bengal,Burdwan,Acute Diarrhoeal Disease,2011,45,121,0.0027912356659666668,12.666666666666666,302.1066666666667,23.2495714,87.8681751
West Bengal_Burdwan_Acute Diarrhoeal Disease,West Bengal,Burdwan,Acute Diarrhoeal Disease,2013,18,43,0.02006135743,9.0,309.048,23.2495714,87.8681751
West Bengal_Burdwan_Acute Diarrhoeal Disease,West Bengal,Burdwan,Acute Diarrhoeal Disease,2013,25,57,0.760807067,10.0,306.06,23.2495714,87.8681751
West Bengal_Burdwan_Acute Diarrhoeal Disease,West Bengal,Burdwan,Acute Diarrhoeal Disease,2013,28,241,0.506881365,9.333333333333334,304.28333333333336,23.2495714,87.8681751
West Bengal_Burdwan_Acute Diarrhoeal Disease,West Bengal,Burdwan,Acute Diarrhoeal Disease,2013,31,65,0.936807591,6.0,303.11,23.2495714,87.8681751
West Bengal_Burdwan_Acute Diarrhoeal Disease,West Bengal,Burdwan,Acute Diarrhoeal Disease,2013,33,38,0.6284038724,7.0,304.56,23.2495714,87.8681751
West Bengal_Burdwan_Acute Diarrhoeal Disease,West Bengal,Burdwan,Acute Diarrhoeal Disease,2013,34,17,0.7034741654,7.0,304.56,23.2495714,87.8681751
West Bengal_Burdwan_Acute Diarrhoeal Disease,West Bengal,Burdwan,Acute Diarrhoeal Disease,2013,36,35,0.675687971,9.0,303.12,23.2495714,87.8681751
West Bengal_Burdwan_Acute Diarrhoeal Disease,West Bengal,Burdwan,Acute Diarrhoeal Disease,2013,43,105,0.2118755592,20.0,298.86,23.2495714,87.8681751
West Bengal_Burdwan_Acute Diarrhoeal Disease,West Bengal,Burdwan,Acute Diarrhoeal Disease,2014,23,26,0.271653495,9.0,308.1,23.2495714,87.8681751
West Bengal_Burdwan_Acute Diarrhoeal Disease,West Bengal,Burdwan,Acute Diarrhoeal Disease,2014,26,38,2.021732673,3.0,309.88,23.2495714,87.8681751
West Bengal_Burdwan_Acute Diarrhoeal Disease,West Bengal,Burdwan,Acute Diarrhoeal Disease,2014,32,51,0.5760152934,8.0,304.2,23.2495714,87.8681751
West Bengal_Burdwan_Acute Diarrhoeal Disease,West Bengal,Burdwan,Acute Diarrhoeal Disease,2014,33,42,0.9180000133,9.0,304.14,23.2495714,87.8681751
West Bengal_Burdwan_Acute Diarrhoeal Disease,West Bengal,Burdwan,Acute Diarrhoeal Disease,2014,34,97,1.03208637515,6.5,303.90999999999997,23.2495714,87.8681751
West Bengal_Burdwan_Acute Diarrhoeal Disease,West Bengal,Burdwan,Acute Diarrhoeal Disease,2014,36,20,0.6415584593,13.0,297.2,23.2495714,87.8681751
West Bengal_Burdwan_Acute Diarrhoeal Disease,West Bengal,Burdwan,Acute Diarrhoeal Disease,2014,45,37,0.005422309301,18.0,301.84000000000003,23.2495714,87.8681751
West Bengal_Burdwan_Acute Diarrhoeal Disease,West Bengal,Burdwan,Acute Diarrhoeal Disease,2015,10,46,0.0003333427365,7.0,304.812,23.2495714,87.8681751
West Bengal_Burdwan_Acute Diarrhoeal Disease,West Bengal,Burdwan,Acute Diarrhoeal Disease,2015,15,30,0.4218895384,9.0,307.14,23.2495714,87.8681751
West Bengal_Burdwan_Acute Diarrhoeal Disease,West Bengal,Burdwan,Acute Diarrhoeal Disease,2015,16,40,0.4218895384,9.0,307.14,23.2495714,87.8681751
West Bengal_Burdwan_Acute Diarrhoeal Disease,West Bengal,Burdwan,Acute Diarrhoeal Disease,2015,17,19,0.1782472257,10.0,304.796,23.2495714,87.8681751
West Bengal_Burdwan_Acute Diarrhoeal Disease,West Bengal,Burdwan,Acute Diarrhoeal Disease,2015,18,8,0.2607719652,13.0,302.456,23.2495714,87.8681751
West Bengal_Burdwan_Acute Diarrhoeal Disease,West Bengal,Burdwan,Acute Diarrhoeal Disease,2015,19,8,0.2607719652,13.0,302.456,23.2495714,87.8681751
West Bengal_Burdwan_Acute Diarrhoeal Disease,West Bengal,Burdwan,Acute Diarrhoeal Disease,2015,20,246,0.213061602575,10.75,306.23425,23.2495714,87.8681751
West Bengal_Burdwan_Acute Diarrhoeal Disease,West Bengal,Burdwan,Acute Diarrhoeal Disease,2015,21,44,0.2299621449,10.0,306.228,23.2495714,87.8681751
West Bengal_Burdwan_Acute Diarrhoeal Disease,West Bengal,Burdwan,Acute Diarrhoeal Disease,2015,25,14,0.9555868208,9.0,303.11,23.2495714,87.8681751
West Bengal_Burdwan_Acute Diarrhoeal Disease,West Bengal,Burdwan,Acute Diarrhoeal Disease,2015,28,36,1.751969541,9.0,303.11,23.2495714,87.8681751
West Bengal_Burdwan_Acute Diarrhoeal Disease,West Bengal,Burdwan,Acute Diarrhoeal Disease,2015,35,38,0.7444905027,9.0,300.4866666,23.2495714,87.8681751
West Bengal_Burdwan_Acute Diarrhoeal Disease,West Bengal,Burdwan,Acute Diarrhoeal Disease,2015,36,38,0.7444905027,9.0,300.4866666,23.2495714,87.8681751
West Bengal_Burdwan_Acute Diarrhoeal Disease,West Bengal,Burdwan,Acute Diarrhoeal Disease,2015,39,37,0.5159640947,23.0,301.74666659999997,23.2495714,87.8681751
West Bengal_Burdwan_Acute Diarrhoeal Disease,West Bengal,Burdwan,Acute Diarrhoeal Disease,2015,41,166,0.16090082083,24.0,302.328,23.2495714,87.8681751
West Bengal_Burdwan_Acute Diarrhoeal Disease,West Bengal,Burdwan,Acute Diarrhoeal Disease,2016,11,47,0.01095217981,8.0,304.7333334,23.2495714,87.8681751
West Bengal_Burdwan_Acute Diarrhoeal Disease,West Bengal,Burdwan,Acute Diarrhoeal Disease,2016,14,24,0.1317388752,8.0,305.212,23.2495714,87.8681751
West Bengal_Burdwan_Acute Diarrhoeal Disease,West Bengal,Burdwan,Acute Diarrhoeal Disease,2016,19,26,0.3332409758,7.0,309.15500000000003,23.2495714,87.8681751
West Bengal_Burdwan_Acute Diarrhoeal Disease,West Bengal,Burdwan,Acute Diarrhoeal Disease,2016,21,52,0.2255140594,6.0,304.492,23.2495714,87.8681751
West Bengal_Burdwan_Acute Diarrhoeal Disease,West Bengal,Burdwan,Acute Diarrhoeal Disease,2016,24,12,0.2689992205,8.0,308.74,23.2495714,87.8681751
West Bengal_Burdwan_Acute Diarrhoeal Disease,West Bengal,Burdwan,Acute Diarrhoeal Disease,2016,30,59,0.8754437899,9.0,303.11,23.2495714,87.8681751
West Bengal_Burdwan_Acute Diarrhoeal Disease,West Bengal,Burdwan,Acute Diarrhoeal Disease,2016,33,114,0.7249962112,14.0,298.3,23.2495714,87.8681751
West Bengal_Burdwan_Acute Diarrhoeal Disease,West Bengal,Burdwan,Acute Diarrhoeal Disease,2017,12,27,0.02462458392,10.0,305.116,23.2495714,87.8681751
West Bengal_Burdwan_Acute Diarrhoeal Disease,West Bengal,Burdwan,Acute Diarrhoeal Disease,2017,28,71,0.6980844596,11.0,307.1866666,23.2495714,87.8681751
West Bengal_Burdwan_Acute Diarrhoeal Disease,West Bengal,Burdwan,Acute Diarrhoeal Disease,2017,31,154,1.387436199,5.0,303.11,23.2495714,87.8681751
West Bengal_Burdwan_Acute Diarrhoeal Disease,West Bengal,Burdwan,Acute Diarrhoeal Disease,2017,32,23,0.8085990065,4.0,303.11,23.2495714,87.8681751
West Bengal_Burdwan_Acute Diarrhoeal Disease,West Bengal,Burdwan,Acute Diarrhoeal Disease,2019,25,40,1.396773262,9.0,307.445,23.2495714,87.8681751
West Bengal_Burdwan_Acute Diarrhoeal Disease,West Bengal,Burdwan,Acute Diarrhoeal Disease,2019,41,23,0.7170284008,27.0,300.115,23.2495714,87.8681751
West Bengal_Burdwan_Acute Diarrhoeal Disease,West Bengal,Burdwan,Acute Diarrhoeal Disease,2021,49,89,1.914023558,8.0,297.16,23.2495714,87.8681751
West Bengal_Dakshin Dinajpur_Acute Diarrhoeal Disease,West Bengal,Dakshin Dinajpur,Acute Diarrhoeal Disease,2009,39,43,0.5667344913,25.0,296.90000000000003,25.38703085,88.50471505
West Bengal_Dakshin Dinajpur_Acute Diarrhoeal Disease,West Bengal,Dakshin Dinajpur,Acute Diarrhoeal Disease,2009,40,69,0.2828218798,25.0,300.635,25.38703085,88.50471505
West Bengal_Dakshin Dinajpur_Acute Diarrhoeal Disease,West Bengal,Dakshin Dinajpur,Acute Diarrhoeal Disease,2009,41,32,0.6802490504,24.0,300.14,25.38703085,88.50471505
West Bengal_Dakshin Dinajpur_Acute Diarrhoeal Disease,West Bengal,Dakshin Dinajpur,Acute Diarrhoeal Disease,2009,42,51,1.675899744,24.0,299.3866666,25.38703085,88.50471505
West Bengal_Dakshin Dinajpur_Acute Diarrhoeal Disease,West Bengal,Dakshin Dinajpur,Acute Diarrhoeal Disease,2011,13,151,0.465613352,19.0,298.9666666,25.38703085,88.50471505
West Bengal_Dakshin Dinajpur_Acute Diarrhoeal Disease,West Bengal,Dakshin Dinajpur,Acute Diarrhoeal Disease,2011,22,15,0.6051147217,11.0,300.7133334,25.38703085,88.50471505
West Bengal_Dakshin Dinajpur_Acute Diarrhoeal Disease,West Bengal,Dakshin Dinajpur,Acute Diarrhoeal Disease,2011,35,22,0.5057740247,15.0,288.56,25.38703085,88.50471505
West Bengal_Dakshin Dinajpur_Acute Diarrhoeal Disease,West Bengal,Dakshin Dinajpur,Acute Diarrhoeal Disease,2012,16,80,0.03266755462,19.0,301.3566666,25.38703085,88.50471505
West Bengal_Dakshin Dinajpur_Acute Diarrhoeal Disease,West Bengal,Dakshin Dinajpur,Acute Diarrhoeal Disease,2013,43,48,0.6437953988,28.0,299.40000000000003,25.38703085,88.50471505
West Bengal_Dakshin Dinajpur_Acute Diarrhoeal Disease,West Bengal,Dakshin Dinajpur,Acute Diarrhoeal Disease,2016,28,42,1.567592651,4.0,303.11,25.38703085,88.50471505
West Bengal_Dakshin Dinajpur_Acute Diarrhoeal Disease,West Bengal,Dakshin Dinajpur,Acute Diarrhoeal Disease,2017,31,72,0.5189521535,4.0,300.96,25.38703085,88.50471505
West Bengal_Hooghly_Acute Diarrhoeal Disease,West Bengal,Hooghly,Acute Diarrhoeal Disease,2010,16,148,0.00181662063,11.0,303.908,22.9052114,88.3760639
West Bengal_Hooghly_Acute Diarrhoeal Disease,West Bengal,Hooghly,Acute Diarrhoeal Disease,2010,30,65,0.4111894395,9.0,301.44,22.9052114,88.3760639
West Bengal_Hooghly_Acute Diarrhoeal Disease,West Bengal,Hooghly,Acute Diarrhoeal Disease,2010,33,11,0.6375606769,10.0,299.40000000000003,22.9052114,88.3760639
West Bengal_Hooghly_Acute Diarrhoeal Disease,West Bengal,Hooghly,Acute Diarrhoeal Disease,2010,40,27,0.7749973804,18.0,298.8333334,22.9052114,88.3760639
West Bengal_Hooghly_Acute Diarrhoeal Disease,West Bengal,Hooghly,Acute Diarrhoeal Disease,2010,41,32,0.7749973804,18.0,298.8333334,22.9052114,88.3760639
West Bengal_Hooghly_Acute Diarrhoeal Disease,West Bengal,Hooghly,Acute Diarrhoeal Disease,2010,44,100,0.1825438571,9.0,302.585,22.9052114,88.3760639
West Bengal_Hooghly_Acute Diarrhoeal Disease,West Bengal,Hooghly,Acute Diarrhoeal Disease,2011,11,35,0.00879140506,13.0,302.98,22.9052114,88.3760639
West Bengal_Hooghly_Acute Diarrhoeal Disease,West Bengal,Hooghly,Acute Diarrhoeal Disease,2011,14,90,0.2213237091,12.5,300.9105,22.9052114,88.3760639
West Bengal_Hooghly_Acute Diarrhoeal Disease,West Bengal,Hooghly,Acute Diarrhoeal Disease,2011,15,107,0.2213237091,12.5,300.9105,22.9052114,88.3760639
West Bengal_Hooghly_Acute Diarrhoeal Disease,West Bengal,Hooghly,Acute Diarrhoeal Disease,2012,19,22,0.7368032,13.0,303.168,22.9052114,88.3760639
West Bengal_Hooghly_Acute Diarrhoeal Disease,West Bengal,Hooghly,Acute Diarrhoeal Disease,2012,21,24,0.2793016209,9.0,307.08,22.9052114,88.3760639
West Bengal_Hooghly_Acute Diarrhoeal Disease,West Bengal,Hooghly,Acute Diarrhoeal Disease,2012,29,33,0.9161987616,11.0,302.21,22.9052114,88.3760639
West Bengal_Hooghly_Acute Diarrhoeal Disease,West Bengal,Hooghly,Acute Diarrhoeal Disease,2012,31,49,0.7766022394,10.0,301.38,22.9052114,88.3760639
West Bengal_Hooghly_Acute Diarrhoeal Disease,West Bengal,Hooghly,Acute Diarrhoeal Disease,2012,33,241,0.71115864395,9.5,301.7733333,22.9052114,88.3760639
West Bengal_Hooghly_Acute Diarrhoeal Disease,West Bengal,Hooghly,Acute Diarrhoeal Disease,2013,20,39,0.05630491233,11.0,303.075,22.9052114,88.3760639
West Bengal_Hooghly_Acute Diarrhoeal Disease,West Bengal,Hooghly,Acute Diarrhoeal Disease,2013,23,63,0.4830575078,11.5,302.1383333,22.9052114,88.3760639
West Bengal_Hooghly_Acute Diarrhoeal Disease,West Bengal,Hooghly,Acute Diarrhoeal Disease,2013,24,56,0.3643666519,9.0,302.38,22.9052114,88.3760639
West Bengal_Hooghly_Acute Diarrhoeal Disease,West Bengal,Hooghly,Acute Diarrhoeal Disease,2013,25,77,0.7667170902666666,12.0,301.4287778,22.9052114,88.3760639
West Bengal_Hooghly_Acute Diarrhoeal Disease,West Bengal,Hooghly,Acute Diarrhoeal Disease,2013,26,13,1.143655366,9.0,302.74666659999997,22.9052114,88.3760639
West Bengal_Hooghly_Acute Diarrhoeal Disease,West Bengal,Hooghly,Acute Diarrhoeal Disease,2013,29,24,0.1942826283,9.0,300.5,22.9052114,88.3760639
West Bengal_Hooghly_Acute Diarrhoeal Disease,West Bengal,Hooghly,Acute Diarrhoeal Disease,2013,31,34,1.231089027,10.0,301.14,22.9052114,88.3760639
West Bengal_Hooghly_Acute Diarrhoeal Disease,West Bengal,Hooghly,Acute Diarrhoeal Disease,2013,35,29,1.064864079,9.0,300.4866666,22.9052114,88.3760639
West Bengal_Hooghly_Acute Diarrhoeal Disease,West Bengal,Hooghly,Acute Diarrhoeal Disease,2013,42,117,0.7572680469499999,18.0,301.345,22.9052114,88.3760639
West Bengal_Hooghly_Acute Diarrhoeal Disease,West Bengal,Hooghly,Acute Diarrhoeal Disease,2014,32,60,0.5468923065,11.0,299.805,22.9052114,88.3760639
West Bengal_Hooghly_Acute Diarrhoeal Disease,West Bengal,Hooghly,Acute Diarrhoeal Disease,2014,34,81,1.2591820255,8.0,301.70000000000005,22.9052114,88.3760639
West Bengal_Hooghly_Acute Diarrhoeal Disease,West Bengal,Hooghly,Acute Diarrhoeal Disease,2014,39,224,0.9803978433,21.0,300.3,22.9052114,88.3760639
West Bengal_Hooghly_Acute Diarrhoeal Disease,West Bengal,Hooghly,Acute Diarrhoeal Disease,2014,40,362,0.9803978433,21.0,300.3,22.9052114,88.3760639
West Bengal_Hooghly_Acute Diarrhoeal Disease,West Bengal,Hooghly,Acute Diarrhoeal Disease,2015,16,10,0.7278883779,15.0,304.02500000000003,22.9052114,88.3760639
West Bengal_Hooghly_Acute Diarrhoeal Disease,West Bengal,Hooghly,Acute Diarrhoeal Disease,2015,34,30,0.6829723977,8.0,303.06,22.9052114,88.3760639
West Bengal_Hooghly_Acute Diarrhoeal Disease,West Bengal,Hooghly,Acute Diarrhoeal Disease,2016,14,35,0.3501829609,9.0,299.54,22.9052114,88.3760639
West Bengal_Hooghly_Acute Diarrhoeal Disease,West Bengal,Hooghly,Acute Diarrhoeal Disease,2016,19,14,0.5737764719,13.0,306.085,22.9052114,88.3760639
West Bengal_Hooghly_Acute Diarrhoeal Disease,West Bengal,Hooghly,Acute Diarrhoeal Disease,2019,47,301,0.7525065351,15.0,300.7266666,22.9052114,88.3760639
West Bengal_Hooghly_Acute Diarrhoeal Disease,West Bengal,Hooghly,Acute Diarrhoeal Disease,2020,10,43,0.2020248538,12.0,298.785,22.9052114,88.3760639
West Bengal_Hooghly_Acute Diarrhoeal Disease,West Bengal,Hooghly,Acute Diarrhoeal Disease,2021,8,29,6.9e-05,9.0,303.87,22.9052114,88.3760639
West Bengal_Hooghly_Acute Diarrhoeal Disease,West Bengal,Hooghly,Acute Diarrhoeal Disease,2021,9,29,6.9e-05,9.0,303.87,22.9052114,88.3760639
West Bengal_Hooghly_Acute Diarrhoeal Disease,West Bengal,Hooghly,Acute Diarrhoeal Disease,2021,23,289,0.113017599,13.0,306.2166666,22.9052114,88.3760639
West Bengal_Hooghly_Acute Diarrhoeal Disease,West Bengal,Hooghly,Acute Diarrhoeal Disease,2022,17,40,0.04226417578,12.0,302.65000000000003,22.9052114,88.3760639
West Bengal_Hooghly_Cholera,West Bengal,Hooghly,Cholera,2009,31,44,0.6681143026,7.0,303.34000000000003,22.9052114,88.3760639
West Bengal_Hooghly_Cholera,West Bengal,Hooghly,Cholera,2011,17,35,0.2027345886,15.0,303.268,22.9052114,88.3760639
West Bengal_Hooghly_Cholera,West Bengal,Hooghly,Cholera,2012,28,37,1.475789607,9.0,299.5,22.9052114,88.3760639
West Bengal_Hooghly_Cholera,West Bengal,Hooghly,Cholera,2012,30,24,0.6197077635,9.0,300.1266666,22.9052114,88.3760639
West Bengal_Hooghly_Cholera,West Bengal,Hooghly,Cholera,2012,38,65,1.354658172,10.0,297.26,22.9052114,88.3760639
West Bengal_Hooghly_Cholera,West Bengal,Hooghly,Cholera,2013,2,69,5.11e-05,10.0,297.692,22.9052114,88.3760639
West Bengal_Hooghly_Cholera,West Bengal,Hooghly,Cholera,2013,34,39,1.4906497365,11.5,300.265,22.9052114,88.3760639
West Bengal_Hooghly_Cholera,West Bengal,Hooghly,Cholera,2013,44,52,3.002960368,16.0,299.40000000000003,22.9052114,88.3760639
West Bengal_Hooghly_Cholera,West Bengal,Hooghly,Cholera,2013,48,13,6.04e-05,9.0,298.81333340000003,22.9052114,88.3760639
West Bengal_Hooghly_Cholera,West Bengal,Hooghly,Cholera,2014,31,56,0.5468923065,11.0,299.805,22.9052114,88.3760639
West Bengal_Hooghly_Cholera,West Bengal,Hooghly,Cholera,2014,35,58,0.8979382878,12.0,300.29,22.9052114,88.3760639
West Bengal_Hooghly_Cholera,West Bengal,Hooghly,Cholera,2014,42,372,0.9803978433,21.0,300.3,22.9052114,88.3760639
West Bengal_Hooghly_Cholera,West Bengal,Hooghly,Cholera,2014,46,12,8.58e-05,11.0,302.2366666,22.9052114,88.3760639
West Bengal_Hooghly_Cholera,West Bengal,Hooghly,Cholera,2015,20,61,0.1988079739,12.0,304.8575,22.9052114,88.3760639
West Bengal_Hooghly_Cholera,West Bengal,Hooghly,Cholera,2021,14,25,0.03927329535,9.0,305.37,22.9052114,88.3760639
West Bengal_Hooghly_Cholera,West Bengal,Hooghly,Cholera,2022,14,50,0.01606103471,9.0,301.768,22.9052114,88.3760639
West Bengal_Howrah_Acute Diarrhoeal Disease,West Bengal,Howrah,Acute Diarrhoeal Disease,2010,16,121,0.0001091301774,12.0,304.8966666,22.5736296,88.3251045
West Bengal_Howrah_Acute Diarrhoeal Disease,West Bengal,Howrah,Acute Diarrhoeal Disease,2010,26,24,0.8787628304,11.0,303.11,22.5736296,88.3251045
West Bengal_Howrah_Acute Diarrhoeal Disease,West Bengal,Howrah,Acute Diarrhoeal Disease,2011,22,37,0.3472671727,13.0,303.756,22.5736296,88.3251045
West Bengal_Howrah_Acute Diarrhoeal Disease,West Bengal,Howrah,Acute Diarrhoeal Disease,2011,23,145,0.3472671727,13.0,303.756,22.5736296,88.3251045
West Bengal_Howrah_Acute Diarrhoeal Disease,West Bengal,Howrah,Acute Diarrhoeal Disease,2011,24,145,0.3472671727,13.0,303.756,22.5736296,88.3251045
West Bengal_Howrah_Acute Diarrhoeal Disease,West Bengal,Howrah,Acute Diarrhoeal Disease,2011,38,493,1.01343592,16.0,299.26,22.5736296,88.3251045
West Bengal_Howrah_Acute Diarrhoeal Disease,West Bengal,Howrah,Acute Diarrhoeal Disease,2012,7,76,0.03647180793,9.0,298.91200000000003,22.5736296,88.3251045
West Bengal_Howrah_Acute Diarrhoeal Disease,West Bengal,Howrah,Acute Diarrhoeal Disease,2013,28,32,0.3236214334,13.0,302.5066666,22.5736296,88.3251045
West Bengal_Howrah_Acute Diarrhoeal Disease,West Bengal,Howrah,Acute Diarrhoeal Disease,2014,40,17,0.742394535,20.0,299.32,22.5736296,88.3251045
West Bengal_Howrah_Acute Diarrhoeal Disease,West Bengal,Howrah,Acute Diarrhoeal Disease,2016,17,35,0.0009789672656,10.0,307.0866666,22.5736296,88.3251045
West Bengal_Howrah_Acute Diarrhoeal Disease,West Bengal,Howrah,Acute Diarrhoeal Disease,2018,12,6,0.0450272739,12.0,305.452,22.5736296,88.3251045
West Bengal_Howrah_Acute Diarrhoeal Disease,West Bengal,Howrah,Acute Diarrhoeal Disease,2021,14,31,0.04199322725,11.0,305.7633334,22.5736296,88.3251045
West Bengal_Howrah_Acute Diarrhoeal Disease,West Bengal,Howrah,Acute Diarrhoeal Disease,2021,35,42,0.4185922657,10.0,298.47200000000004,22.5736296,88.3251045
West Bengal_Jalpaiguri_Acute Diarrhoeal Disease,West Bengal,Jalpaiguri,Acute Diarrhoeal Disease,2010,17,42,0.110891772,9.0,297.052,26.4733048,88.67886686
West Bengal_Jalpaiguri_Acute Diarrhoeal Disease,West Bengal,Jalpaiguri,Acute Diarrhoeal Disease,2010,18,52,0.4002448055,9.0,294.2,26.4733048,88.67886686
West Bengal_Jalpaiguri_Acute Diarrhoeal Disease,West Bengal,Jalpaiguri,Acute Diarrhoeal Disease,2010,19,66,0.110891772,9.0,297.052,26.4733048,88.67886686
West Bengal_Jalpaiguri_Acute Diarrhoeal Disease,West Bengal,Jalpaiguri,Acute Diarrhoeal Disease,2010,20,66,0.110891772,9.0,297.052,26.4733048,88.67886686
West Bengal_Jalpaiguri_Acute Diarrhoeal Disease,West Bengal,Jalpaiguri,Acute Diarrhoeal Disease,2010,33,34,0.4878018815,21.0,298.4666666,26.4733048,88.67886686
West Bengal_Jalpaiguri_Acute Diarrhoeal Disease,West Bengal,Jalpaiguri,Acute Diarrhoeal Disease,2010,34,66,0.6525142255,21.0,298.02,26.4733048,88.67886686
West Bengal_Jalpaiguri_Acute Diarrhoeal Disease,West Bengal,Jalpaiguri,Acute Diarrhoeal Disease,2010,39,33,2.045599452,18.0,289.685,26.4733048,88.67886686
West Bengal_Jalpaiguri_Acute Diarrhoeal Disease,West Bengal,Jalpaiguri,Acute Diarrhoeal Disease,2010,40,41,2.045599452,18.0,289.685,26.4733048,88.67886686
West Bengal_Jalpaiguri_Acute Diarrhoeal Disease,West Bengal,Jalpaiguri,Acute Diarrhoeal Disease,2010,41,46,2.045599452,18.0,289.685,26.4733048,88.67886686
West Bengal_Jalpaiguri_Acute Diarrhoeal Disease,West Bengal,Jalpaiguri,Acute Diarrhoeal Disease,2010,43,48,0.2055501428,9.0,299.29,26.4733048,88.67886686
West Bengal_Jalpaiguri_Acute Diarrhoeal Disease,West Bengal,Jalpaiguri,Acute Diarrhoeal Disease,2010,44,22,0.06549441107,9.0,301.16,26.4733048,88.67886686
West Bengal_Jalpaiguri_Acute Diarrhoeal Disease,West Bengal,Jalpaiguri,Acute Diarrhoeal Disease,2011,5,47,0.004832064648,23.0,292.6033334,26.4733048,88.67886686
West Bengal_Jalpaiguri_Acute Diarrhoeal Disease,West Bengal,Jalpaiguri,Acute Diarrhoeal Disease,2011,6,56,0.004832064648,23.0,292.6033334,26.4733048,88.67886686
West Bengal_Jalpaiguri_Acute Diarrhoeal Disease,West Bengal,Jalpaiguri,Acute Diarrhoeal Disease,2011,8,61,0.004832064648,23.0,292.6033334,26.4733048,88.67886686
West Bengal_Jalpaiguri_Acute Diarrhoeal Disease,West Bengal,Jalpaiguri,Acute Diarrhoeal Disease,2011,15,64,0.2846339955,9.0,296.2266666,26.4733048,88.67886686
West Bengal_Jalpaiguri_Acute Diarrhoeal Disease,West Bengal,Jalpaiguri,Acute Diarrhoeal Disease,2011,18,15,1.138024476,28.0,296.2266666,26.4733048,88.67886686
West Bengal_Jalpaiguri_Acute Diarrhoeal Disease,West Bengal,Jalpaiguri,Acute Diarrhoeal Disease,2011,21,118,0.76037819305,18.0,297.4166667,26.4733048,88.67886686
West Bengal_Jalpaiguri_Acute Diarrhoeal Disease,West Bengal,Jalpaiguri,Acute Diarrhoeal Disease,2011,22,154,0.8862602873666666,21.333333333333332,297.02,26.4733048,88.67886686
West Bengal_Jalpaiguri_Acute Diarrhoeal Disease,West Bengal,Jalpaiguri,Acute Diarrhoeal Disease,2011,25,130,0.74102766415,21.0,298.685,26.4733048,88.67886686
West Bengal_Jalpaiguri_Acute Diarrhoeal Disease,West Bengal,Jalpaiguri,Acute Diarrhoeal Disease,2011,26,11,0.6625597915,24.0,300.99666659999997,26.4733048,88.67886686
West Bengal_Jalpaiguri_Acute Diarrhoeal Disease,West Bengal,Jalpaiguri,Acute Diarrhoeal Disease,2012,23,41,0.2978554764,27.0,297.5,26.4733048,88.67886686
West Bengal_Jalpaiguri_Acute Diarrhoeal Disease,West Bengal,Jalpaiguri,Acute Diarrhoeal Disease,2012,41,37,0.33678309120000005,32.0,298.4325,26.4733048,88.67886686
West Bengal_Jalpaiguri_Acute Diarrhoeal Disease,West Bengal,Jalpaiguri,Acute Diarrhoeal Disease,2014,24,87,4.066443031,9.0,287.64,26.4733048,88.67886686
West Bengal_Jalpaiguri_Acute Diarrhoeal Disease,West Bengal,Jalpaiguri,Acute Diarrhoeal Disease,2015,42,10,0.03349130141,37.0,299.04,26.4733048,88.67886686
West Bengal_Jalpaiguri_Acute Diarrhoeal Disease,West Bengal,Jalpaiguri,Acute Diarrhoeal Disease,2016,19,71,0.487725339,9.0,300.4733334,26.4733048,88.67886686
West Bengal_Jalpaiguri_Acute Diarrhoeal Disease,West Bengal,Jalpaiguri,Acute Diarrhoeal Disease,2016,21,71,0.487725339,9.0,300.4733334,26.4733048,88.67886686
West Bengal_Malda_Acute Diarrhoeal Disease,West Bengal,Malda,Acute Diarrhoeal Disease,2011,36,36,0.3558414286,15.0,301.2566666,25.0057449,88.1398483
West Bengal_Malda_Acute Diarrhoeal Disease,West Bengal,Malda,Acute Diarrhoeal Disease,2011,49,40,0.004872643105,6.0,300.408,25.0057449,88.1398483
West Bengal_Malda_Acute Diarrhoeal Disease,West Bengal,Malda,Acute Diarrhoeal Disease,2012,27,45,0.1151740729,8.0,302.36,25.0057449,88.1398483
West Bengal_Malda_Acute Diarrhoeal Disease,West Bengal,Malda,Acute Diarrhoeal Disease,2013,20,24,0.1900903172,6.0,306.428,25.0057449,88.1398483
West Bengal_Malda_Acute Diarrhoeal Disease,West Bengal,Malda,Acute Diarrhoeal Disease,2013,22,31,0.6385460286,6.0,308.73,25.0057449,88.1398483
West Bengal_Malda_Acute Diarrhoeal Disease,West Bengal,Malda,Acute Diarrhoeal Disease,2013,36,251,0.8015506819,9.0,298.46,25.0057449,88.1398483
West Bengal_Malda_Acute Diarrhoeal Disease,West Bengal,Malda,Acute Diarrhoeal Disease,2013,45,22,0.008647886468,12.0,300.548,25.0057449,88.1398483
West Bengal_Malda_Acute Diarrhoeal Disease,West Bengal,Malda,Acute Diarrhoeal Disease,2014,4,61,0.0006860751964,8.0,295.552,25.0057449,88.1398483
West Bengal_Malda_Acute Diarrhoeal Disease,West Bengal,Malda,Acute Diarrhoeal Disease,2014,18,47,2.95e-05,8.0,313.94,25.0057449,88.1398483
West Bengal_Malda_Acute Diarrhoeal Disease,West Bengal,Malda,Acute Diarrhoeal Disease,2016,18,12,0.1416746334,8.0,309.77,25.0057449,88.1398483
West Bengal_Malda_Acute Diarrhoeal Disease,West Bengal,Malda,Acute Diarrhoeal Disease,2017,38,124,0.2916475852,16.0,301.96,25.0057449,88.1398483
West Bengal_Malda_Acute Diarrhoeal Disease,West Bengal,Malda,Acute Diarrhoeal Disease,2018,17,61,0.04142471576,10.0,304.6,25.0057449,88.1398483
West Bengal_Murshidabad_Acute Diarrhoeal Disease,West Bengal,Murshidabad,Acute Diarrhoeal Disease,2010,16,145,0.0753457464,8.0,307.2033334,24.1745993,88.2721335
West Bengal_Murshidabad_Acute Diarrhoeal Disease,West Bengal,Murshidabad,Acute Diarrhoeal Disease,2010,28,34,1.071846974,8.0,300.62,24.1745993,88.2721335
West Bengal_Murshidabad_Acute Diarrhoeal Disease,West Bengal,Murshidabad,Acute Diarrhoeal Disease,2010,35,18,0.6515505131,9.0,298.1,24.1745993,88.2721335
West Bengal_Murshidabad_Acute Diarrhoeal Disease,West Bengal,Murshidabad,Acute Diarrhoeal Disease,2010,36,88,0.6515505131,9.0,298.1,24.1745993,88.2721335
West Bengal_Murshidabad_Acute Diarrhoeal Disease,West Bengal,Murshidabad,Acute Diarrhoeal Disease,2010,48,72,0.05698276869,9.0,302.5,24.1745993,88.2721335
West Bengal_Murshidabad_Acute Diarrhoeal Disease,West Bengal,Murshidabad,Acute Diarrhoeal Disease,2011,29,13,1.323108293,7.0,287.72,24.1745993,88.2721335
West Bengal_Murshidabad_Acute Diarrhoeal Disease,West Bengal,Murshidabad,Acute Diarrhoeal Disease,2011,30,14,1.323108293,7.0,287.72,24.1745993,88.2721335
West Bengal_Murshidabad_Acute Diarrhoeal Disease,West Bengal,Murshidabad,Acute Diarrhoeal Disease,2011,35,23,0.475402698,14.0,300.504,24.1745993,88.2721335
West Bengal_Murshidabad_Acute Diarrhoeal Disease,West Bengal,Murshidabad,Acute Diarrhoeal Disease,2011,39,21,0.5222860714,11.0,300.88,24.1745993,88.2721335
West Bengal_Murshidabad_Acute Diarrhoeal Disease,West Bengal,Murshidabad,Acute Diarrhoeal Disease,2011,49,29,4.34e-05,7.0,302.0666666,24.1745993,88.2721335
West Bengal_Murshidabad_Acute Diarrhoeal Disease,West Bengal,Murshidabad,Acute Diarrhoeal Disease,2012,22,41,0.1757088485,7.0,305.685,24.1745993,88.2721335
West Bengal_Murshidabad_Acute Diarrhoeal Disease,West Bengal,Murshidabad,Acute Diarrhoeal Disease,2013,34,32,0.9093162393,6.0,301.13,24.1745993,88.2721335
West Bengal_Murshidabad_Acute Diarrhoeal Disease,West Bengal,Murshidabad,Acute Diarrhoeal Disease,2013,36,95,0.7180897178500001,14.0,300.49,24.1745993,88.2721335
West Bengal_Murshidabad_Acute Diarrhoeal Disease,West Bengal,Murshidabad,Acute Diarrhoeal Disease,2015,46,30,0.01144172743,12.0,301.904,24.1745993,88.2721335
West Bengal_Murshidabad_Acute Diarrhoeal Disease,West Bengal,Murshidabad,Acute Diarrhoeal Disease,2015,47,52,0.0002289147022,10.0,300.7266666,24.1745993,88.2721335
West Bengal_Murshidabad_Acute Diarrhoeal Disease,West Bengal,Murshidabad,Acute Diarrhoeal Disease,2016,11,43,0.03540201986,11.0,302.668,24.1745993,88.2721335
West Bengal_Murshidabad_Acute Diarrhoeal Disease,West Bengal,Murshidabad,Acute Diarrhoeal Disease,2016,29,58,0.5094029031,10.0,301.0133334,24.1745993,88.2721335
West Bengal_Murshidabad_Acute Diarrhoeal Disease,West Bengal,Murshidabad,Acute Diarrhoeal Disease,2016,36,47,0.7345677473,10.0,302.26,24.1745993,88.2721335
West Bengal_Nadia_Acute Diarrhoeal Disease,West Bengal,Nadia,Acute Diarrhoeal Disease,2009,27,24,0.1380151688,8.0,303.8866666,23.48454125,88.55676307
West Bengal_Nadia_Acute Diarrhoeal Disease,West Bengal,Nadia,Acute Diarrhoeal Disease,2010,19,76,0.384021325,9.0,305.59200000000004,23.48454125,88.55676307
West Bengal_Nadia_Acute Diarrhoeal Disease,West Bengal,Nadia,Acute Diarrhoeal Disease,2010,20,39,0.04661874175,9.0,306.105,23.48454125,88.55676307
West Bengal_Nadia_Acute Diarrhoeal Disease,West Bengal,Nadia,Acute Diarrhoeal Disease,2010,22,51,0.696739917,9.0,299.58,23.48454125,88.55676307
West Bengal_Nadia_Acute Diarrhoeal Disease,West Bengal,Nadia,Acute Diarrhoeal Disease,2010,39,104,1.163606182,8.0,296.38,23.48454125,88.55676307
West Bengal_Nadia_Acute Diarrhoeal Disease,West Bengal,Nadia,Acute Diarrhoeal Disease,2011,24,71,0.1904720442,11.0,303.572,23.48454125,88.55676307
West Bengal_Nadia_Acute Diarrhoeal Disease,West Bengal,Nadia,Acute Diarrhoeal Disease,2011,41,17,0.0884768875,16.0,302.59200000000004,23.48454125,88.55676307
West Bengal_Nadia_Acute Diarrhoeal Disease,West Bengal,Nadia,Acute Diarrhoeal Disease,2012,13,41,0.0001090914192,9.0,305.7666666,23.48454125,88.55676307
West Bengal_Nadia_Acute Diarrhoeal Disease,West Bengal,Nadia,Acute Diarrhoeal Disease,2014,27,69,1.137506672,8.0,301.12,23.48454125,88.55676307
West Bengal_Nadia_Acute Diarrhoeal Disease,West Bengal,Nadia,Acute Diarrhoeal Disease,2014,30,56,0.9114438279,11.0,297.73,23.48454125,88.55676307
West Bengal_Nadia_Acute Diarrhoeal Disease,West Bengal,Nadia,Acute Diarrhoeal Disease,2014,32,69,1.137506672,8.0,301.12,23.48454125,88.55676307
West Bengal_Nadia_Acute Diarrhoeal Disease,West Bengal,Nadia,Acute Diarrhoeal Disease,2015,27,59,0.9757700111,9.0,300.85,23.48454125,88.55676307
West Bengal_Nadia_Acute Diarrhoeal Disease,West Bengal,Nadia,Acute Diarrhoeal Disease,2015,31,28,1.839021019,10.0,302.39,23.48454125,88.55676307
West Bengal_Nadia_Acute Diarrhoeal Disease,West Bengal,Nadia,Acute Diarrhoeal Disease,2015,34,76,0.508717249,5.0,303.11,23.48454125,88.55676307
West Bengal_Nadia_Acute Diarrhoeal Disease,West Bengal,Nadia,Acute Diarrhoeal Disease,2019,16,332,0.215991275,9.0,303.2233334,23.48454125,88.55676307
West Bengal_North 24 Parganas_Acute Diarrhoeal Disease,West Bengal,North 24 Parganas,Acute Diarrhoeal Disease,2010,39,84,0.8185774935,11.0,303.11,22.642931,88.8930579
West Bengal_North 24 Parganas_Acute Diarrhoeal Disease,West Bengal,North 24 Parganas,Acute Diarrhoeal Disease,2010,40,101,0.8185774935,11.0,303.11,22.642931,88.8930579
West Bengal_North 24 Parganas_Acute Diarrhoeal Disease,West Bengal,North 24 Parganas,Acute Diarrhoeal Disease,2011,16,25,0.1518664035,9.0,303.17,22.642931,88.8930579
West Bengal_North 24 Parganas_Acute Diarrhoeal Disease,West Bengal,North 24 Parganas,Acute Diarrhoeal Disease,2011,20,21,0.536171301,13.0,302.996,22.642931,88.8930579
West Bengal_North 24 Parganas_Acute Diarrhoeal Disease,West Bengal,North 24 Parganas,Acute Diarrhoeal Disease,2012,7,30,0.05165978424,9.0,296.132,22.642931,88.8930579
West Bengal_North 24 Parganas_Acute Diarrhoeal Disease,West Bengal,North 24 Parganas,Acute Diarrhoeal Disease,2012,9,95,0.05165978424,9.0,296.132,22.642931,88.8930579
West Bengal_North 24 Parganas_Acute Diarrhoeal Disease,West Bengal,North 24 Parganas,Acute Diarrhoeal Disease,2013,19,35,0.05325392179,10.0,304.35,22.642931,88.8930579
West Bengal_North 24 Parganas_Acute Diarrhoeal Disease,West Bengal,North 24 Parganas,Acute Diarrhoeal Disease,2013,27,42,0.8699962805,6.0,303.11,22.642931,88.8930579
West Bengal_North 24 Parganas_Acute Diarrhoeal Disease,West Bengal,North 24 Parganas,Acute Diarrhoeal Disease,2013,29,39,0.2123469179,9.0,300.72,22.642931,88.8930579
West Bengal_North 24 Parganas_Acute Diarrhoeal Disease,West Bengal,North 24 Parganas,Acute Diarrhoeal Disease,2013,32,131,1.21407937,11.0,301.44,22.642931,88.8930579
West Bengal_North 24 Parganas_Acute Diarrhoeal Disease,West Bengal,North 24 Parganas,Acute Diarrhoeal Disease,2013,35,109,0.605417868,10.0,301.89,22.642931,88.8930579
West Bengal_North 24 Parganas_Acute Diarrhoeal Disease,West Bengal,North 24 Parganas,Acute Diarrhoeal Disease,2013,38,36,0.4033924757,21.0,301.332,22.642931,88.8930579
West Bengal_North 24 Parganas_Acute Diarrhoeal Disease,West Bengal,North 24 Parganas,Acute Diarrhoeal Disease,2013,41,40,0.3516940065,15.0,302.04,22.642931,88.8930579
West Bengal_North 24 Parganas_Acute Diarrhoeal Disease,West Bengal,North 24 Parganas,Acute Diarrhoeal Disease,2013,43,803,1.225737338,22.0,298.76,22.642931,88.8930579
West Bengal_North 24 Parganas_Acute Diarrhoeal Disease,West Bengal,North 24 Parganas,Acute Diarrhoeal Disease,2014,30,217,0.6430619496000001,8.5,301.56,22.642931,88.8930579
West Bengal_North 24 Parganas_Acute Diarrhoeal Disease,West Bengal,North 24 Parganas,Acute Diarrhoeal Disease,2014,31,142,0.6320570315,10.0,300.66,22.642931,88.8930579
West Bengal_North 24 Parganas_Acute Diarrhoeal Disease,West Bengal,North 24 Parganas,Acute Diarrhoeal Disease,2014,32,109,0.6563934206,10.0,303.11,22.642931,88.8930579
West Bengal_North 24 Parganas_Acute Diarrhoeal Disease,West Bengal,North 24 Parganas,Acute Diarrhoeal Disease,2016,9,299,0.3064307018,17.0,303.11,22.642931,88.8930579
West Bengal_North 24 Parganas_Acute Diarrhoeal Disease,West Bengal,North 24 Parganas,Acute Diarrhoeal Disease,2016,10,1691,0.155801017015,16.0,300.7116666,22.642931,88.8930579
West Bengal_North 24 Parganas_Acute Diarrhoeal Disease,West Bengal,North 24 Parganas,Acute Diarrhoeal Disease,2016,11,62,0.04801277378,18.0,301.38,22.642931,88.8930579
West Bengal_North 24 Parganas_Acute Diarrhoeal Disease,West Bengal,North 24 Parganas,Acute Diarrhoeal Disease,2016,12,88,0.1709611368,16.0,303.42,22.642931,88.8930579
West Bengal_North 24 Parganas_Acute Diarrhoeal Disease,West Bengal,North 24 Parganas,Acute Diarrhoeal Disease,2016,27,50,1.08854181,7.0,302.40000000000003,22.642931,88.8930579
West Bengal_North 24 Parganas_Acute Diarrhoeal Disease,West Bengal,North 24 Parganas,Acute Diarrhoeal Disease,2016,28,82,0.5779220094,7.0,295.32,22.642931,88.8930579
West Bengal_North 24 Parganas_Acute Diarrhoeal Disease,West Bengal,North 24 Parganas,Acute Diarrhoeal Disease,2017,10,48,0.4075908985,18.0,300.40500000000003,22.642931,88.8930579
West Bengal_North 24 Parganas_Acute Diarrhoeal Disease,West Bengal,North 24 Parganas,Acute Diarrhoeal Disease,2017,12,48,0.4075908985,18.0,300.40500000000003,22.642931,88.8930579
West Bengal_North 24 Parganas_Acute Diarrhoeal Disease,West Bengal,North 24 Parganas,Acute Diarrhoeal Disease,2017,28,193,0.675513068,9.0,295.96,22.642931,88.8930579
West Bengal_North 24 Parganas_Acute Diarrhoeal Disease,West Bengal,North 24 Parganas,Acute Diarrhoeal Disease,2017,32,18,0.6668045778,6.0,297.82,22.642931,88.8930579
West Bengal_North 24 Parganas_Acute Diarrhoeal Disease,West Bengal,North 24 Parganas,Acute Diarrhoeal Disease,2018,23,112,0.6208200145,14.0,302.135,22.642931,88.8930579
West Bengal_North 24 Parganas_Acute Diarrhoeal Disease,West Bengal,North 24 Parganas,Acute Diarrhoeal Disease,2018,34,253,0.4042403568,9.0,300.6466666,22.642931,88.8930579
West Bengal_North 24 Parganas_Acute Diarrhoeal Disease,West Bengal,North 24 Parganas,Acute Diarrhoeal Disease,2018,35,253,0.2227696272,9.0,300.6,22.642931,88.8930579
West Bengal_North 24 Parganas_Acute Diarrhoeal Disease,West Bengal,North 24 Parganas,Acute Diarrhoeal Disease,2021,3,62,7.19e-05,6.0,293.5066666,22.642931,88.8930579
West Bengal_North 24 Parganas_Acute Diarrhoeal Disease,West Bengal,North 24 Parganas,Acute Diarrhoeal Disease,2021,12,93,0.09780574633,20.0,301.7566666,22.642931,88.8930579
West Bengal_North 24 Parganas_Acute Diarrhoeal Disease,West Bengal,North 24 Parganas,Acute Diarrhoeal Disease,2021,35,94,0.3785768589,17.0,301.31,22.642931,88.8930579
West Bengal_North 24 Parganas_Acute Diarrhoeal Disease,West Bengal,North 24 Parganas,Acute Diarrhoeal Disease,2022,9,718,0.0127255705,9.0,299.72,22.642931,88.8930579
West Bengal_North 24 Parganas_Acute Diarrhoeal Disease,West Bengal,North 24 Parganas,Acute Diarrhoeal Disease,2022,10,556,0.0127255705,9.0,299.72,22.642931,88.8930579
West Bengal_North 24 Parganas_Acute Diarrhoeal Disease,West Bengal,North 24 Parganas,Acute Diarrhoeal Disease,2022,15,132,0.1245795666,16.0,302.7066666,22.642931,88.8930579
West Bengal_North 24 Parganas_Cholera,West Bengal,North 24 Parganas,Cholera,2011,30,78,0.5312132695,9.0,299.40000000000003,22.642931,88.8930579
West Bengal_North 24 Parganas_Cholera,West Bengal,North 24 Parganas,Cholera,2013,22,144,0.9277109325,9.0,296.36,22.642931,88.8930579
West Bengal_North 24 Parganas_Cholera,West Bengal,North 24 Parganas,Cholera,2013,36,92,0.6664716292,9.0,299.93,22.642931,88.8930579
West Bengal_North 24 Parganas_Cholera,West Bengal,North 24 Parganas,Cholera,2013,38,190,0.4744809165,9.0,301.545,22.642931,88.8930579
West Bengal_North 24 Parganas_Cholera,West Bengal,North 24 Parganas,Cholera,2013,40,248,0.4744809165,9.0,301.545,22.642931,88.8930579
West Bengal_North 24 Parganas_Cholera,West Bengal,North 24 Parganas,Cholera,2013,42,698,1.225737338,22.0,298.76,22.642931,88.8930579
West Bengal_North 24 Parganas_Cholera,West Bengal,North 24 Parganas,Cholera,2014,31,290,0.7140316173,8.0,302.46,22.642931,88.8930579
West Bengal_North 24 Parganas_Cholera,West Bengal,North 24 Parganas,Cholera,2014,32,445,0.7140316173,8.0,302.46,22.642931,88.8930579
West Bengal_North 24 Parganas_Cholera,West Bengal,North 24 Parganas,Cholera,2014,35,477,0.7140316173,8.0,302.46,22.642931,88.8930579
West Bengal_North 24 Parganas_Cholera,West Bengal,North 24 Parganas,Cholera,2016,13,509,0.03973893759,16.0,303.8533334,22.642931,88.8930579
West Bengal_North 24 Parganas_Cholera,West Bengal,North 24 Parganas,Cholera,2016,26,137,0.3703167204,9.0,297.0933334,22.642931,88.8930579
West Bengal_North 24 Parganas_Cholera,West Bengal,North 24 Parganas,Cholera,2021,40,1027,0.3785768589,17.0,301.31,22.642931,88.8930579
West Bengal_North 24 Parganas_Cholera,West Bengal,North 24 Parganas,Cholera,2021,41,1027,0.3785768589,17.0,301.31,22.642931,88.8930579
West Bengal_Paschim Medinipur_Acute Diarrhoeal Disease,West Bengal,Paschim Medinipur,Acute Diarrhoeal Disease,2010,21,32,0.05071553115,8.0,305.3875,22.3599134,87.41331448
West Bengal_Paschim Medinipur_Acute Diarrhoeal Disease,West Bengal,Paschim Medinipur,Acute Diarrhoeal Disease,2010,22,18,0.06088922759,5.0,304.69,22.3599134,87.41331448
West Bengal_Paschim Medinipur_Acute Diarrhoeal Disease,West Bengal,Paschim Medinipur,Acute Diarrhoeal Disease,2010,30,5,0.5332420299,10.0,303.85,22.3599134,87.41331448
West Bengal_Paschim Medinipur_Acute Diarrhoeal Disease,West Bengal,Paschim Medinipur,Acute Diarrhoeal Disease,2011,11,80,9.92e-05,14.0,304.296,22.3599134,87.41331448
West Bengal_Paschim Medinipur_Acute Diarrhoeal Disease,West Bengal,Paschim Medinipur,Acute Diarrhoeal Disease,2013,23,296,0.6505363101,14.0,302.94,22.3599134,87.41331448
West Bengal_Paschim Medinipur_Acute Diarrhoeal Disease,West Bengal,Paschim Medinipur,Acute Diarrhoeal Disease,2013,24,350,0.6505363101,14.0,302.94,22.3599134,87.41331448
West Bengal_Paschim Medinipur_Acute Diarrhoeal Disease,West Bengal,Paschim Medinipur,Acute Diarrhoeal Disease,2013,25,83,0.7142903175,15.0,303.77,22.3599134,87.41331448
West Bengal_Paschim Medinipur_Acute Diarrhoeal Disease,West Bengal,Paschim Medinipur,Acute Diarrhoeal Disease,2013,29,92,0.4794822168,8.0,303.78000000000003,22.3599134,87.41331448
West Bengal_Paschim Medinipur_Acute Diarrhoeal Disease,West Bengal,Paschim Medinipur,Acute Diarrhoeal Disease,2013,35,82,0.93984409295,9.0,303.315,22.3599134,87.41331448
West Bengal_Paschim Medinipur_Acute Diarrhoeal Disease,West Bengal,Paschim Medinipur,Acute Diarrhoeal Disease,2013,36,21,0.8294179142,10.0,300.40000000000003,22.3599134,87.41331448
West Bengal_Paschim Medinipur_Acute Diarrhoeal Disease,West Bengal,Paschim Medinipur,Acute Diarrhoeal Disease,2013,37,23,0.7612111239,12.0,300.5,22.3599134,87.41331448
West Bengal_Paschim Medinipur_Acute Diarrhoeal Disease,West Bengal,Paschim Medinipur,Acute Diarrhoeal Disease,2015,25,267,0.37361317472,8.5,305.9425,22.3599134,87.41331448
West Bengal_Paschim Medinipur_Acute Diarrhoeal Disease,West Bengal,Paschim Medinipur,Acute Diarrhoeal Disease,2015,26,115,1.09485445,6.0,303.11,22.3599134,87.41331448
West Bengal_Paschim Medinipur_Acute Diarrhoeal Disease,West Bengal,Paschim Medinipur,Acute Diarrhoeal Disease,2015,30,20,1.830506975,3.0,303.11,22.3599134,87.41331448
West Bengal_Paschim Medinipur_Acute Diarrhoeal Disease,West Bengal,Paschim Medinipur,Acute Diarrhoeal Disease,2015,41,22,0.2086396692,9.0,301.3,22.3599134,87.41331448
West Bengal_Paschim Medinipur_Acute Diarrhoeal Disease,West Bengal,Paschim Medinipur,Acute Diarrhoeal Disease,2015,43,87,0.04006380641,9.0,302.952,22.3599134,87.41331448
West Bengal_Paschim Medinipur_Acute Diarrhoeal Disease,West Bengal,Paschim Medinipur,Acute Diarrhoeal Disease,2016,22,148,0.41929966350000003,11.0,302.31666670000004,22.3599134,87.41331448
West Bengal_Paschim Medinipur_Acute Diarrhoeal Disease,West Bengal,Paschim Medinipur,Acute Diarrhoeal Disease,2016,49,20,0.002038949924,7.0,299.5233334,22.3599134,87.41331448
West Bengal_Paschim Medinipur_Acute Diarrhoeal Disease,West Bengal,Paschim Medinipur,Acute Diarrhoeal Disease,2022,15,105,0.001576650271,17.0,303.61,22.3599134,87.41331448
West Bengal_Purulia_Acute Diarrhoeal Disease,West Bengal,Purulia,Acute Diarrhoeal Disease,2009,26,105,0.105475161,9.0,308.24666659999997,23.3291882,86.3672378
West Bengal_Purulia_Acute Diarrhoeal Disease,West Bengal,Purulia,Acute Diarrhoeal Disease,2009,27,20,0.105475161,9.0,308.24666659999997,23.3291882,86.3672378
West Bengal_Purulia_Acute Diarrhoeal Disease,West Bengal,Purulia,Acute Diarrhoeal Disease,2010,27,67,0.5502031647,8.0,306.17,23.3291882,86.3672378
West Bengal_Purulia_Acute Diarrhoeal Disease,West Bengal,Purulia,Acute Diarrhoeal Disease,2010,30,10,0.184327081,8.0,305.72,23.3291882,86.3672378
West Bengal_Purulia_Acute Diarrhoeal Disease,West Bengal,Purulia,Acute Diarrhoeal Disease,2011,7,99,0.0039387503585,7.0,300.805,23.3291882,86.3672378
West Bengal_Purulia_Acute Diarrhoeal Disease,West Bengal,Purulia,Acute Diarrhoeal Disease,2011,18,68,0.2322560709,6.0,310.84000000000003,23.3291882,86.3672378
West Bengal_Purulia_Acute Diarrhoeal Disease,West Bengal,Purulia,Acute Diarrhoeal Disease,2011,21,42,0.324178848,7.0,306.65500000000003,23.3291882,86.3672378
West Bengal_Purulia_Acute Diarrhoeal Disease,West Bengal,Purulia,Acute Diarrhoeal Disease,2011,22,46,0.2339765864,9.0,306.584,23.3291882,86.3672378
West Bengal_Purulia_Acute Diarrhoeal Disease,West Bengal,Purulia,Acute Diarrhoeal Disease,2011,33,62,1.854879526,5.0,303.11,23.3291882,86.3672378
West Bengal_Purulia_Acute Diarrhoeal Disease,West Bengal,Purulia,Acute Diarrhoeal Disease,2011,34,64,1.854879526,5.0,303.11,23.3291882,86.3672378
West Bengal_Purulia_Acute Diarrhoeal Disease,West Bengal,Purulia,Acute Diarrhoeal Disease,2011,36,28,0.8900047195,9.0,298.40000000000003,23.3291882,86.3672378
West Bengal_Purulia_Acute Diarrhoeal Disease,West Bengal,Purulia,Acute Diarrhoeal Disease,2011,39,52,1.30074146,14.0,299.46,23.3291882,86.3672378
West Bengal_Purulia_Acute Diarrhoeal Disease,West Bengal,Purulia,Acute Diarrhoeal Disease,2012,28,24,0.764212161,5.0,298.68,23.3291882,86.3672378
West Bengal_Purulia_Acute Diarrhoeal Disease,West Bengal,Purulia,Acute Diarrhoeal Disease,2013,22,22,0.08224998322,6.0,307.69,23.3291882,86.3672378
West Bengal_Purulia_Acute Diarrhoeal Disease,West Bengal,Purulia,Acute Diarrhoeal Disease,2013,27,15,0.4914722661,7.0,300.22,23.3291882,86.3672378
West Bengal_Purulia_Acute Diarrhoeal Disease,West Bengal,Purulia,Acute Diarrhoeal Disease,2013,30,22,0.5696596008,8.0,300.925,23.3291882,86.3672378
West Bengal_Purulia_Acute Diarrhoeal Disease,West Bengal,Purulia,Acute Diarrhoeal Disease,2013,31,34,1.296523229,8.0,300.81,23.3291882,86.3672378
West Bengal_Purulia_Acute Diarrhoeal Disease,West Bengal,Purulia,Acute Diarrhoeal Disease,2013,32,70,0.48651711875,4.0,301.66,23.3291882,86.3672378
West Bengal_Purulia_Acute Diarrhoeal Disease,West Bengal,Purulia,Acute Diarrhoeal Disease,2013,34,19,0.7306844081,9.0,299.74,23.3291882,86.3672378
West Bengal_Purulia_Acute Diarrhoeal Disease,West Bengal,Purulia,Acute Diarrhoeal Disease,2013,35,20,0.4519243719,9.0,301.93,23.3291882,86.3672378
West Bengal_Purulia_Acute Diarrhoeal Disease,West Bengal,Purulia,Acute Diarrhoeal Disease,2013,39,17,0.6655434875,17.0,300.31,23.3291882,86.3672378
West Bengal_Purulia_Acute Diarrhoeal Disease,West Bengal,Purulia,Acute Diarrhoeal Disease,2013,40,77,0.8235038013,8.5,301.5958333,23.3291882,86.3672378
West Bengal_Purulia_Acute Diarrhoeal Disease,West Bengal,Purulia,Acute Diarrhoeal Disease,2013,43,151,0.690832011825,12.75,300.53541665,23.3291882,86.3672378
West Bengal_Purulia_Acute Diarrhoeal Disease,West Bengal,Purulia,Acute Diarrhoeal Disease,2013,46,52,0.004378894008,10.0,300.904,23.3291882,86.3672378
West Bengal_Purulia_Acute Diarrhoeal Disease,West Bengal,Purulia,Acute Diarrhoeal Disease,2013,49,33,8.67e-05,8.0,298.66,23.3291882,86.3672378
West Bengal_Purulia_Acute Diarrhoeal Disease,West Bengal,Purulia,Acute Diarrhoeal Disease,2014,13,85,0.04697146231,7.0,306.6266666,23.3291882,86.3672378
West Bengal_Purulia_Acute Diarrhoeal Disease,West Bengal,Purulia,Acute Diarrhoeal Disease,2014,36,37,0.4035063195,15.0,300.0733334,23.3291882,86.3672378
West Bengal_Purulia_Acute Diarrhoeal Disease,West Bengal,Purulia,Acute Diarrhoeal Disease,2015,29,23,0.09194151813,8.0,310.98,23.3291882,86.3672378
West Bengal_Purulia_Acute Diarrhoeal Disease,West Bengal,Purulia,Acute Diarrhoeal Disease,2016,1,19,1.74e-06,4.0,298.148,23.3291882,86.3672378
West Bengal_Purulia_Acute Diarrhoeal Disease,West Bengal,Purulia,Acute Diarrhoeal Disease,2016,27,77,0.67903535925,7.0,302.8,23.3291882,86.3672378
West Bengal_Purulia_Acute Diarrhoeal Disease,West Bengal,Purulia,Acute Diarrhoeal Disease,2016,28,60,0.6654739616,5.0,303.11,23.3291882,86.3672378
West Bengal_Purulia_Acute Diarrhoeal Disease,West Bengal,Purulia,Acute Diarrhoeal Disease,2016,29,35,0.6942979479,6.0,303.11,23.3291882,86.3672378
West Bengal_Purulia_Acute Diarrhoeal Disease,West Bengal,Purulia,Acute Diarrhoeal Disease,2016,30,126,0.6037825320666667,6.666666666666667,303.00666666666666,23.3291882,86.3672378
West Bengal_Purulia_Acute Diarrhoeal Disease,West Bengal,Purulia,Acute Diarrhoeal Disease,2016,33,139,1.170137742,13.0,300.02,23.3291882,86.3672378
West Bengal_Purulia_Acute Diarrhoeal Disease,West Bengal,Purulia,Acute Diarrhoeal Disease,2016,34,58,1.071039828,13.0,301.0266666,23.3291882,86.3672378
West Bengal_Purulia_Acute Diarrhoeal Disease,West Bengal,Purulia,Acute Diarrhoeal Disease,2016,37,58,1.071039828,13.0,301.0266666,23.3291882,86.3672378
West Bengal_Purulia_Acute Diarrhoeal Disease,West Bengal,Purulia,Acute Diarrhoeal Disease,2017,31,115,1.356479216,1.0,303.11,23.3291882,86.3672378
West Bengal_Purulia_Acute Diarrhoeal Disease,West Bengal,Purulia,Acute Diarrhoeal Disease,2018,16,41,0.05383492333,7.0,308.30666659999997,23.3291882,86.3672378
West Bengal_Purulia_Acute Diarrhoeal Disease,West Bengal,Purulia,Acute Diarrhoeal Disease,2018,17,42,0.007967330407,9.0,310.40000000000003,23.3291882,86.3672378
West Bengal_Purulia_Acute Diarrhoeal Disease,West Bengal,Purulia,Acute Diarrhoeal Disease,2018,31,57,0.6247734298,4.0,303.11,23.3291882,86.3672378
West Bengal_Purulia_Acute Diarrhoeal Disease,West Bengal,Purulia,Acute Diarrhoeal Disease,2019,24,25,0.130734667,9.0,309.42,23.3291882,86.3672378
West Bengal_Purulia_Acute Diarrhoeal Disease,West Bengal,Purulia,Acute Diarrhoeal Disease,2019,33,35,0.5817800031,7.0,302.21,23.3291882,86.3672378
West Bengal_Purulia_Acute Diarrhoeal Disease,West Bengal,Purulia,Acute Diarrhoeal Disease,2019,42,30,0.4544244418,20.0,301.0,23.3291882,86.3672378
West Bengal_Purulia_Acute Diarrhoeal Disease,West Bengal,Purulia,Acute Diarrhoeal Disease,2020,9,68,0.1675449555,6.0,299.18,23.3291882,86.3672378
West Bengal_Purulia_Acute Diarrhoeal Disease,West Bengal,Purulia,Acute Diarrhoeal Disease,2021,6,25,0.02399720849,4.0,299.0,23.3291882,86.3672378
West Bengal_Purulia_Acute Diarrhoeal Disease,West Bengal,Purulia,Acute Diarrhoeal Disease,2021,26,37,0.4780475287,9.0,303.11,23.3291882,86.3672378
West Bengal_Purulia_Acute Diarrhoeal Disease,West Bengal,Purulia,Acute Diarrhoeal Disease,2021,31,22,0.6639760347,8.0,303.11,23.3291882,86.3672378
West Bengal_Purulia_Acute Diarrhoeal Disease,West Bengal,Purulia,Acute Diarrhoeal Disease,2021,44,25,0.0103289685,14.0,300.77,23.3291882,86.3672378
West Bengal_Purulia_Cholera,West Bengal,Purulia,Cholera,2013,7,195,0.0005306157107,5.0,293.28400000000005,23.3291882,86.3672378
West Bengal_Purulia_Cholera,West Bengal,Purulia,Cholera,2013,19,60,0.001065052594,9.0,314.59000000000003,23.3291882,86.3672378
West Bengal_Purulia_Cholera,West Bengal,Purulia,Cholera,2013,30,21,0.5696596008,8.0,300.925,23.3291882,86.3672378
West Bengal_Purulia_Cholera,West Bengal,Purulia,Cholera,2013,32,13,1.288167499,8.0,300.39,23.3291882,86.3672378
West Bengal_Purulia_Cholera,West Bengal,Purulia,Cholera,2013,33,97,0.8385677682999999,6.0,301.045,23.3291882,86.3672378
West Bengal_Purulia_Cholera,West Bengal,Purulia,Cholera,2013,38,17,0.6525809511,9.0,303.3333334,23.3291882,86.3672378
West Bengal_Purulia_Cholera,West Bengal,Purulia,Cholera,2013,42,70,0.5606699398,12.0,300.205,23.3291882,86.3672378
West Bengal_Purulia_Cholera,West Bengal,Purulia,Cholera,2013,43,23,0.2595004589,9.0,302.1,23.3291882,86.3672378
West Bengal_Purulia_Cholera,West Bengal,Purulia,Cholera,2013,48,43,6.89e-05,8.0,298.87,23.3291882,86.3672378
West Bengal_Purulia_Cholera,West Bengal,Purulia,Cholera,2014,34,67,1.201280507,8.0,303.11,23.3291882,86.3672378
West Bengal_Purulia_Cholera,West Bengal,Purulia,Cholera,2014,37,71,0.4035063195,15.0,300.0733334,23.3291882,86.3672378
West Bengal_Purulia_Cholera,West Bengal,Purulia,Cholera,2015,39,15,0.7917855506,13.0,300.86,23.3291882,86.3672378
West Bengal_Purulia_Cholera,West Bengal,Purulia,Cholera,2015,49,31,7.87e-05,5.0,303.04,23.3291882,86.3672378
West Bengal_Purulia_Cholera,West Bengal,Purulia,Cholera,2016,21,170,0.2404158461,7.0,307.4841667,23.3291882,86.3672378
West Bengal_Purulia_Cholera,West Bengal,Purulia,Cholera,2016,22,126,0.3849285001,8.0,309.169,23.3291882,86.3672378
West Bengal_Purulia_Cholera,West Bengal,Purulia,Cholera,2016,23,30,0.4138951428,7.0,308.165,23.3291882,86.3672378
West Bengal_Purulia_Cholera,West Bengal,Purulia,Cholera,2016,30,46,0.9064950318,5.0,302.8,23.3291882,86.3672378
West Bengal_Purulia_Cholera,West Bengal,Purulia,Cholera,2019,29,31,0.7925198686,9.0,303.11,23.3291882,86.3672378
West Bengal_Purulia_Cholera,West Bengal,Purulia,Cholera,2021,40,28,2.165862731,20.0,298.64,23.3291882,86.3672378
West Bengal_Purulia_Cholera,West Bengal,Purulia,Cholera,2021,41,22,0.02310090096,21.0,301.0266666,23.3291882,86.3672378
West Bengal_South 24 Parganas_Acute Diarrhoeal Disease,West Bengal,South 24 Parganas,Acute Diarrhoeal Disease,2009,30,112,0.4744473145,9.0,302.75,22.5760669,88.42006758
West Bengal_South 24 Parganas_Acute Diarrhoeal Disease,West Bengal,South 24 Parganas,Acute Diarrhoeal Disease,2009,43,4485,0.7405739352,14.0,299.768,22.5760669,88.42006758
West Bengal_South 24 Parganas_Acute Diarrhoeal Disease,West Bengal,South 24 Parganas,Acute Diarrhoeal Disease,2010,38,78,0.5877028879,14.0,299.236,22.5760669,88.42006758
West Bengal_South 24 Parganas_Acute Diarrhoeal Disease,West Bengal,South 24 Parganas,Acute Diarrhoeal Disease,2011,1,25,0.006126871217,7.0,296.9666666,22.5760669,88.42006758
West Bengal_South 24 Parganas_Acute Diarrhoeal Disease,West Bengal,South 24 Parganas,Acute Diarrhoeal Disease,2011,18,21,0.5945047607,12.0,304.392,22.5760669,88.42006758
West Bengal_South 24 Parganas_Acute Diarrhoeal Disease,West Bengal,South 24 Parganas,Acute Diarrhoeal Disease,2011,51,23,0.006126871217,7.0,296.9666666,22.5760669,88.42006758
West Bengal_South 24 Parganas_Acute Diarrhoeal Disease,West Bengal,South 24 Parganas,Acute Diarrhoeal Disease,2013,23,23,0.3353474664,15.0,300.92,22.5760669,88.42006758
West Bengal_South 24 Parganas_Acute Diarrhoeal Disease,West Bengal,South 24 Parganas,Acute Diarrhoeal Disease,2013,25,36,0.4124176147,15.0,301.90000000000003,22.5760669,88.42006758
West Bengal_South 24 Parganas_Acute Diarrhoeal Disease,West Bengal,South 24 Parganas,Acute Diarrhoeal Disease,2014,30,135,0.6341921291,6.5,303.11,22.5760669,88.42006758
West Bengal_South 24 Parganas_Acute Diarrhoeal Disease,West Bengal,South 24 Parganas,Acute Diarrhoeal Disease,2014,31,70,0.8318602592,9.0,287.08,22.5760669,88.42006758
West Bengal_South 24 Parganas_Acute Diarrhoeal Disease,West Bengal,South 24 Parganas,Acute Diarrhoeal Disease,2014,34,183,0.71178359995,6.5,295.095,22.5760669,88.42006758
West Bengal_South 24 Parganas_Acute Diarrhoeal Disease,West Bengal,South 24 Parganas,Acute Diarrhoeal Disease,2015,22,18,0.01330339936,10.0,305.052,22.5760669,88.42006758
West Bengal_South 24 Parganas_Acute Diarrhoeal Disease,West Bengal,South 24 Parganas,Acute Diarrhoeal Disease,2015,31,19,1.642966621,9.0,303.11,22.5760669,88.42006758
West Bengal_South 24 Parganas_Acute Diarrhoeal Disease,West Bengal,South 24 Parganas,Acute Diarrhoeal Disease,2015,33,575,0.2034110575,9.0,300.59000000000003,22.5760669,88.42006758
West Bengal_South 24 Parganas_Acute Diarrhoeal Disease,West Bengal,South 24 Parganas,Acute Diarrhoeal Disease,2015,36,15,0.7592146024,5.0,303.11,22.5760669,88.42006758
West Bengal_South 24 Parganas_Acute Diarrhoeal Disease,West Bengal,South 24 Parganas,Acute Diarrhoeal Disease,2016,7,39,0.02198617318,9.0,301.6533334,22.5760669,88.42006758
West Bengal_South 24 Parganas_Acute Diarrhoeal Disease,West Bengal,South 24 Parganas,Acute Diarrhoeal Disease,2016,18,192,0.1914645192,11.0,307.26766670000006,22.5760669,88.42006758
West Bengal_South 24 Parganas_Acute Diarrhoeal Disease,West Bengal,South 24 Parganas,Acute Diarrhoeal Disease,2016,19,115,0.20897949003333335,11.0,306.30377780000003,22.5760669,88.42006758
West Bengal_South 24 Parganas_Acute Diarrhoeal Disease,West Bengal,South 24 Parganas,Acute Diarrhoeal Disease,2016,20,61,0.2270776654,11.0,307.09200000000004,22.5760669,88.42006758
West Bengal_South 24 Parganas_Acute Diarrhoeal Disease,West Bengal,South 24 Parganas,Acute Diarrhoeal Disease,2016,21,19,1.207549647,8.0,302.65000000000003,22.5760669,88.42006758
West Bengal_South 24 Parganas_Acute Diarrhoeal Disease,West Bengal,South 24 Parganas,Acute Diarrhoeal Disease,2016,22,19,1.207549647,8.0,302.65000000000003,22.5760669,88.42006758
West Bengal_South 24 Parganas_Acute Diarrhoeal Disease,West Bengal,South 24 Parganas,Acute Diarrhoeal Disease,2016,34,79,1.476226079,9.0,300.7266666,22.5760669,88.42006758
West Bengal_South 24 Parganas_Acute Diarrhoeal Disease,West Bengal,South 24 Parganas,Acute Diarrhoeal Disease,2016,36,157,0.4305632851,13.0,297.43333340000004,22.5760669,88.42006758
West Bengal_South 24 Parganas_Acute Diarrhoeal Disease,West Bengal,South 24 Parganas,Acute Diarrhoeal Disease,2019,40,59,0.2094489234,19.0,302.6666666,22.5760669,88.42006758
West Bengal_South 24 Parganas_Acute Diarrhoeal Disease,West Bengal,South 24 Parganas,Acute Diarrhoeal Disease,2021,11,122,0.001902199772,8.0,304.2066666,22.5760669,88.42006758
West Bengal_South 24 Parganas_Acute Diarrhoeal Disease,West Bengal,South 24 Parganas,Acute Diarrhoeal Disease,2021,12,89,0.0102162131178,10.0,304.5016667,22.5760669,88.42006758
West Bengal_South 24 Parganas_Acute Diarrhoeal Disease,West Bengal,South 24 Parganas,Acute Diarrhoeal Disease,2021,15,175,0.022173032215,10.0,305.85,22.5760669,88.42006758
West Bengal_South 24 Parganas_Acute Diarrhoeal Disease,West Bengal,South 24 Parganas,Acute Diarrhoeal Disease,2021,16,146,0.06447265222,12.0,306.84000000000003,22.5760669,88.42006758
West Bengal_South 24 Parganas_Acute Diarrhoeal Disease,West Bengal,South 24 Parganas,Acute Diarrhoeal Disease,2021,31,51,0.518780131,9.0,301.89,22.5760669,88.42006758
West Bengal_South 24 Parganas_Acute Diarrhoeal Disease,West Bengal,South 24 Parganas,Acute Diarrhoeal Disease,2022,9,21,0.1333235523,10.0,299.22,22.5760669,88.42006758
West Bengal_South 24 Parganas_Acute Diarrhoeal Disease,West Bengal,South 24 Parganas,Acute Diarrhoeal Disease,2022,16,71,0.001930660318,10.0,304.93333340000004,22.5760669,88.42006758
West Bengal_West Medinipur_Acute Diarrhoeal Disease,West Bengal,West Medinipur,Acute Diarrhoeal Disease,2010,18,13,0.04071258185,7.0,305.7133334,22.2788943,87.92227864
West Bengal_West Medinipur_Acute Diarrhoeal Disease,West Bengal,West Medinipur,Acute Diarrhoeal Disease,2012,29,65,0.6640967487,16.0,301.90000000000003,22.2788943,87.92227864
West Bengal_West Medinipur_Acute Diarrhoeal Disease,West Bengal,West Medinipur,Acute Diarrhoeal Disease,2013,32,59,2.50305217,6.0,303.11,22.2788943,87.92227864
West Bengal_West Medinipur_Acute Diarrhoeal Disease,West Bengal,West Medinipur,Acute Diarrhoeal Disease,2013,42,264,1.1478248806666667,22.0,301.30333333333334,22.2788943,87.92227864
West Bengal_West Medinipur_Acute Diarrhoeal Disease,West Bengal,West Medinipur,Acute Diarrhoeal Disease,2013,52,39,0.002176742252,6.0,296.808,22.2788943,87.92227864
West Bengal_West Medinipur_Acute Diarrhoeal Disease,West Bengal,West Medinipur,Acute Diarrhoeal Disease,2014,1,145,6.3e-05,6.0,296.165,22.2788943,87.92227864
West Bengal_West Medinipur_Acute Diarrhoeal Disease,West Bengal,West Medinipur,Acute Diarrhoeal Disease,2014,30,81,0.4235504912,3.0,303.11,22.2788943,87.92227864
West Bengal_West Medinipur_Acute Diarrhoeal Disease,West Bengal,West Medinipur,Acute Diarrhoeal Disease,2014,31,112,0.4479448024,4.0,303.11,22.2788943,87.92227864
West Bengal_West Medinipur_Acute Diarrhoeal Disease,West Bengal,West Medinipur,Acute Diarrhoeal Disease,2018,22,43,0.151667724,9.0,304.16,22.2788943,87.92227864
West Bengal_West Medinipur_Acute Diarrhoeal Disease,West Bengal,West Medinipur,Acute Diarrhoeal Disease,2019,35,47,0.4316577618,5.0,302.62,22.2788943,87.92227864
